source1_entity_id	candidate_entity_id	candidate_source	blocker_sources	num_blockers	name_score	address_score	country_match
S1-406655545	S2-655646195	S2	fuzzy_name_address	1	1.0	0.95	True
S1-652331096	S3-280025695	S3	fuzzy_name_address	1	1.0	0.9230769230769231	True
S1-886116894	S2-829032856	S2	fuzzy_name_address	1	1.0	0.9178082191780822	True
S1-705139382	S2-200158944	S2	fuzzy_name_address	1	1.0	0.9166666666666666	True
S1-148958598	S3-442959179	S3	fuzzy_name_address	1	1.0	0.9090909090909091	True
S1-479239049	S2-433659051	S2	fuzzy_name_address	1	1.0	0.9076923076923077	True
S1-298951977	S2-352426870	S2	fuzzy_name_address	1	1.0	0.896551724137931	True
S1-718976444	S2-746094731	S2	fuzzy_name_address	1	1.0	0.8857142857142857	True
S1-657091961	S2-347752194	S2	fuzzy_name_address	1	1.0	0.8695652173913043	True
S1-305440895	S2-793023011	S2	fuzzy_name_address	1	1.0	0.8679245283018868	True
S1-285739773	S2-480760116	S2	fuzzy_name_address	1	1.0	0.8571428571428571	True
S1-140279129	S2-917152507	S2	fuzzy_name_address	1	1.0	0.8548387096774194	True
S1-258353664	S2-454076205	S2	fuzzy_name_address	1	1.0	0.8533333333333334	True
S1-878632015	S2-425504920	S2	fuzzy_name_address	1	1.0	0.8507462686567164	True
S1-702336597	S3-115837750	S3	fuzzy_name_address	1	1.0	0.8478260869565217	True
S1-913301865	S2-501080638	S2	fuzzy_name_address	1	1.0	0.835820895522388	True
S1-8000604	S3-398732743	S3	fuzzy_name_address	1	1.0	0.8301886792452831	True
S1-114864723	S2-883382236	S2	fuzzy_name_address	1	1.0	0.8275862068965517	True
S1-545370440	S2-551808572	S2	fuzzy_name_address	1	1.0	0.8235294117647058	True
S1-623261026	S2-987930016	S2	fuzzy_name_address	1	1.0	0.8214285714285714	True
S1-530687623	S3-590996965	S3	fuzzy_name_address	1	1.0	0.8214285714285714	True
S1-487154804	S2-219821920	S2	fuzzy_name_address	1	1.0	0.8181818181818182	True
S1-703201622	S2-21169616	S2	fuzzy_name_address	1	1.0	0.8181818181818182	True
S1-854288036	S3-647368548	S3	fuzzy_name_address	1	1.0	0.8125	True
S1-594141325	S2-705279315	S2	fuzzy_name_address	1	1.0	0.8125	True
S1-975769032	S2-484295141	S2	fuzzy_name_address	1	1.0	0.8076923076923077	True
S1-401850061	S2-678112514	S2	fuzzy_name_address	1	1.0	0.8076923076923077	True
S1-98910320	S2-970297571	S2	fuzzy_name_address	1	1.0	0.8064516129032258	True
S1-414883860	S3-309495919	S3	fuzzy_name_address	1	1.0	0.8048780487804879	True
S1-21590818	S2-434665723	S2	fuzzy_name_address	1	1.0	0.8	True
S1-802078075	S2-716015925	S2	fuzzy_name_address	1	1.0	0.8	True
S1-783021266	S3-530494268	S3	fuzzy_name_address	1	1.0	0.7972972972972973	True
S1-908551239	S2-578201227	S2	fuzzy_name_address	1	1.0	0.7959183673469388	True
S1-569100881	S3-433648441	S3	fuzzy_name_address	1	1.0	0.7951807228915663	True
S1-858093716	S2-652459691	S2	fuzzy_name_address	1	1.0	0.7916666666666666	True
S1-609323033	S2-751582033	S2	fuzzy_name_address	1	1.0	0.7916666666666666	True
S1-367749530	S2-412030932	S2	fuzzy_name_address	1	1.0	0.7887323943661971	True
S1-378245327	S2-612759341	S2	fuzzy_name_address	1	1.0	0.782608695652174	True
S1-900945148	S3-736977681	S3	fuzzy_name_address	1	1.0	0.7777777777777778	True
S1-902552291	S3-666307285	S3	fuzzy_name_address	1	1.0	0.7755102040816326	True
S1-787617931	S2-863761700	S2	fuzzy_name_address	1	1.0	0.7727272727272727	True
S1-400092918	S3-190295932	S3	fuzzy_name_address	1	1.0	0.7708333333333334	True
S1-119171444	S2-45063978	S2	fuzzy_name_address	1	1.0	0.7692307692307693	True
S1-495565221	S2-192139561	S2	fuzzy_name_address	1	1.0	0.7678571428571429	True
S1-635491453	S2-896610416	S2	fuzzy_name_address	1	1.0	0.7666666666666667	True
S1-971115873	S3-882368365	S3	fuzzy_name_address	1	1.0	0.7619047619047619	True
S1-981091224	S2-796586180	S2	fuzzy_name_address	1	1.0	0.76	True
S1-424170762	S2-959040487	S2	fuzzy_name_address	1	1.0	0.76	True
S1-515548222	S2-198927444	S2	fuzzy_name_address	1	1.0	0.75	True
S1-395950954	S2-879242956	S2	fuzzy_name_address	1	1.0	0.75	True
S1-432139268	S2-212736826	S2	fuzzy_name_address	1	1.0	0.75	True
S1-492793391	S2-894940539	S2	fuzzy_name_address	1	1.0	0.7464788732394366	True
S1-330281696	S3-939469736	S3	fuzzy_name_address	1	1.0	0.7391304347826086	True
S1-520992658	S2-243949421	S2	fuzzy_name_address	1	1.0	0.7368421052631579	True
S1-332410345	S2-85568547	S2	fuzzy_name_address	1	1.0	0.7321428571428571	True
S1-985181624	S3-51577933	S3	fuzzy_name_address	1	1.0	0.7209302325581395	True
S1-677741106	S2-745716915	S2	fuzzy_name_address	1	1.0	0.7205882352941176	True
S1-878053360	S2-804320116	S2	fuzzy_name_address	1	1.0	0.7142857142857143	True
S1-235913521	S2-808406582	S2	fuzzy_name_address	1	1.0	0.7142857142857143	True
S1-131053132	S2-401371824	S2	fuzzy_name_address	1	1.0	0.7142857142857143	True
S1-698954473	S3-386756595	S3	fuzzy_name_address	1	1.0	0.7096774193548387	True
S1-761286259	S2-962052600	S2	fuzzy_name_address	1	1.0	0.7058823529411765	True
S1-332410345	S3-147549265	S3	fuzzy_name_address	1	1.0	0.703125	True
S1-323747485	S2-750935570	S2	fuzzy_name_address	1	1.0	0.6923076923076923	True
S1-942011133	S3-458084180	S3	fuzzy_name_address	1	1.0	0.6909090909090909	True
S1-865131206	S3-567734078	S3	fuzzy_name_address	1	1.0	0.6857142857142857	True
S1-104218993	S3-160326735	S3	fuzzy_name_address	1	1.0	0.68	True
S1-836401682	S2-809341928	S2	fuzzy_name_address	1	1.0	0.6774193548387096	True
S1-140574806	S2-735906431	S2	fuzzy_name_address	1	1.0	0.6764705882352942	True
S1-537121104	S3-257356142	S3	fuzzy_name_address	1	1.0	0.6666666666666666	True
S1-189218186	S2-940586364	S2	fuzzy_name_address	1	1.0	0.6666666666666666	True
S1-90128015	S2-682521929	S2	fuzzy_name_address	1	1.0	0.6530612244897959	True
S1-803590345	S2-300720438	S2	fuzzy_name_address	1	1.0	0.6470588235294118	True
S1-328371553	S3-484859365	S3	fuzzy_name_address	1	1.0	0.6428571428571429	True
S1-748243940	S3-817734159	S3	fuzzy_name_address	1	1.0	0.6388888888888888	True
S1-831133424	S3-464115887	S3	fuzzy_name_address	1	1.0	0.6363636363636364	True
S1-748364403	S3-949424666	S3	fuzzy_name_address	1	1.0	0.6341463414634146	True
S1-906281937	S2-232038324	S2	fuzzy_name_address	1	1.0	0.631578947368421	True
S1-81981566	S2-186013921	S2	fuzzy_name_address	1	1.0	0.6290322580645161	True
S1-399242844	S3-987244850	S3	fuzzy_name_address	1	1.0	0.6233766233766234	True
S1-892577020	S2-374058392	S2	fuzzy_name_address	1	1.0	0.6190476190476191	True
S1-602775749	S3-174000230	S3	fuzzy_name_address	1	1.0	0.6176470588235294	True
S1-850758454	S3-996140533	S3	fuzzy_name_address	1	1.0	0.6140350877192983	True
S1-826696794	S2-80713408	S2	fuzzy_name_address	1	1.0	0.6129032258064516	True
S1-617760637	S2-105579935	S2	fuzzy_name_address	1	1.0	0.6111111111111112	True
S1-62395269	S3-328592163	S3	fuzzy_name_address	1	1.0	0.6111111111111112	True
S1-979860618	S2-142471392	S2	fuzzy_name_address	1	1.0	0.6086956521739131	True
S1-979860618	S2-61550131	S2	fuzzy_name_address	1	1.0	0.6086956521739131	True
S1-899464369	S3-405039222	S3	fuzzy_name_address	1	1.0	0.6078431372549019	True
S1-233584777	S3-843155622	S3	fuzzy_name_address	1	1.0	0.6060606060606061	True
S1-89093509	S2-778006451	S2	fuzzy_name_address	1	1.0	0.6052631578947368	True
S1-414883860	S2-980793070	S2	fuzzy_name_address	1	1.0	0.6	True
S1-299278979	S3-725205683	S3	fuzzy_name_address	1	1.0	0.6	True
S1-993357110	S2-174666741	S2	fuzzy_name_address	1	1.0	0.59375	True
S1-820630138	S2-167720603	S2	fuzzy_name_address	1	1.0	0.59375	True
S1-140882270	S2-626455595	S2	fuzzy_name_address	1	1.0	0.5925925925925926	True
S1-375348297	S2-855128795	S2	fuzzy_name_address	1	1.0	0.5806451612903226	True
S1-244476321	S3-50199810	S3	fuzzy_name_address	1	1.0	0.5789473684210527	True
S1-356020591	S3-322334586	S3	fuzzy_name_address	1	1.0	0.5757575757575758	True
S1-323747485	S3-813632557	S3	fuzzy_name_address	1	1.0	0.5757575757575758	True
S1-328371553	S3-161420635	S3	fuzzy_name_address	1	1.0	0.5747126436781609	True
S1-379692908	S2-981502709	S2	fuzzy_name_address	1	1.0	0.5714285714285714	True
S1-926018314	S3-840580350	S3	fuzzy_name_address	1	1.0	0.5714285714285714	True
S1-888167789	S3-142287157	S3	fuzzy_name_address	1	1.0	0.5714285714285714	True
S1-418423816	S2-102566911	S2	fuzzy_name_address	1	1.0	0.5681818181818182	True
S1-63266922	S2-702144243	S2	fuzzy_name_address	1	1.0	0.5652173913043478	True
S1-381957415	S3-538767270	S3	fuzzy_name_address	1	1.0	0.5645161290322581	True
S1-898355913	S3-215068694	S3	fuzzy_name_address	1	1.0	0.5641025641025641	True
S1-119279828	S2-433770961	S2	fuzzy_name_address	1	1.0	0.5625	True
S1-520813789	S2-268825148	S2	fuzzy_name_address	1	1.0	0.5614035087719298	True
S1-25587016	S3-367315127	S3	fuzzy_name_address	1	1.0	0.5609756097560976	True
S1-323747485	S2-397480366	S2	fuzzy_name_address	1	1.0	0.56	True
S1-380839864	S2-175709313	S2	fuzzy_name_address	1	1.0	0.5555555555555556	True
S1-629417405	S3-786131946	S3	fuzzy_name_address	1	1.0	0.5526315789473685	True
S1-181290919	S3-323400553	S3	fuzzy_name_address	1	1.0	0.5526315789473685	True
S1-298019640	S3-949494322	S3	fuzzy_name_address	1	1.0	0.5526315789473685	True
S1-116081375	S2-588434156	S2	fuzzy_name_address	1	1.0	0.5526315789473685	True
S1-735419931	S3-69204812	S3	fuzzy_name_address	1	1.0	0.5517241379310345	True
S1-928237806	S2-105966198	S2	fuzzy_name_address	1	1.0	0.5517241379310345	True
S1-732503665	S2-350872345	S2	fuzzy_name_address	1	1.0	0.5517241379310345	True
S1-940115232	S3-774677895	S3	fuzzy_name_address	1	1.0	0.5454545454545454	True
S1-823023497	S2-274803263	S2	fuzzy_name_address	1	1.0	0.5384615384615384	True
S1-224323971	S2-337766127	S2	fuzzy_name_address	1	1.0	0.5365853658536586	True
S1-328105321	S3-254879638	S3	fuzzy_name_address	1	1.0	0.5319148936170213	True
S1-167577766	S3-784021147	S3	fuzzy_name_address	1	1.0	0.5319148936170213	True
S1-432962984	S2-677326475	S2	fuzzy_name_address	1	1.0	0.5185185185185185	True
S1-430604402	S3-517568875	S3	fuzzy_name_address	1	1.0	0.5185185185185185	True
S1-208973592	S3-645496810	S3	fuzzy_name_address	1	1.0	0.5142857142857142	True
S1-27002930	S3-228966019	S3	fuzzy_name_address	1	1.0	0.5102040816326531	True
S1-983652708	S3-958817857	S3	fuzzy_name_address	1	1.0	0.5	True
S1-981091224	S3-258700465	S3	fuzzy_name_address	1	1.0	0.5	True
S1-766893478	S2-657337240	S2	fuzzy_name_address	1	1.0	0.4888888888888889	True
S1-617582034	S3-604241953	S3	fuzzy_name_address	1	1.0	0.4878048780487805	True
S1-749675254	S2-289217751	S2	fuzzy_name_address	1	1.0	0.48717948717948717	True
S1-631840437	S2-816744528	S2	fuzzy_name_address	1	1.0	0.48717948717948717	True
S1-177375169	S2-784656974	S2	fuzzy_name_address	1	1.0	0.48717948717948717	True
S1-15005997	S3-232851522	S3	fuzzy_name_address	1	1.0	0.4864864864864865	True
S1-846870843	S3-629246701	S3	fuzzy_name_address	1	1.0	0.475	True
S1-27158214	S3-997723209	S3	fuzzy_name_address	1	1.0	0.4666666666666667	True
S1-514155563	S2-556405995	S2	fuzzy_name_address	1	1.0	0.46511627906976744	True
S1-915189817	S3-952992110	S3	fuzzy_name_address	1	1.0	0.4642857142857143	True
S1-657091961	S2-463768264	S2	fuzzy_name_address	1	1.0	0.4642857142857143	True
S1-748364403	S3-355553997	S3	fuzzy_name_address	1	1.0	0.4634146341463415	True
S1-299742816	S3-822856606	S3	fuzzy_name_address	1	1.0	0.46	True
S1-541300902	S2-51575988	S2	fuzzy_name_address	1	1.0	0.4583333333333333	True
S1-354705482	S3-686576547	S3	fuzzy_name_address	1	1.0	0.4583333333333333	True
S1-191451677	S3-888236907	S3	fuzzy_name_address	1	1.0	0.45454545454545453	True
S1-122492157	S3-128805477	S3	fuzzy_name_address	1	1.0	0.45161290322580644	True
S1-617582034	S2-836407883	S2	fuzzy_name_address	1	1.0	0.4482758620689655	True
S1-106691524	S3-969906564	S3	fuzzy_name_address	1	1.0	0.44680851063829785	True
S1-2092817	S3-120315989	S3	fuzzy_name_address	1	1.0	0.4411764705882353	True
S1-402902918	S2-83701827	S2	fuzzy_name_address	1	1.0	0.4375	True
S1-473606105	S2-912072471	S2	fuzzy_name_address	1	1.0	0.4318181818181818	True
S1-119279828	S3-813029909	S3	fuzzy_name_address	1	1.0	0.4318181818181818	True
S1-514155563	S3-229519117	S3	fuzzy_name_address	1	1.0	0.4307692307692308	True
S1-514155563	S3-54908638	S3	fuzzy_name_address	1	1.0	0.4307692307692308	True
S1-176550551	S3-183577431	S3	fuzzy_name_address	1	1.0	0.42857142857142855	True
S1-509723568	S2-700137150	S2	fuzzy_name_address	1	1.0	0.42105263157894735	True
S1-823023497	S3-624803702	S3	fuzzy_name_address	1	1.0	0.4166666666666667	True
S1-512634625	S3-777624715	S3	fuzzy_name_address	1	1.0	0.4074074074074074	True
S1-122618676	S3-638630155	S3	fuzzy_name_address	1	1.0	0.40425531914893614	True
S1-56835737	S3-523027777	S3	fuzzy_name_address	1	1.0	0.4	True
S1-375348297	S3-694660532	S3	fuzzy_name_address	1	1.0	0.375	True
S1-900882482	S3-198311832	S3	fuzzy_name_address	1	1.0	0.36363636363636365	True
S1-554328643	S2-630903155	S2	fuzzy_name_address	1	1.0	0.35714285714285715	True
S1-974991176	S3-932406727	S3	fuzzy_name_address	1	1.0	0.3548387096774194	True
S1-544301808	S3-188100337	S3	fuzzy_name_address	1	1.0	0.3333333333333333	True
S1-409256428	S3-503380310	S3	fuzzy_name_address	1	1.0	0.31666666666666665	True
S1-873852360	S3-694712705	S3	fuzzy_name_address	1	1.0	0.31666666666666665	True
S1-49535321	S2-525405643	S2	fuzzy_name_address	1	1.0	0.3076923076923077	True
S1-356020591	S3-915599795	S3	fuzzy_name_address	1	1.0	0.2972972972972973	True
S1-177943533	S3-135826486	S3	fuzzy_name_address	1	1.0	0.2972972972972973	True
S1-506296494	S3-162225999	S3	fuzzy_name_address	1	1.0	0.2926829268292683	True
S1-881005414	S2-522626256	S2	fuzzy_name_address	1	1.0	0.2903225806451613	True
S1-512080827	S2-37397311	S2	fuzzy_name_address	1	1.0	0.2755102040816326	True
S1-897226407	S3-568003253	S3	fuzzy_name_address	1	1.0	0.27450980392156865	True
S1-378245327	S3-16419007	S3	fuzzy_name_address	1	1.0	0.2682926829268293	True
S1-566183725	S3-401413843	S3	fuzzy_name_address	1	1.0	0.26666666666666666	True
S1-447452795	S3-366674728	S3	fuzzy_name_address	1	1.0	0.24444444444444444	True
S1-90128015	S3-989736227	S3	fuzzy_name_address	1	1.0	0.21739130434782608	True
S1-506296494	S3-260394381	S3	fuzzy_name_address	1	1.0	0.21428571428571427	True
S1-170960991	S3-508229742	S3	fuzzy_name_address	1	1.0	0.2112676056338028	True
S1-979860618	S3-57918248	S3	fuzzy_name_address	1	1.0	0.2	True
S1-705632806	S3-436055408	S3	fuzzy_name_address	1	1.0	0.1875	True
S1-252242682	S2-456524607	S2	fuzzy_name_address	1	1.0	0.15384615384615385	True
S1-238331147	S3-727417613	S3	fuzzy_name_address	1	1.0	0.1134020618556701	True
S1-681392030	S3-340243016	S3	fuzzy_name_address	1	1.0	0.09523809523809523	True
S1-463548524	S3-772586861	S3	fuzzy_name_address	1	1.0	0.0	True
S1-476022166	S3-128810427	S3	fuzzy_name_address	1	1.0	0.0	True
S1-453223583	S2-859167627	S2	fuzzy_name_address	1	1.0	0.0	True
S1-948768038	S3-551969084	S3	fuzzy_name_address	1	1.0	0.0	True
S1-154383438	S2-932086032	S2	fuzzy_name_address	1	1.0	0.0	True
S1-131053132	S2-545087735	S2	fuzzy_name_address	1	1.0	0.0	True
S1-501989527	S2-444690894	S2	fuzzy_name_address	1	1.0	0.0	True
S1-398084502	S2-232703130	S2	fuzzy_name_address	1	1.0	0.0	True
S1-549730361	S3-431626920	S3	fuzzy_name_address	1	1.0	0.0	True
S1-17779586	S2-714942956	S2	fuzzy_name_address	1	1.0	0.0	True
S1-965040695	S3-636680419	S3	fuzzy_name_address	1	1.0	0.0	True
S1-213642432	S3-980864339	S3	fuzzy_name_address	1	0.9642857142857143	0.7777777777777778	True
S1-706591875	S2-811072158	S2	fuzzy_name_address	1	0.96	0.39473684210526316	True
S1-708796012	S2-994438467	S2	fuzzy_name_address	1	0.95	0.7804878048780488	True
S1-645713459	S2-573195841	S2	fuzzy_name_address	1	0.9487179487179487	0.7241379310344828	True
S1-522840559	S3-696703583	S3	fuzzy_name_address	1	0.9473684210526315	0.2903225806451613	True
S1-617582034	S2-737572841	S2	fuzzy_name_address	1	0.9428571428571428	0.3611111111111111	True
S1-874041790	S2-777944713	S2	fuzzy_name_address	1	0.9393939393939394	0.9230769230769231	True
S1-159677035	S2-421285017	S2	fuzzy_name_address	1	0.9375	0.7692307692307693	True
S1-600079333	S2-327558167	S2	fuzzy_name_address	1	0.9375	0.6	True
S1-168182736	S3-404819021	S3	fuzzy_name_address	1	0.9375	0.5833333333333334	True
S1-96384267	S3-612454592	S3	fuzzy_name_address	1	0.9354838709677419	0.2619047619047619	True
S1-246478198	S3-441780973	S3	fuzzy_name_address	1	0.9310344827586207	0.19117647058823528	True
S1-558262132	S3-190544496	S3	fuzzy_name_address	1	0.9310344827586207	0.18571428571428572	True
S1-426033453	S3-626254589	S3	fuzzy_name_address	1	0.9285714285714286	0.16363636363636364	True
S1-945770627	S2-905400537	S2	fuzzy_name_address	1	0.9259259259259259	0.8181818181818182	True
S1-148958598	S2-197759733	S2	fuzzy_name_address	1	0.9259259259259259	0.4375	True
S1-90032658	S3-749559488	S3	fuzzy_name_address	1	0.9259259259259259	0.11290322580645161	True
S1-947166860	S2-935894318	S2	fuzzy_name_address	1	0.9230769230769231	0.9333333333333333	True
S1-675959550	S2-84417274	S2	fuzzy_name_address	1	0.9230769230769231	0.8448275862068966	True
S1-864658047	S3-851215902	S3	fuzzy_name_address	1	0.9230769230769231	0.7441860465116279	True
S1-761286259	S2-268075828	S2	fuzzy_name_address	1	0.9230769230769231	0.6756756756756757	True
S1-706591875	S2-727699390	S2	fuzzy_name_address	1	0.9230769230769231	0.6363636363636364	True
S1-975769032	S3-286504481	S3	fuzzy_name_address	1	0.92	0.6285714285714286	True
S1-202517222	S2-492267791	S2	fuzzy_name_address	1	0.92	0.37209302325581395	True
S1-130813878	S3-211394534	S3	fuzzy_name_address	1	0.918918918918919	0.5555555555555556	True
S1-302710833	S2-888817530	S2	fuzzy_name_address	1	0.918918918918919	0.38461538461538464	True
S1-627406325	S2-447576344	S2	fuzzy_name_address	1	0.9166666666666666	0.8928571428571429	True
S1-95925372	S2-188174914	S2	fuzzy_name_address	1	0.9166666666666666	0.8055555555555556	True
S1-538020889	S3-141496631	S3	fuzzy_name_address	1	0.9166666666666666	0.746031746031746	True
S1-912947277	S2-144432013	S2	fuzzy_name_address	1	0.9142857142857143	0.6666666666666666	True
S1-88905792	S2-331575983	S2	fuzzy_name_address	1	0.9130434782608695	0.803921568627451	True
S1-126393436	S2-983300543	S2	fuzzy_name_address	1	0.9130434782608695	0.711864406779661	True
S1-722578559	S2-57347922	S2	fuzzy_name_address	1	0.9130434782608695	0.6129032258064516	True
S1-305783479	S2-509660122	S2	fuzzy_name_address	1	0.9130434782608695	0.6060606060606061	True
S1-945650918	S3-478874831	S3	fuzzy_name_address	1	0.9130434782608695	0.5483870967741935	True
S1-350245409	S2-66366568	S2	fuzzy_name_address	1	0.9130434782608695	0.3157894736842105	True
S1-578641214	S3-92912454	S3	fuzzy_name_address	1	0.9130434782608695	0.13924050632911392	True
S1-88905792	S3-664530964	S3	fuzzy_name_address	1	0.9130434782608695	0.0	True
S1-22901106	S3-343167302	S3	fuzzy_name_address	1	0.9117647058823529	0.5217391304347826	True
S1-22901106	S2-59554924	S2	fuzzy_name_address	1	0.9117647058823529	0.3	True
S1-600079333	S3-583639408	S3	fuzzy_name_address	1	0.9090909090909091	0.5757575757575758	True
S1-640578446	S3-9907709	S3	fuzzy_name_address	1	0.9090909090909091	0.4473684210526316	True
S1-941709619	S2-213957619	S2	fuzzy_name_address	1	0.90625	0.8378378378378378	True
S1-453939454	S2-48845776	S2	fuzzy_name_address	1	0.90625	0.8	True
S1-529563044	S2-961130012	S2	fuzzy_name_address	1	0.90625	0.6666666666666666	True
S1-17339733	S3-839985934	S3	fuzzy_name_address	1	0.90625	0.5161290322580645	True
S1-299742816	S3-436122285	S3	fuzzy_name_address	1	0.90625	0.42	True
S1-557975484	S2-137076660	S2	fuzzy_name_address	1	0.9047619047619048	0.8023255813953488	True
S1-791947968	S3-724965051	S3	fuzzy_name_address	1	0.9047619047619048	0.782608695652174	True
S1-566822758	S2-148149407	S2	fuzzy_name_address	1	0.9047619047619048	0.6666666666666666	True
S1-181290919	S2-545510133	S2	fuzzy_name_address	1	0.9047619047619048	0.6129032258064516	True
S1-378164861	S3-796747973	S3	fuzzy_name_address	1	0.9032258064516129	0.7428571428571429	True
S1-162806244	S2-497044313	S2	fuzzy_name_address	1	0.9032258064516129	0.7142857142857143	True
S1-954595905	S2-533572108	S2	fuzzy_name_address	1	0.9032258064516129	0.7	True
S1-942449735	S2-315830123	S2	fuzzy_name_address	1	0.9032258064516129	0.6710526315789473	True
S1-716830359	S2-795817041	S2	fuzzy_name_address	1	0.9032258064516129	0.42424242424242425	True
S1-979509841	S3-563445250	S3	fuzzy_name_address	1	0.9	0.37735849056603776	True
S1-109545202	S2-469876481	S2	fuzzy_name_address	1	0.896551724137931	0.7931034482758621	True
S1-882796400	S2-499412885	S2	fuzzy_name_address	1	0.896551724137931	0.7792207792207793	True
S1-702336597	S2-320256266	S2	fuzzy_name_address	1	0.896551724137931	0.6444444444444445	True
S1-483140947	S2-305690929	S2	fuzzy_name_address	1	0.896551724137931	0.0	True
S1-877882228	S2-966628958	S2	fuzzy_name_address	1	0.8947368421052632	0.45454545454545453	True
S1-960158214	S2-552343324	S2	fuzzy_name_address	1	0.8928571428571429	0.7666666666666667	True
S1-307702274	S2-331471493	S2	fuzzy_name_address	1	0.8888888888888888	0.9117647058823529	True
S1-183760590	S2-574663827	S2	fuzzy_name_address	1	0.8888888888888888	0.8	True
S1-739195544	S2-97351951	S2	fuzzy_name_address	1	0.8888888888888888	0.7916666666666666	True
S1-740254254	S2-263513530	S2	fuzzy_name_address	1	0.8888888888888888	0.7083333333333334	True
S1-756304715	S3-436972106	S3	fuzzy_name_address	1	0.8888888888888888	0.44642857142857145	True
S1-533049965	S3-496765652	S3	fuzzy_name_address	1	0.8857142857142857	0.8266666666666667	True
S1-640578446	S3-714793935	S3	fuzzy_name_address	1	0.8857142857142857	0.4166666666666667	True
S1-241742700	S2-67386347	S2	fuzzy_name_address	1	0.8846153846153846	0.525	True
S1-311486232	S3-821484266	S3	fuzzy_name_address	1	0.8823529411764706	0.6923076923076923	True
S1-590134263	S2-829268163	S2	fuzzy_name_address	1	0.8823529411764706	0.42857142857142855	True
S1-299742816	S3-261323251	S3	fuzzy_name_address	1	0.8823529411764706	0.4	True
S1-589719894	S2-876018544	S2	fuzzy_name_address	1	0.8823529411764706	0.16216216216216217	True
S1-758075760	S2-65752861	S2	fuzzy_name_address	1	0.8823529411764706	0.0	True
S1-487154804	S3-878827913	S3	fuzzy_name_address	1	0.88	0.782608695652174	True
S1-734453985	S2-522999512	S2	fuzzy_name_address	1	0.88	0.631578947368421	True
S1-281356776	S3-79293527	S3	fuzzy_name_address	1	0.88	0.5609756097560976	True
S1-45964697	S3-394779841	S3	fuzzy_name_address	1	0.88	0.45714285714285713	True
S1-682825529	S3-550491138	S3	fuzzy_name_address	1	0.88	0.3488372093023256	True
S1-928870866	S2-205903179	S2	fuzzy_name_address	1	0.8787878787878788	0.0	True
S1-665624518	S2-36565052	S2	fuzzy_name_address	1	0.875	0.9038461538461539	True
S1-439990641	S2-939632998	S2	fuzzy_name_address	1	0.875	0.8285714285714286	True
S1-379692908	S2-851689288	S2	fuzzy_name_address	1	0.875	0.7142857142857143	True
S1-63162461	S2-451314378	S2	fuzzy_name_address	1	0.875	0.6923076923076923	True
S1-163766842	S3-921257239	S3	fuzzy_name_address	1	0.875	0.65625	True
S1-722578559	S3-648299662	S3	fuzzy_name_address	1	0.875	0.6111111111111112	True
S1-350245409	S3-905502276	S3	fuzzy_name_address	1	0.875	0.6046511627906976	True
S1-947431711	S2-405363814	S2	fuzzy_name_address	1	0.875	0.5416666666666666	True
S1-27029362	S3-689563486	S3	fuzzy_name_address	1	0.875	0.38095238095238093	True
S1-41217356	S3-755948561	S3	fuzzy_name_address	1	0.875	0.3076923076923077	True
S1-145829425	S2-215160242	S2	fuzzy_name_address	1	0.875	0.0	True
S1-702336597	S3-540053294	S3	fuzzy_name_address	1	0.8709677419354839	0.8478260869565217	True
S1-702336597	S2-899726138	S2	fuzzy_name_address	1	0.8709677419354839	0.3829787234042553	True
S1-978421811	S3-453096432	S3	fuzzy_name_address	1	0.8695652173913043	0.78125	True
S1-708796012	S2-440628035	S2	fuzzy_name_address	1	0.8695652173913043	0.7804878048780488	True
S1-801645099	S2-306980962	S2	fuzzy_name_address	1	0.8695652173913043	0.75	True
S1-548281154	S2-590056246	S2	fuzzy_name_address	1	0.8695652173913043	0.7419354838709677	True
S1-724291976	S2-757383795	S2	fuzzy_name_address	1	0.8695652173913043	0.7142857142857143	True
S1-772189406	S2-702365338	S2	fuzzy_name_address	1	0.8695652173913043	0.696969696969697	True
S1-724291976	S3-618181395	S3	fuzzy_name_address	1	0.8695652173913043	0.6470588235294118	True
S1-408130216	S2-765510338	S2	fuzzy_name_address	1	0.8695652173913043	0.5588235294117647	True
S1-277391322	S2-836295706	S2	fuzzy_name_address	1	0.8695652173913043	0.46153846153846156	True
S1-108284040	S2-368757495	S2	fuzzy_name_address	1	0.8695652173913043	0.35714285714285715	True
S1-630839433	S3-278300899	S3	fuzzy_name_address	1	0.8695652173913043	0.2903225806451613	True
S1-796967309	S2-157446555	S2	fuzzy_name_address	1	0.8666666666666667	0.7666666666666667	True
S1-917085859	S3-371104942	S3	fuzzy_name_address	1	0.8666666666666667	0.6885245901639344	True
S1-227354877	S2-220127026	S2	fuzzy_name_address	1	0.8666666666666667	0.5555555555555556	True
S1-216179293	S2-135309425	S2	fuzzy_name_address	1	0.8666666666666667	0.5454545454545454	True
S1-511561869	S3-195462157	S3	fuzzy_name_address	1	0.8666666666666667	0.40789473684210525	True
S1-971115873	S2-538042585	S2	fuzzy_name_address	1	0.8636363636363636	0.9411764705882353	True
S1-370715897	S2-146449836	S2	fuzzy_name_address	1	0.8636363636363636	0.75	True
S1-994039959	S2-73994995	S2	fuzzy_name_address	1	0.8636363636363636	0.5641025641025641	True
S1-652302768	S2-693674949	S2	fuzzy_name_address	1	0.8636363636363636	0.5227272727272727	True
S1-251311978	S2-368098041	S2	fuzzy_name_address	1	0.8636363636363636	0.26666666666666666	True
S1-851769617	S3-887912056	S3	fuzzy_name_address	1	0.8636363636363636	0.22641509433962265	True
S1-761585587	S3-72688650	S3	fuzzy_name_address	1	0.8620689655172413	0.28888888888888886	True
S1-369859179	S2-368442166	S2	fuzzy_name_address	1	0.8571428571428571	0.9622641509433962	True
S1-564193651	S2-179194085	S2	fuzzy_name_address	1	0.8571428571428571	0.8	True
S1-956930131	S3-112213518	S3	fuzzy_name_address	1	0.8571428571428571	0.8	True
S1-814475089	S2-72193173	S2	fuzzy_name_address	1	0.8571428571428571	0.7878787878787878	True
S1-369859179	S3-950205392	S3	fuzzy_name_address	1	0.8571428571428571	0.7068965517241379	True
S1-814475089	S3-107435140	S3	fuzzy_name_address	1	0.8571428571428571	0.7027027027027027	True
S1-612217752	S3-944912160	S3	fuzzy_name_address	1	0.8571428571428571	0.6666666666666666	True
S1-814475089	S3-814489031	S3	fuzzy_name_address	1	0.8571428571428571	0.6578947368421053	True
S1-623261026	S3-694852291	S3	fuzzy_name_address	1	0.8571428571428571	0.6363636363636364	True
S1-612138552	S2-644003281	S2	fuzzy_name_address	1	0.8571428571428571	0.5833333333333334	True
S1-82192539	S2-975811115	S2	fuzzy_name_address	1	0.8571428571428571	0.4482758620689655	True
S1-774320076	S2-143676231	S2	fuzzy_name_address	1	0.8571428571428571	0.4358974358974359	True
S1-347171620	S2-570516060	S2	fuzzy_name_address	1	0.8571428571428571	0.0	True
S1-883829621	S3-708888654	S3	fuzzy_name_address	1	0.8571428571428571	0.0	True
S1-641249328	S3-385955002	S3	fuzzy_name_address	1	0.8529411764705882	0.35	True
S1-691890832	S2-272152142	S2	fuzzy_name_address	1	0.8518518518518519	0.7586206896551724	True
S1-372903225	S2-126687988	S2	fuzzy_name_address	1	0.8518518518518519	0.6176470588235294	True
S1-881770296	S3-828639935	S3	fuzzy_name_address	1	0.8518518518518519	0.6176470588235294	True
S1-770749194	S3-173430924	S3	fuzzy_name_address	1	0.8518518518518519	0.36363636363636365	True
S1-216181354	S3-509236611	S3	fuzzy_name_address	1	0.8518518518518519	0.1044776119402985	True
S1-227546659	S2-287223683	S2	fuzzy_name_address	1	0.85	0.9629629629629629	True
S1-227546659	S2-500703675	S2	fuzzy_name_address	1	0.85	0.7857142857142857	True
S1-208167915	S2-818039280	S2	fuzzy_name_address	1	0.85	0.6346153846153846	True
S1-729032305	S2-254981390	S2	fuzzy_name_address	1	0.85	0.5757575757575758	True
S1-823023497	S2-789947086	S2	fuzzy_name_address	1	0.85	0.5416666666666666	True
S1-498738124	S2-603877664	S2	fuzzy_name_address	1	0.85	0.5	True
S1-401836525	S3-230254674	S3	fuzzy_name_address	1	0.85	0.5	True
S1-227546659	S2-546735803	S2	fuzzy_name_address	1	0.85	0.46875	True
S1-387418200	S3-76032683	S3	fuzzy_name_address	1	0.85	0.45	True
S1-823023497	S3-758121487	S3	fuzzy_name_address	1	0.85	0.4166666666666667	True
S1-227546659	S3-862488879	S3	fuzzy_name_address	1	0.85	0.0	True
S1-169008536	S2-875082763	S2	fuzzy_name_address	1	0.8461538461538461	0.8133333333333334	True
S1-694921791	S2-746749646	S2	fuzzy_name_address	1	0.8461538461538461	0.7625	True
S1-170295653	S2-337368978	S2	fuzzy_name_address	1	0.8461538461538461	0.696969696969697	True
S1-607311453	S2-131117201	S2	fuzzy_name_address	1	0.8461538461538461	0.6896551724137931	True
S1-958740646	S2-802979052	S2	fuzzy_name_address	1	0.8461538461538461	0.6666666666666666	True
S1-951871591	S2-259547680	S2	fuzzy_name_address	1	0.8461538461538461	0.6506024096385542	True
S1-41217356	S2-599949028	S2	fuzzy_name_address	1	0.8461538461538461	0.5925925925925926	True
S1-488506845	S2-891565967	S2	fuzzy_name_address	1	0.8461538461538461	0.5142857142857142	True
S1-227354877	S2-715847717	S2	fuzzy_name_address	1	0.8461538461538461	0.4444444444444444	True
S1-305440895	S3-210855008	S3	fuzzy_name_address	1	0.8461538461538461	0.2037037037037037	True
S1-572490154	S3-798426451	S3	fuzzy_name_address	1	0.8421052631578947	0.8888888888888888	True
S1-98442615	S2-946689486	S2	fuzzy_name_address	1	0.8421052631578947	0.8082191780821918	True
S1-988797326	S2-171150966	S2	fuzzy_name_address	1	0.8421052631578947	0.8082191780821918	True
S1-846870843	S2-440163997	S2	fuzzy_name_address	1	0.8421052631578947	0.7857142857142857	True
S1-626922669	S2-715038214	S2	fuzzy_name_address	1	0.8421052631578947	0.7682926829268293	True
S1-771609668	S3-547692238	S3	fuzzy_name_address	1	0.8421052631578947	0.7121212121212122	True
S1-627864371	S2-322265258	S2	fuzzy_name_address	1	0.8421052631578947	0.7037037037037037	True
S1-303791674	S2-526070285	S2	fuzzy_name_address	1	0.8421052631578947	0.7	True
S1-627864371	S3-41338920	S3	fuzzy_name_address	1	0.8421052631578947	0.6666666666666666	True
S1-560848017	S2-194068422	S2	fuzzy_name_address	1	0.8421052631578947	0.65	True
S1-993357110	S3-527865973	S3	fuzzy_name_address	1	0.8421052631578947	0.55	True
S1-972836911	S3-604960623	S3	fuzzy_name_address	1	0.8421052631578947	0.5185185185185185	True
S1-988797326	S3-64581649	S3	fuzzy_name_address	1	0.8421052631578947	0.5142857142857142	True
S1-491925427	S2-206983600	S2	fuzzy_name_address	1	0.8421052631578947	0.4666666666666667	True
S1-572490154	S2-239765393	S2	fuzzy_name_address	1	0.8421052631578947	0.4666666666666667	True
S1-997319680	S2-92219263	S2	fuzzy_name_address	1	0.8421052631578947	0.46153846153846156	True
S1-467198990	S2-855198038	S2	fuzzy_name_address	1	0.8421052631578947	0.42857142857142855	True
S1-196054265	S3-35720000	S3	fuzzy_name_address	1	0.8421052631578947	0.4	True
S1-626914593	S2-563003232	S2	fuzzy_name_address	1	0.8421052631578947	0.35185185185185186	True
S1-387747643	S3-475184820	S3	fuzzy_name_address	1	0.84	0.5135135135135135	True
S1-140525226	S2-122823927	S2	fuzzy_name_address	1	0.84	0.3333333333333333	True
S1-304785953	S3-633775998	S3	fuzzy_name_address	1	0.8387096774193549	0.2857142857142857	True
S1-273979066	S2-721800239	S2	fuzzy_name_address	1	0.8333333333333334	0.9375	True
S1-947119891	S2-164888409	S2	fuzzy_name_address	1	0.8333333333333334	0.88	True
S1-420073336	S2-976528055	S2	fuzzy_name_address	1	0.8333333333333334	0.8666666666666667	True
S1-576857452	S2-589475646	S2	fuzzy_name_address	1	0.8333333333333334	0.8545454545454545	True
S1-864658047	S2-507396071	S2	fuzzy_name_address	1	0.8333333333333334	0.851063829787234	True
S1-761471261	S2-593680056	S2	fuzzy_name_address	1	0.8333333333333334	0.84	True
S1-264272517	S2-321918458	S2	fuzzy_name_address	1	0.8333333333333334	0.7741935483870968	True
S1-376690332	S3-34402965	S3	fuzzy_name_address	1	0.8333333333333334	0.7714285714285715	True
S1-404124513	S2-592944180	S2	fuzzy_name_address	1	0.8333333333333334	0.7547169811320755	True
S1-600079333	S3-554676842	S3	fuzzy_name_address	1	0.8333333333333334	0.75	True
S1-235360444	S2-288654694	S2	fuzzy_name_address	1	0.8333333333333334	0.68	True
S1-924467624	S3-62921840	S3	fuzzy_name_address	1	0.8333333333333334	0.6666666666666666	True
S1-522840559	S2-779790058	S2	fuzzy_name_address	1	0.8333333333333334	0.6086956521739131	True
S1-796227187	S3-637901841	S3	fuzzy_name_address	1	0.8333333333333334	0.5869565217391305	True
S1-402902918	S3-176192568	S3	fuzzy_name_address	1	0.8333333333333334	0.5757575757575758	True
S1-684205378	S2-395827949	S2	fuzzy_name_address	1	0.8333333333333334	0.46153846153846156	True
S1-2092817	S3-891277782	S3	fuzzy_name_address	1	0.8333333333333334	0.4411764705882353	True
S1-238511000	S2-502477757	S2	fuzzy_name_address	1	0.8333333333333334	0.43333333333333335	True
S1-238511000	S2-79286704	S2	fuzzy_name_address	1	0.8333333333333334	0.43333333333333335	True
S1-536948776	S3-51327360	S3	fuzzy_name_address	1	0.8333333333333334	0.4090909090909091	True
S1-832785535	S3-109817694	S3	fuzzy_name_address	1	0.8333333333333334	0.4	True
S1-590134263	S2-592174269	S2	fuzzy_name_address	1	0.8333333333333334	0.37777777777777777	True
S1-924467624	S2-770776347	S2	fuzzy_name_address	1	0.8333333333333334	0.3333333333333333	True
S1-520361644	S2-541060866	S2	fuzzy_name_address	1	0.8333333333333334	0.3055555555555556	True
S1-218948566	S2-262675939	S2	fuzzy_name_address	1	0.8285714285714286	0.0	True
S1-602775749	S2-161271237	S2	fuzzy_name_address	1	0.8275862068965517	0.09523809523809523	True
S1-265007680	S2-483317625	S2	fuzzy_name_address	1	0.8260869565217391	0.8545454545454545	True
S1-523999331	S2-277831095	S2	fuzzy_name_address	1	0.8260869565217391	0.75	True
S1-196127879	S2-268832702	S2	fuzzy_name_address	1	0.8260869565217391	0.7142857142857143	True
S1-765456522	S2-839415804	S2	fuzzy_name_address	1	0.8260869565217391	0.6885245901639344	True
S1-721254668	S2-399134794	S2	fuzzy_name_address	1	0.8260869565217391	0.627906976744186	True
S1-602913883	S3-664599872	S3	fuzzy_name_address	1	0.8260869565217391	0.391304347826087	True
S1-533049965	S2-48222670	S2	fuzzy_name_address	1	0.8235294117647058	0.782051282051282	True
S1-55790876	S2-1424393	S2	fuzzy_name_address	1	0.8235294117647058	0.7692307692307693	True
S1-673498458	S2-399435604	S2	fuzzy_name_address	1	0.8235294117647058	0.7692307692307693	True
S1-163747087	S3-547644977	S3	fuzzy_name_address	1	0.8235294117647058	0.7380952380952381	True
S1-889584874	S3-405213450	S3	fuzzy_name_address	1	0.8235294117647058	0.7058823529411765	True
S1-486185859	S2-990123775	S2	fuzzy_name_address	1	0.8235294117647058	0.7	True
S1-59409377	S2-664205347	S2	fuzzy_name_address	1	0.8235294117647058	0.6666666666666666	True
S1-941709619	S3-580116674	S3	fuzzy_name_address	1	0.8235294117647058	0.6666666666666666	True
S1-356319224	S2-577061900	S2	fuzzy_name_address	1	0.8235294117647058	0.6470588235294118	True
S1-764937251	S2-867209877	S2	fuzzy_name_address	1	0.8235294117647058	0.6388888888888888	True
S1-579617619	S2-665542215	S2	fuzzy_name_address	1	0.8235294117647058	0.5555555555555556	True
S1-395950954	S3-277339111	S3	fuzzy_name_address	1	0.8235294117647058	0.5	True
S1-744315333	S3-834109148	S3	fuzzy_name_address	1	0.8235294117647058	0.5	True
S1-491232871	S2-325343485	S2	fuzzy_name_address	1	0.8235294117647058	0.4375	True
S1-636549603	S3-689111779	S3	fuzzy_name_address	1	0.8235294117647058	0.3333333333333333	True
S1-716830359	S3-762649005	S3	fuzzy_name_address	1	0.8235294117647058	0.27906976744186046	True
S1-166601186	S2-419629303	S2	fuzzy_name_address	1	0.8235294117647058	0.18181818181818182	True
S1-993662167	S2-133551138	S2	fuzzy_name_address	1	0.8214285714285714	0.8780487804878049	True
S1-409256428	S2-942427657	S2	fuzzy_name_address	1	0.8214285714285714	0.7666666666666667	True
S1-349458496	S2-617520271	S2	fuzzy_name_address	1	0.8214285714285714	0.7142857142857143	True
S1-804300777	S2-217729012	S2	fuzzy_name_address	1	0.8181818181818182	0.953125	True
S1-915189817	S2-972137482	S2	fuzzy_name_address	1	0.8181818181818182	0.8095238095238095	True
S1-270609465	S2-561352504	S2	fuzzy_name_address	1	0.8181818181818182	0.8076923076923077	True
S1-408835967	S2-686036612	S2	fuzzy_name_address	1	0.8181818181818182	0.8	True
S1-94486532	S3-37805042	S3	fuzzy_name_address	1	0.8181818181818182	0.8	True
S1-992003464	S2-113118763	S2	fuzzy_name_address	1	0.8181818181818182	0.7611940298507462	True
S1-133037285	S2-407207105	S2	fuzzy_name_address	1	0.8181818181818182	0.46153846153846156	True
S1-387418200	S3-386573427	S3	fuzzy_name_address	1	0.8181818181818182	0.38095238095238093	True
S1-67628861	S3-255215350	S3	fuzzy_name_address	1	0.8181818181818182	0.16666666666666666	True
S1-169108778	S2-998590512	S2	fuzzy_name_address	1	0.8148148148148148	0.7671232876712328	True
S1-578641214	S2-824570205	S2	fuzzy_name_address	1	0.8148148148148148	0.7428571428571429	True
S1-694921791	S2-912872620	S2	fuzzy_name_address	1	0.8148148148148148	0.7283950617283951	True
S1-316795088	S3-984643584	S3	fuzzy_name_address	1	0.8148148148148148	0.7	True
S1-716346194	S2-406412466	S2	fuzzy_name_address	1	0.8148148148148148	0.6857142857142857	True
S1-722435697	S2-701876656	S2	fuzzy_name_address	1	0.8148148148148148	0.6	True
S1-521730978	S2-839601246	S2	fuzzy_name_address	1	0.8125	0.9473684210526315	True
S1-807405756	S3-410965322	S3	fuzzy_name_address	1	0.8125	0.8387096774193549	True
S1-703201622	S2-333522091	S2	fuzzy_name_address	1	0.8125	0.8181818181818182	True
S1-654697159	S2-741247894	S2	fuzzy_name_address	1	0.8125	0.8163265306122449	True
S1-101076392	S2-778615858	S2	fuzzy_name_address	1	0.8125	0.8	True
S1-888167789	S3-35760800	S3	fuzzy_name_address	1	0.8125	0.7777777777777778	True
S1-807405756	S2-592192257	S2	fuzzy_name_address	1	0.8125	0.75	True
S1-119279828	S2-760754203	S2	fuzzy_name_address	1	0.8125	0.71875	True
S1-778830470	S2-30330106	S2	fuzzy_name_address	1	0.8125	0.64	True
S1-572490154	S2-232572988	S2	fuzzy_name_address	1	0.8125	0.6153846153846154	True
S1-888167789	S3-191907410	S3	fuzzy_name_address	1	0.8125	0.5714285714285714	True
S1-582307657	S2-24066171	S2	fuzzy_name_address	1	0.8125	0.5	True
S1-543127091	S3-13438597	S3	fuzzy_name_address	1	0.8125	0.5	True
S1-543127091	S3-680634368	S3	fuzzy_name_address	1	0.8125	0.5	True
S1-546751738	S2-704911239	S2	fuzzy_name_address	1	0.8125	0.48484848484848486	True
S1-341291980	S2-682809718	S2	fuzzy_name_address	1	0.8125	0.4634146341463415	True
S1-177088763	S2-344142975	S2	fuzzy_name_address	1	0.8125	0.37142857142857144	True
S1-546751738	S3-823238716	S3	fuzzy_name_address	1	0.8125	0.35555555555555557	True
S1-281523825	S3-211562267	S3	fuzzy_name_address	1	0.8125	0.3333333333333333	True
S1-418514604	S2-188324086	S2	fuzzy_name_address	1	0.8125	0.2903225806451613	True
S1-252242682	S2-568363011	S2	fuzzy_name_address	1	0.8125	0.15384615384615385	True
S1-98065022	S3-698900166	S3	fuzzy_name_address	1	0.8125	0.11594202898550725	True
S1-234200441	S2-712609628	S2	fuzzy_name_address	1	0.8125	0.0	True
S1-227546659	S2-283949447	S2	fuzzy_name_address	1	0.8095238095238095	0.7857142857142857	True
S1-208167915	S2-878222287	S2	fuzzy_name_address	1	0.8095238095238095	0.717391304347826	True
S1-862715502	S2-511304622	S2	fuzzy_name_address	1	0.8095238095238095	0.6585365853658537	True
S1-457935815	S2-410331822	S2	fuzzy_name_address	1	0.8095238095238095	0.6538461538461539	True
S1-177844289	S2-277330552	S2	fuzzy_name_address	1	0.8095238095238095	0.6486486486486487	True
S1-652302768	S2-853422726	S2	fuzzy_name_address	1	0.8095238095238095	0.6136363636363636	True
S1-846870843	S3-356923634	S3	fuzzy_name_address	1	0.8095238095238095	0.6052631578947368	True
S1-827102573	S2-538642629	S2	fuzzy_name_address	1	0.8076923076923077	0.7586206896551724	True
S1-487408870	S3-576287398	S3	fuzzy_name_address	1	0.8076923076923077	0.6333333333333333	True
S1-509332273	S2-759707242	S2	fuzzy_name_address	1	0.8064516129032258	0.7878787878787878	True
S1-97737266	S3-85959377	S3	fuzzy_name_address	1	0.8064516129032258	0.7108433734939759	True
S1-277375862	S2-526671362	S2	fuzzy_name_address	1	0.8064516129032258	0.6666666666666666	True
S1-181306265	S3-540069320	S3	fuzzy_name_address	1	0.8064516129032258	0.631578947368421	True
S1-514155563	S2-893936251	S2	fuzzy_name_address	1	0.8	0.8947368421052632	True
S1-178384024	S3-183515419	S3	fuzzy_name_address	1	0.8	0.828125	True
S1-492381760	S3-663182781	S3	fuzzy_name_address	1	0.8	0.8095238095238095	True
S1-761585587	S2-801229590	S2	fuzzy_name_address	1	0.8	0.8	True
S1-202530197	S2-665150973	S2	fuzzy_name_address	1	0.8	0.7916666666666666	True
S1-278756630	S2-472755273	S2	fuzzy_name_address	1	0.8	0.7843137254901961	True
S1-613445780	S2-849012871	S2	fuzzy_name_address	1	0.8	0.7457627118644068	True
S1-284710338	S2-183695488	S2	fuzzy_name_address	1	0.8	0.7439024390243902	True
S1-700600281	S2-256749526	S2	fuzzy_name_address	1	0.8	0.7307692307692307	True
S1-965040695	S3-788134357	S3	fuzzy_name_address	1	0.8	0.6557377049180327	True
S1-623261026	S2-477672690	S2	fuzzy_name_address	1	0.8	0.6333333333333333	True
S1-857022301	S2-495512988	S2	fuzzy_name_address	1	0.8	0.6	True
S1-342712677	S2-504312259	S2	fuzzy_name_address	1	0.8	0.59375	True
S1-150829563	S3-898502053	S3	fuzzy_name_address	1	0.8	0.5862068965517241	True
S1-202909837	S2-193023352	S2	fuzzy_name_address	1	0.8	0.5789473684210527	True
S1-134898809	S3-882276216	S3	fuzzy_name_address	1	0.8	0.5405405405405406	True
S1-589634567	S2-721478152	S2	fuzzy_name_address	1	0.8	0.5	True
S1-21084577	S2-205227313	S2	fuzzy_name_address	1	0.8	0.46875	True
S1-900882482	S2-111766996	S2	fuzzy_name_address	1	0.8	0.4146341463414634	True
S1-645147697	S2-255219691	S2	fuzzy_name_address	1	0.8	0.36	True
S1-645147697	S3-697028003	S3	fuzzy_name_address	1	0.8	0.30303030303030304	True
S1-658439443	S3-814721655	S3	fuzzy_name_address	1	0.8	0.1875	True
S1-909955989	S3-239232370	S3	fuzzy_name_address	1	0.8	0.1568627450980392	True
S1-833798119	S2-174477369	S2	fuzzy_name_address	1	0.8	0.0	True
S1-998207330	S2-974147979	S2	fuzzy_name_address	1	0.7941176470588235	0.6666666666666666	True
S1-761585587	S2-509160915	S2	fuzzy_name_address	1	0.7941176470588235	0.20454545454545456	True
S1-302710833	S2-546588882	S2	fuzzy_name_address	1	0.7941176470588235	0.2	True
S1-60980827	S2-719386833	S2	fuzzy_name_address	1	0.7931034482758621	0.8888888888888888	True
S1-76214334	S2-877509884	S2	fuzzy_name_address	1	0.7931034482758621	0.7833333333333333	True
S1-235913521	S2-665657152	S2	fuzzy_name_address	1	0.7931034482758621	0.7142857142857143	True
S1-89160825	S2-239966784	S2	fuzzy_name_address	1	0.7916666666666666	0.8285714285714286	True
S1-796310218	S2-958522294	S2	fuzzy_name_address	1	0.7916666666666666	0.782608695652174	True
S1-791947968	S3-796368836	S3	fuzzy_name_address	1	0.7916666666666666	0.7777777777777778	True
S1-701406091	S2-23774279	S2	fuzzy_name_address	1	0.7916666666666666	0.7083333333333334	True
S1-376114110	S2-533166942	S2	fuzzy_name_address	1	0.7916666666666666	0.6984126984126984	True
S1-755546342	S3-989714910	S3	fuzzy_name_address	1	0.7916666666666666	0.6666666666666666	True
S1-393746933	S2-959524819	S2	fuzzy_name_address	1	0.7916666666666666	0.5	True
S1-22901106	S2-309818043	S2	fuzzy_name_address	1	0.7894736842105263	0.9	True
S1-269039848	S2-523777271	S2	fuzzy_name_address	1	0.7894736842105263	0.8857142857142857	True
S1-778456014	S2-441962131	S2	fuzzy_name_address	1	0.7894736842105263	0.8571428571428571	True
S1-530687623	S3-558165008	S3	fuzzy_name_address	1	0.7894736842105263	0.8214285714285714	True
S1-269039848	S3-241756735	S3	fuzzy_name_address	1	0.7894736842105263	0.7692307692307693	True
S1-383350674	S2-720314389	S2	fuzzy_name_address	1	0.7894736842105263	0.7647058823529411	True
S1-777898303	S2-473374474	S2	fuzzy_name_address	1	0.7894736842105263	0.7142857142857143	True
S1-417526535	S3-888501071	S3	fuzzy_name_address	1	0.7894736842105263	0.6	True
S1-166601186	S3-743861068	S3	fuzzy_name_address	1	0.7894736842105263	0.3	True
S1-302710833	S2-23803098	S2	fuzzy_name_address	1	0.7894736842105263	0.2857142857142857	True
S1-22901106	S3-923819925	S3	fuzzy_name_address	1	0.7894736842105263	0.20689655172413793	True
S1-654697159	S2-693894963	S2	fuzzy_name_address	1	0.7857142857142857	0.8333333333333334	True
S1-854288036	S2-877286129	S2	fuzzy_name_address	1	0.7857142857142857	0.8214285714285714	True
S1-451464552	S3-267728097	S3	fuzzy_name_address	1	0.7857142857142857	0.7747747747747747	True
S1-661315962	S2-906228400	S2	fuzzy_name_address	1	0.7857142857142857	0.7741935483870968	True
S1-340817900	S3-402737862	S3	fuzzy_name_address	1	0.7857142857142857	0.7333333333333333	True
S1-477162050	S2-933172661	S2	fuzzy_name_address	1	0.7857142857142857	0.7333333333333333	True
S1-896836973	S2-494098461	S2	fuzzy_name_address	1	0.7857142857142857	0.7241379310344828	True
S1-436985273	S3-150259143	S3	fuzzy_name_address	1	0.7857142857142857	0.6666666666666666	True
S1-557547015	S3-331856686	S3	fuzzy_name_address	1	0.7857142857142857	0.6666666666666666	True
S1-176550551	S2-281514146	S2	fuzzy_name_address	1	0.7857142857142857	0.6451612903225806	True
S1-529148390	S3-828700224	S3	fuzzy_name_address	1	0.7857142857142857	0.6451612903225806	True
S1-398602742	S3-716744007	S3	fuzzy_name_address	1	0.7857142857142857	0.6206896551724138	True
S1-513223898	S3-150688106	S3	fuzzy_name_address	1	0.7857142857142857	0.6176470588235294	True
S1-557547015	S2-814600436	S2	fuzzy_name_address	1	0.7857142857142857	0.6153846153846154	True
S1-631165181	S3-790051539	S3	fuzzy_name_address	1	0.7857142857142857	0.5428571428571428	True
S1-703428973	S3-655509611	S3	fuzzy_name_address	1	0.7857142857142857	0.5135135135135135	True
S1-684656443	S2-815000108	S2	fuzzy_name_address	1	0.7857142857142857	0.48484848484848486	True
S1-62329201	S2-180956985	S2	fuzzy_name_address	1	0.7857142857142857	0.4722222222222222	True
S1-976027745	S2-923480477	S2	fuzzy_name_address	1	0.7857142857142857	0.4482758620689655	True
S1-432478198	S3-472007969	S3	fuzzy_name_address	1	0.7857142857142857	0.36585365853658536	True
S1-410304151	S2-814935460	S2	fuzzy_name_address	1	0.7857142857142857	0.3269230769230769	True
S1-780502827	S3-408625130	S3	fuzzy_name_address	1	0.7857142857142857	0.32075471698113206	True
S1-767939959	S3-108096179	S3	fuzzy_name_address	1	0.7857142857142857	0.3170731707317073	True
S1-62329201	S2-400606005	S2	fuzzy_name_address	1	0.7857142857142857	0.3023255813953488	True
S1-144979450	S3-75900011	S3	fuzzy_name_address	1	0.7857142857142857	0.17307692307692307	True
S1-627406325	S2-990016149	S2	fuzzy_name_address	1	0.7857142857142857	0.0	True
S1-369711048	S2-694146109	S2	fuzzy_name_address	1	0.7857142857142857	0.0	True
S1-17573606	S2-353996643	S2	fuzzy_name_address	1	0.782608695652174	0.7066666666666667	True
S1-442205824	S3-823234373	S3	fuzzy_name_address	1	0.782608695652174	0.6153846153846154	True
S1-216511119	S3-188861564	S3	fuzzy_name_address	1	0.782608695652174	0.5652173913043478	True
S1-521250108	S3-375213782	S3	fuzzy_name_address	1	0.782608695652174	0.0	True
S1-17339733	S2-412895863	S2	fuzzy_name_address	1	0.7777777777777778	0.8095238095238095	True
S1-843616710	S2-782473159	S2	fuzzy_name_address	1	0.7777777777777778	0.7076923076923077	True
S1-368557784	S2-18120696	S2	fuzzy_name_address	1	0.7777777777777778	0.68	True
S1-761286259	S2-381769614	S2	fuzzy_name_address	1	0.7777777777777778	0.6756756756756757	True
S1-844412430	S3-930048730	S3	fuzzy_name_address	1	0.7777777777777778	0.65	True
S1-572490154	S3-494335891	S3	fuzzy_name_address	1	0.7777777777777778	0.6190476190476191	True
S1-661173194	S2-535975490	S2	fuzzy_name_address	1	0.7777777777777778	0.5918367346938775	True
S1-299742816	S2-996332731	S2	fuzzy_name_address	1	0.7777777777777778	0.5897435897435898	True
S1-599703679	S2-615230476	S2	fuzzy_name_address	1	0.7777777777777778	0.5	True
S1-380060263	S3-659600787	S3	fuzzy_name_address	1	0.7741935483870968	0.7435897435897436	True
S1-104218993	S3-34022173	S3	fuzzy_name_address	1	0.7741935483870968	0.673469387755102	True
S1-709074730	S3-540948829	S3	fuzzy_name_address	1	0.7741935483870968	0.625	True
S1-378164861	S2-825460140	S2	fuzzy_name_address	1	0.7741935483870968	0.4666666666666667	True
S1-357200984	S2-902715126	S2	fuzzy_name_address	1	0.7727272727272727	0.6923076923076923	True
S1-951599976	S2-907629838	S2	fuzzy_name_address	1	0.7727272727272727	0.6666666666666666	True
S1-656987935	S3-699487787	S3	fuzzy_name_address	1	0.7727272727272727	0.5333333333333333	True
S1-641249328	S2-214078137	S2	fuzzy_name_address	1	0.7714285714285715	0.46875	True
S1-57274805	S2-55810601	S2	fuzzy_name_address	1	0.7714285714285715	0.3125	True
S1-728032080	S2-246548462	S2	fuzzy_name_address	1	0.7692307692307693	0.9298245614035088	True
S1-886116894	S2-646106704	S2	fuzzy_name_address	1	0.7692307692307693	0.8421052631578947	True
S1-341291980	S3-994938625	S3	fuzzy_name_address	1	0.7692307692307693	0.825	True
S1-734659223	S2-300640905	S2	fuzzy_name_address	1	0.7692307692307693	0.7666666666666667	True
S1-493059116	S2-802677520	S2	fuzzy_name_address	1	0.7692307692307693	0.75	True
S1-460033462	S3-280691790	S3	fuzzy_name_address	1	0.7692307692307693	0.7428571428571429	True
S1-832785535	S2-788217878	S2	fuzzy_name_address	1	0.7692307692307693	0.725	True
S1-868064087	S2-848113409	S2	fuzzy_name_address	1	0.7692307692307693	0.7111111111111111	True
S1-826696794	S2-939828385	S2	fuzzy_name_address	1	0.7692307692307693	0.7096774193548387	True
S1-476132624	S3-774003658	S3	fuzzy_name_address	1	0.7692307692307693	0.7	True
S1-734659223	S2-50057773	S2	fuzzy_name_address	1	0.7692307692307693	0.6333333333333333	True
S1-766893478	S3-449742245	S3	fuzzy_name_address	1	0.7692307692307693	0.6190476190476191	True
S1-738271924	S2-293548718	S2	fuzzy_name_address	1	0.7692307692307693	0.6071428571428571	True
S1-401850061	S2-951574111	S2	fuzzy_name_address	1	0.7692307692307693	0.5882352941176471	True
S1-961941107	S3-741609063	S3	fuzzy_name_address	1	0.7692307692307693	0.5816326530612245	True
S1-706856946	S3-372592651	S3	fuzzy_name_address	1	0.7692307692307693	0.5588235294117647	True
S1-327225619	S3-752160488	S3	fuzzy_name_address	1	0.7692307692307693	0.4827586206896552	True
S1-28410420	S2-733994881	S2	fuzzy_name_address	1	0.7692307692307693	0.4	True
S1-630839433	S3-782924393	S3	fuzzy_name_address	1	0.7692307692307693	0.3333333333333333	True
S1-208973592	S3-931413846	S3	fuzzy_name_address	1	0.7692307692307693	0.32558139534883723	True
S1-873852360	S2-959024229	S2	fuzzy_name_address	1	0.7666666666666667	0.8947368421052632	True
S1-235913521	S3-861470351	S3	fuzzy_name_address	1	0.7666666666666667	0.7272727272727273	True
S1-238106423	S3-891444807	S3	fuzzy_name_address	1	0.7666666666666667	0.5945945945945946	True
S1-410040347	S2-641487662	S2	fuzzy_name_address	1	0.7647058823529411	0.72	True
S1-116737194	S2-662170735	S2	fuzzy_name_address	1	0.7647058823529411	0.625	True
S1-116737194	S2-242454246	S2	fuzzy_name_address	1	0.7647058823529411	0.625	True
S1-985038901	S2-895941180	S2	fuzzy_name_address	1	0.7647058823529411	0.5666666666666667	True
S1-833798119	S2-164453128	S2	fuzzy_name_address	1	0.7647058823529411	0.55	True
S1-218948566	S2-295835711	S2	fuzzy_name_address	1	0.7647058823529411	0.5294117647058824	True
S1-92729851	S3-806776548	S3	fuzzy_name_address	1	0.7647058823529411	0.42424242424242425	True
S1-122618676	S3-759688877	S3	fuzzy_name_address	1	0.7647058823529411	0.3191489361702128	True
S1-924467624	S2-937944750	S2	fuzzy_name_address	1	0.7647058823529411	0.2558139534883721	True
S1-745775319	S2-423825986	S2	fuzzy_name_address	1	0.7647058823529411	0.18627450980392157	True
S1-218948566	S3-875212181	S3	fuzzy_name_address	1	0.7619047619047619	0.8125	True
S1-591365175	S3-534415519	S3	fuzzy_name_address	1	0.7619047619047619	0.6388888888888888	True
S1-440023753	S3-53438457	S3	fuzzy_name_address	1	0.7619047619047619	0.5666666666666667	True
S1-691663442	S2-590889572	S2	fuzzy_name_address	1	0.7619047619047619	0.5526315789473685	True
S1-739611320	S3-299678089	S3	fuzzy_name_address	1	0.7619047619047619	0.475	True
S1-339374417	S2-506134782	S2	fuzzy_name_address	1	0.76	0.9166666666666666	True
S1-38402575	S2-704567209	S2	fuzzy_name_address	1	0.76	0.7532467532467533	True
S1-691890832	S3-252514794	S3	fuzzy_name_address	1	0.76	0.7428571428571429	True
S1-63162461	S3-270643414	S3	fuzzy_name_address	1	0.76	0.6666666666666666	True
S1-402902918	S3-733915628	S3	fuzzy_name_address	1	0.76	0.4857142857142857	True
S1-402902918	S3-989499302	S3	fuzzy_name_address	1	0.76	0.2894736842105263	True
S1-493363382	S2-42425488	S2	fuzzy_name_address	1	0.76	0.20454545454545456	True
S1-281356776	S2-178183232	S2	fuzzy_name_address	1	0.7586206896551724	0.7297297297297297	True
S1-796227187	S3-941018876	S3	fuzzy_name_address	1	0.7586206896551724	0.6382978723404256	True
S1-595315008	S2-11660284	S2	fuzzy_name_address	1	0.7586206896551724	0.5384615384615384	True
S1-447103941	S2-533462314	S2	fuzzy_name_address	1	0.7575757575757576	0.9012345679012346	True
S1-702336597	S3-186792978	S3	fuzzy_name_address	1	0.7575757575757576	0.62	True
S1-57274805	S3-854493985	S3	fuzzy_name_address	1	0.7567567567567568	0.27692307692307694	True
S1-160840431	S2-428692546	S2	fuzzy_name_address	1	0.75	0.9615384615384616	True
S1-861378966	S3-623491608	S3	fuzzy_name_address	1	0.75	0.9393939393939394	True
S1-279736597	S2-308959476	S2	fuzzy_name_address	1	0.75	0.9130434782608695	True
S1-616628716	S2-697212356	S2	fuzzy_name_address	1	0.75	0.8888888888888888	True
S1-829987371	S2-406405133	S2	fuzzy_name_address	1	0.75	0.8529411764705882	True
S1-740254254	S2-482679078	S2	fuzzy_name_address	1	0.75	0.8333333333333334	True
S1-341506266	S2-762225006	S2	fuzzy_name_address	1	0.75	0.8202247191011236	True
S1-453223583	S3-948308596	S3	fuzzy_name_address	1	0.75	0.82	True
S1-223283080	S3-300619888	S3	fuzzy_name_address	1	0.75	0.8157894736842105	True
S1-316932948	S2-604906178	S2	fuzzy_name_address	1	0.75	0.8153846153846154	True
S1-564193651	S2-600494993	S2	fuzzy_name_address	1	0.75	0.8	True
S1-718013009	S2-223278425	S2	fuzzy_name_address	1	0.75	0.7868852459016393	True
S1-493124566	S2-366481725	S2	fuzzy_name_address	1	0.75	0.7741935483870968	True
S1-119171444	S2-949300018	S2	fuzzy_name_address	1	0.75	0.7692307692307693	True
S1-895409233	S3-996545243	S3	fuzzy_name_address	1	0.75	0.7647058823529411	True
S1-558129390	S2-634384482	S2	fuzzy_name_address	1	0.75	0.7419354838709677	True
S1-537740820	S3-336374726	S3	fuzzy_name_address	1	0.75	0.71875	True
S1-740254254	S2-285568761	S2	fuzzy_name_address	1	0.75	0.7083333333333334	True
S1-471497067	S2-557385841	S2	fuzzy_name_address	1	0.75	0.7083333333333334	True
S1-350560084	S2-458187946	S2	fuzzy_name_address	1	0.75	0.6833333333333333	True
S1-597401517	S3-622823918	S3	fuzzy_name_address	1	0.75	0.6774193548387096	True
S1-606480359	S2-541115908	S2	fuzzy_name_address	1	0.75	0.6440677966101694	True
S1-400092918	S2-157443428	S2	fuzzy_name_address	1	0.75	0.6086956521739131	True
S1-167577766	S2-359621800	S2	fuzzy_name_address	1	0.75	0.5675675675675675	True
S1-5842529	S3-901688371	S3	fuzzy_name_address	1	0.75	0.5405405405405406	True
S1-748364403	S2-166464835	S2	fuzzy_name_address	1	0.75	0.5277777777777778	True
S1-186737681	S3-768667616	S3	fuzzy_name_address	1	0.75	0.5135135135135135	True
S1-666435696	S3-574918654	S3	fuzzy_name_address	1	0.75	0.5121951219512195	True
S1-501296085	S2-604608859	S2	fuzzy_name_address	1	0.75	0.47540983606557374	True
S1-307045007	S3-364455928	S3	fuzzy_name_address	1	0.75	0.3783783783783784	True
S1-616628716	S3-655455621	S3	fuzzy_name_address	1	0.75	0.3382352941176471	True
S1-549242522	S2-207037953	S2	fuzzy_name_address	1	0.75	0.3333333333333333	True
S1-378245327	S3-646121866	S3	fuzzy_name_address	1	0.75	0.2682926829268293	True
S1-130264484	S3-11461627	S3	fuzzy_name_address	1	0.75	0.25	True
S1-944430830	S3-122364418	S3	fuzzy_name_address	1	0.75	0.21666666666666667	True
S1-898630961	S3-184761343	S3	fuzzy_name_address	1	0.75	0.2	True
S1-511863452	S3-499842675	S3	fuzzy_name_address	1	0.75	0.0	True
S1-273979066	S3-654214623	S3	fuzzy_name_address	1	0.75	0.0	True
S1-459696014	S2-629751128	S2	fuzzy_name_address	1	0.7419354838709677	0.8813559322033898	True
S1-426033453	S2-234636083	S2	fuzzy_name_address	1	0.7419354838709677	0.8461538461538461	True
S1-727634534	S2-241948135	S2	fuzzy_name_address	1	0.7419354838709677	0.7692307692307693	True
S1-796167853	S2-950844908	S2	fuzzy_name_address	1	0.7419354838709677	0.7272727272727273	True
S1-266640251	S2-370167958	S2	fuzzy_name_address	1	0.7419354838709677	0.5789473684210527	True
S1-23537063	S3-975776320	S3	fuzzy_name_address	1	0.7419354838709677	0.5540540540540541	True
S1-387694500	S2-828925482	S2	fuzzy_name_address	1	0.7407407407407407	0.8080808080808081	True
S1-213642432	S2-736580785	S2	fuzzy_name_address	1	0.7407407407407407	0.7428571428571429	True
S1-445131173	S2-750127379	S2	fuzzy_name_address	1	0.7407407407407407	0.7307692307692307	True
S1-773320212	S2-98574359	S2	fuzzy_name_address	1	0.7407407407407407	0.6122448979591837	True
S1-182662840	S3-797904166	S3	fuzzy_name_address	1	0.7407407407407407	0.6060606060606061	True
S1-220334720	S3-801172627	S3	fuzzy_name_address	1	0.7407407407407407	0.45098039215686275	True
S1-896341705	S2-425247356	S2	fuzzy_name_address	1	0.7391304347826086	0.8387096774193549	True
S1-735268637	S2-373242841	S2	fuzzy_name_address	1	0.7391304347826086	0.8	True
S1-736761428	S2-981647527	S2	fuzzy_name_address	1	0.7391304347826086	0.6666666666666666	True
S1-708417088	S3-128551007	S3	fuzzy_name_address	1	0.7391304347826086	0.4864864864864865	True
S1-12041665	S2-420357159	S2	fuzzy_name_address	1	0.7391304347826086	0.4	True
S1-999894380	S2-144616502	S2	fuzzy_name_address	1	0.7391304347826086	0.3870967741935484	True
S1-307702274	S2-811665838	S2	fuzzy_name_address	1	0.7368421052631579	0.9117647058823529	True
S1-912508322	S2-974864172	S2	fuzzy_name_address	1	0.7368421052631579	0.8103448275862069	True
S1-92502000	S2-715239216	S2	fuzzy_name_address	1	0.7368421052631579	0.788235294117647	True
S1-37213524	S2-663403314	S2	fuzzy_name_address	1	0.7368421052631579	0.7692307692307693	True
S1-844412430	S2-967714962	S2	fuzzy_name_address	1	0.7368421052631579	0.6388888888888888	True
S1-684656443	S3-611972573	S3	fuzzy_name_address	1	0.7368421052631579	0.6388888888888888	True
S1-818679709	S3-872513060	S3	fuzzy_name_address	1	0.7368421052631579	0.5757575757575758	True
S1-477308019	S3-533185008	S3	fuzzy_name_address	1	0.7368421052631579	0.5238095238095238	True
S1-881770296	S2-805782580	S2	fuzzy_name_address	1	0.7352941176470589	0.68	True
S1-319952925	S2-307146468	S2	fuzzy_name_address	1	0.7352941176470589	0.59375	True
S1-149302771	S3-783158849	S3	fuzzy_name_address	1	0.7333333333333333	0.8484848484848485	True
S1-854319024	S3-167406655	S3	fuzzy_name_address	1	0.7333333333333333	0.782608695652174	True
S1-133868991	S2-484840897	S2	fuzzy_name_address	1	0.7333333333333333	0.7571428571428571	True
S1-327553650	S2-410290055	S2	fuzzy_name_address	1	0.7333333333333333	0.6666666666666666	True
S1-582550646	S2-2906417	S2	fuzzy_name_address	1	0.7333333333333333	0.6666666666666666	True
S1-37630161	S2-337401548	S2	fuzzy_name_address	1	0.7333333333333333	0.6470588235294118	True
S1-932827505	S2-195311830	S2	fuzzy_name_address	1	0.7333333333333333	0.5892857142857143	True
S1-75627448	S3-69842839	S3	fuzzy_name_address	1	0.7333333333333333	0.45454545454545453	True
S1-511863452	S3-495488937	S3	fuzzy_name_address	1	0.7333333333333333	0.4166666666666667	True
S1-513223898	S3-930130955	S3	fuzzy_name_address	1	0.7333333333333333	0.3611111111111111	True
S1-883829621	S2-934657695	S2	fuzzy_name_address	1	0.7307692307692307	0.9298245614035088	True
S1-905824996	S2-61371757	S2	fuzzy_name_address	1	0.7307692307692307	0.8974358974358975	True
S1-174390454	S3-161067370	S3	fuzzy_name_address	1	0.7307692307692307	0.7794117647058824	True
S1-385823757	S3-986105166	S3	fuzzy_name_address	1	0.7307692307692307	0.7619047619047619	True
S1-357200984	S2-637715802	S2	fuzzy_name_address	1	0.7307692307692307	0.6923076923076923	True
S1-430842276	S2-12491126	S2	fuzzy_name_address	1	0.7307692307692307	0.660377358490566	True
S1-477308019	S2-620013313	S2	fuzzy_name_address	1	0.7307692307692307	0.3157894736842105	True
S1-622557613	S2-904082339	S2	fuzzy_name_address	1	0.7307692307692307	0.0	True
S1-453939454	S3-627477604	S3	fuzzy_name_address	1	0.7297297297297297	0.3191489361702128	True
S1-596007326	S2-947816102	S2	fuzzy_name_address	1	0.7272727272727273	0.8902439024390244	True
S1-863881054	S2-918087554	S2	fuzzy_name_address	1	0.7272727272727273	0.8571428571428571	True
S1-500841209	S3-61034637	S3	fuzzy_name_address	1	0.7272727272727273	0.8181818181818182	True
S1-111273522	S3-866387269	S3	fuzzy_name_address	1	0.7272727272727273	0.7931034482758621	True
S1-659932965	S2-316102040	S2	fuzzy_name_address	1	0.7272727272727273	0.7368421052631579	True
S1-805440050	S2-933545019	S2	fuzzy_name_address	1	0.7272727272727273	0.7	True
S1-6232617	S2-350187169	S2	fuzzy_name_address	1	0.7272727272727273	0.6470588235294118	True
S1-773889195	S3-202893869	S3	fuzzy_name_address	1	0.7272727272727273	0.6333333333333333	True
S1-406771676	S3-798614022	S3	fuzzy_name_address	1	0.7272727272727273	0.6296296296296297	True
S1-557464657	S3-219424314	S3	fuzzy_name_address	1	0.7272727272727273	0.6176470588235294	True
S1-720468760	S2-495098095	S2	fuzzy_name_address	1	0.7272727272727273	0.6	True
S1-596431100	S3-652058856	S3	fuzzy_name_address	1	0.7272727272727273	0.5833333333333334	True
S1-558031216	S2-711496725	S2	fuzzy_name_address	1	0.7272727272727273	0.5666666666666667	True
S1-805440050	S3-342987981	S3	fuzzy_name_address	1	0.7272727272727273	0.5555555555555556	True
S1-560848017	S3-112262362	S3	fuzzy_name_address	1	0.7272727272727273	0.5294117647058824	True
S1-896836973	S3-324561668	S3	fuzzy_name_address	1	0.7272727272727273	0.5142857142857142	True
S1-579194394	S3-132101170	S3	fuzzy_name_address	1	0.7272727272727273	0.4838709677419355	True
S1-904228116	S3-52281916	S3	fuzzy_name_address	1	0.7272727272727273	0.47368421052631576	True
S1-622874768	S3-105672058	S3	fuzzy_name_address	1	0.7272727272727273	0.4444444444444444	True
S1-536948776	S3-315892953	S3	fuzzy_name_address	1	0.7272727272727273	0.4090909090909091	True
S1-997319680	S2-133275115	S2	fuzzy_name_address	1	0.7272727272727273	0.4	True
S1-952266463	S2-815318202	S2	fuzzy_name_address	1	0.7272727272727273	0.2894736842105263	True
S1-881535873	S3-820808792	S3	fuzzy_name_address	1	0.7272727272727273	0.273972602739726	True
S1-149887453	S3-552404073	S3	fuzzy_name_address	1	0.7272727272727273	0.2033898305084746	True
S1-793019850	S2-565838685	S2	fuzzy_name_address	1	0.7272727272727273	0.17391304347826086	True
S1-866369736	S2-580478902	S2	fuzzy_name_address	1	0.7272727272727273	0.13043478260869565	True
S1-873852360	S2-174317508	S2	fuzzy_name_address	1	0.7241379310344828	0.7636363636363637	True
S1-169108778	S2-234283268	S2	fuzzy_name_address	1	0.7241379310344828	0.6901408450704225	True
S1-639096068	S2-334697769	S2	fuzzy_name_address	1	0.7241379310344828	0.5897435897435898	True
S1-945770627	S3-283907351	S3	fuzzy_name_address	1	0.7241379310344828	0.5625	True
S1-238012566	S3-473914768	S3	fuzzy_name_address	1	0.7241379310344828	0.5416666666666666	True
S1-75631487	S2-845611786	S2	fuzzy_name_address	1	0.7241379310344828	0.22727272727272727	True
S1-686749094	S3-52110221	S3	fuzzy_name_address	1	0.7241379310344828	0.0	True
S1-705632806	S2-122815656	S2	fuzzy_name_address	1	0.7222222222222222	0.8125	True
S1-831133424	S2-848041579	S2	fuzzy_name_address	1	0.7222222222222222	0.8	True
S1-125331877	S2-20329354	S2	fuzzy_name_address	1	0.7222222222222222	0.7021276595744681	True
S1-572730139	S2-339106673	S2	fuzzy_name_address	1	0.7222222222222222	0.5	True
S1-470699785	S3-363342939	S3	fuzzy_name_address	1	0.7222222222222222	0.34782608695652173	True
S1-685028795	S2-682280056	S2	fuzzy_name_address	1	0.72	0.9	True
S1-529148390	S2-803565	S2	fuzzy_name_address	1	0.72	0.8125	True
S1-701003373	S3-955931442	S3	fuzzy_name_address	1	0.72	0.7333333333333333	True
S1-811584019	S3-887761459	S3	fuzzy_name_address	1	0.72	0.4418604651162791	True
S1-942110962	S2-552679478	S2	fuzzy_name_address	1	0.72	0.358974358974359	True
S1-675959550	S2-500354211	S2	fuzzy_name_address	1	0.7142857142857143	0.9830508474576272	True
S1-864658047	S2-513033380	S2	fuzzy_name_address	1	0.7142857142857143	0.9767441860465116	True
S1-872627167	S2-160277671	S2	fuzzy_name_address	1	0.7142857142857143	0.9622641509433962	True
S1-175633133	S2-40070794	S2	fuzzy_name_address	1	0.7142857142857143	0.9154929577464789	True
S1-783021266	S2-784556099	S2	fuzzy_name_address	1	0.7142857142857143	0.8194444444444444	True
S1-357556905	S2-274524549	S2	fuzzy_name_address	1	0.7142857142857143	0.8095238095238095	True
S1-261360486	S3-991702800	S3	fuzzy_name_address	1	0.7142857142857143	0.7846153846153846	True
S1-465739288	S3-435599270	S3	fuzzy_name_address	1	0.7142857142857143	0.78125	True
S1-150821320	S3-777507499	S3	fuzzy_name_address	1	0.7142857142857143	0.7758620689655172	True
S1-856667356	S2-686734476	S2	fuzzy_name_address	1	0.7142857142857143	0.7543859649122807	True
S1-63719584	S2-741398426	S2	fuzzy_name_address	1	0.7142857142857143	0.75	True
S1-582550646	S3-513215204	S3	fuzzy_name_address	1	0.7142857142857143	0.7241379310344828	True
S1-178384024	S2-569431326	S2	fuzzy_name_address	1	0.7142857142857143	0.7183098591549296	True
S1-487865990	S2-306957783	S2	fuzzy_name_address	1	0.7142857142857143	0.7142857142857143	True
S1-778632723	S2-150240064	S2	fuzzy_name_address	1	0.7142857142857143	0.7037037037037037	True
S1-385823757	S2-241618878	S2	fuzzy_name_address	1	0.7142857142857143	0.7021276595744681	True
S1-360225492	S2-886189208	S2	fuzzy_name_address	1	0.7142857142857143	0.6956521739130435	True
S1-357556905	S2-541185552	S2	fuzzy_name_address	1	0.7142857142857143	0.68	True
S1-770963722	S3-361547720	S3	fuzzy_name_address	1	0.7142857142857143	0.6764705882352942	True
S1-829987371	S3-4997917	S3	fuzzy_name_address	1	0.7142857142857143	0.6744186046511628	True
S1-967514668	S3-474668830	S3	fuzzy_name_address	1	0.7142857142857143	0.6428571428571429	True
S1-515624637	S3-858865551	S3	fuzzy_name_address	1	0.7142857142857143	0.5945945945945946	True
S1-755546342	S2-229541468	S2	fuzzy_name_address	1	0.7142857142857143	0.5714285714285714	True
S1-692096873	S2-397660740	S2	fuzzy_name_address	1	0.7142857142857143	0.5555555555555556	True
S1-270609465	S3-371133764	S3	fuzzy_name_address	1	0.7142857142857143	0.5428571428571428	True
S1-241686597	S3-276559406	S3	fuzzy_name_address	1	0.7142857142857143	0.4411764705882353	True
S1-100405609	S3-332810222	S3	fuzzy_name_address	1	0.7142857142857143	0.3902439024390244	True
S1-835425265	S2-493112937	S2	fuzzy_name_address	1	0.7142857142857143	0.3870967741935484	True
S1-292649689	S3-618752974	S3	fuzzy_name_address	1	0.7142857142857143	0.3617021276595745	True
S1-206477802	S3-616814502	S3	fuzzy_name_address	1	0.7142857142857143	0.2619047619047619	True
S1-745775319	S3-323658202	S3	fuzzy_name_address	1	0.7142857142857143	0.14285714285714285	True
S1-338830003	S3-607853162	S3	fuzzy_name_address	1	0.7142857142857143	0.0	True
S1-802762694	S2-679453895	S2	fuzzy_name_address	1	0.7096774193548387	0.76	True
S1-398602742	S3-700326165	S3	fuzzy_name_address	1	0.7096774193548387	0.6206896551724138	True
S1-460833036	S2-824550377	S2	fuzzy_name_address	1	0.7083333333333334	0.9137931034482759	True
S1-368557784	S3-984632207	S3	fuzzy_name_address	1	0.7083333333333334	0.8571428571428571	True
S1-498738124	S2-218846957	S2	fuzzy_name_address	1	0.7083333333333334	0.782608695652174	True
S1-56835737	S2-306975749	S2	fuzzy_name_address	1	0.7083333333333334	0.7	True
S1-130034572	S3-779413536	S3	fuzzy_name_address	1	0.7083333333333334	0.4888888888888889	True
S1-457935815	S3-478670612	S3	fuzzy_name_address	1	0.7083333333333334	0.4864864864864865	True
S1-757082720	S3-523780726	S3	fuzzy_name_address	1	0.7083333333333334	0.45454545454545453	True
S1-746193689	S3-216442734	S3	fuzzy_name_address	1	0.7083333333333334	0.0	True
S1-17225841	S2-519136967	S2	fuzzy_name_address	1	0.7058823529411765	0.8163265306122449	True
S1-130813878	S2-362757372	S2	fuzzy_name_address	1	0.7058823529411765	0.6666666666666666	True
S1-606480359	S2-553306217	S2	fuzzy_name_address	1	0.7058823529411765	0.6440677966101694	True
S1-206477802	S2-505700999	S2	fuzzy_name_address	1	0.7058823529411765	0.6060606060606061	True
S1-504790211	S3-956253301	S3	fuzzy_name_address	1	0.7058823529411765	0.5945945945945946	True
S1-92729851	S3-222366324	S3	fuzzy_name_address	1	0.7058823529411765	0.5666666666666667	True
S1-270255759	S2-406037169	S2	fuzzy_name_address	1	0.7058823529411765	0.4864864864864865	True
S1-270255759	S2-154274883	S2	fuzzy_name_address	1	0.7058823529411765	0.4864864864864865	True
S1-515548222	S3-672370098	S3	fuzzy_name_address	1	0.7058823529411765	0.3829787234042553	True
S1-791107630	S3-105036839	S3	fuzzy_name_address	1	0.7058823529411765	0.3137254901960784	True
S1-447103941	S3-555505573	S3	fuzzy_name_address	1	0.7037037037037037	0.7901234567901234	True
S1-906686327	S2-335501512	S2	fuzzy_name_address	1	0.7037037037037037	0.6153846153846154	True
S1-481652414	S3-160842029	S3	fuzzy_name_address	1	0.7037037037037037	0.5609756097560976	True
S1-932539298	S2-373243961	S2	fuzzy_name_address	1	0.7037037037037037	0.43478260869565216	True
S1-737635669	S3-662788874	S3	fuzzy_name_address	1	0.7037037037037037	0.41025641025641024	True
S1-184229550	S3-733381942	S3	fuzzy_name_address	1	0.7037037037037037	0.24	True
S1-886116894	S3-690261725	S3	fuzzy_name_address	1	0.7037037037037037	0.18055555555555555	True
S1-533049965	S2-531706549	S2	fuzzy_name_address	1	0.7027027027027027	0.96	True
S1-120433302	S3-784116632	S3	fuzzy_name_address	1	0.7	0.96	True
S1-710147242	S2-840878306	S2	fuzzy_name_address	1	0.7	0.9354838709677419	True
S1-803808238	S2-335742246	S2	fuzzy_name_address	1	0.7	0.7941176470588235	True
S1-579617619	S2-58788523	S2	fuzzy_name_address	1	0.7	0.7692307692307693	True
S1-585293112	S2-103576266	S2	fuzzy_name_address	1	0.7	0.75	True
S1-36683808	S2-695978553	S2	fuzzy_name_address	1	0.7	0.696969696969697	True
S1-948624922	S3-228903471	S3	fuzzy_name_address	1	0.7	0.65625	True
S1-111065528	S2-808062793	S2	fuzzy_name_address	1	0.7	0.6190476190476191	True
S1-111065528	S2-28390752	S2	fuzzy_name_address	1	0.7	0.6190476190476191	True
S1-746193689	S3-912418741	S3	fuzzy_name_address	1	0.7	0.6052631578947368	True
S1-383350674	S2-273237911	S2	fuzzy_name_address	1	0.7	0.5789473684210527	True
S1-334146653	S2-135986316	S2	fuzzy_name_address	1	0.7	0.5769230769230769	True
S1-609076271	S2-714912313	S2	fuzzy_name_address	1	0.7	0.5666666666666667	True
S1-837908386	S3-228282490	S3	fuzzy_name_address	1	0.7	0.5365853658536586	True
S1-943911835	S2-670512626	S2	fuzzy_name_address	1	0.7	0.5	True
S1-760816941	S3-452171887	S3	fuzzy_name_address	1	0.7	0.48936170212765956	True
S1-592498716	S3-556150719	S3	fuzzy_name_address	1	0.7	0.4358974358974359	True
S1-417526535	S3-498182561	S3	fuzzy_name_address	1	0.7	0.42105263157894735	True
S1-686749094	S3-372602907	S3	fuzzy_name_address	1	0.7	0.4	True
S1-338840619	S2-122455982	S2	fuzzy_name_address	1	0.7	0.375	True
S1-820394674	S3-817289043	S3	fuzzy_name_address	1	0.7	0.2	True
S1-496346323	S3-535674736	S3	fuzzy_name_address	1	0.7	0.0	True
S1-167577766	S3-87681362	S3	fuzzy_name_address	1	0.7	0.0	True
S1-136894582	S2-22011915	S2	fuzzy_name_address	1	0.696969696969697	0.7222222222222222	True
S1-603318865	S2-790845556	S2	fuzzy_name_address	1	0.696969696969697	0.6470588235294118	True
S1-640578446	S2-954210588	S2	fuzzy_name_address	1	0.696969696969697	0.5	True
S1-640578446	S2-648758936	S2	fuzzy_name_address	1	0.696969696969697	0.39285714285714285	True
S1-281523825	S3-517317269	S3	fuzzy_name_address	1	0.696969696969697	0.3898305084745763	True
S1-222806068	S3-661189176	S3	fuzzy_name_address	1	0.696969696969697	0.0	True
S1-850758454	S2-575893007	S2	fuzzy_name_address	1	0.6956521739130435	0.6666666666666666	True
S1-125331877	S2-357054405	S2	fuzzy_name_address	1	0.6956521739130435	0.6595744680851063	True
S1-682041645	S3-911259641	S3	fuzzy_name_address	1	0.6956521739130435	0.3404255319148936	True
S1-379692908	S3-954603323	S3	fuzzy_name_address	1	0.6956521739130435	0.3170731707317073	True
S1-476022166	S2-444206904	S2	fuzzy_name_address	1	0.6944444444444444	0.6451612903225806	True
S1-409451774	S2-807412942	S2	fuzzy_name_address	1	0.6923076923076923	0.8214285714285714	True
S1-360871186	S2-796575158	S2	fuzzy_name_address	1	0.6923076923076923	0.7586206896551724	True
S1-527408099	S2-446517760	S2	fuzzy_name_address	1	0.6923076923076923	0.75	True
S1-701741704	S2-372427590	S2	fuzzy_name_address	1	0.6923076923076923	0.6923076923076923	True
S1-16609748	S2-358858367	S2	fuzzy_name_address	1	0.6923076923076923	0.68	True
S1-441593499	S2-141709094	S2	fuzzy_name_address	1	0.6923076923076923	0.6774193548387096	True
S1-772324975	S2-130819540	S2	fuzzy_name_address	1	0.6923076923076923	0.5625	True
S1-627406325	S3-268680764	S3	fuzzy_name_address	1	0.6923076923076923	0.5428571428571428	True
S1-952266463	S3-367585792	S3	fuzzy_name_address	1	0.6923076923076923	0.4186046511627907	True
S1-590082446	S3-949636981	S3	fuzzy_name_address	1	0.6923076923076923	0.25	True
S1-905986016	S2-720053582	S2	fuzzy_name_address	1	0.6896551724137931	0.71875	True
S1-772116613	S2-202071703	S2	fuzzy_name_address	1	0.6896551724137931	0.6111111111111112	True
S1-840218727	S3-501122141	S3	fuzzy_name_address	1	0.6896551724137931	0.4318181818181818	True
S1-130377203	S2-760127821	S2	fuzzy_name_address	1	0.6875	0.7931034482758621	True
S1-304099102	S2-534917407	S2	fuzzy_name_address	1	0.6875	0.59375	True
S1-75627448	S3-938556119	S3	fuzzy_name_address	1	0.6875	0.45	True
S1-872302647	S2-951619159	S2	fuzzy_name_address	1	0.6875	0.24324324324324326	True
S1-749745623	S3-93528382	S3	fuzzy_name_address	1	0.6875	0.1951219512195122	True
S1-765734254	S3-799567902	S3	fuzzy_name_address	1	0.6875	0.0	True
S1-487652257	S2-191176296	S2	fuzzy_name_address	1	0.6842105263157895	0.7241379310344828	True
S1-218518704	S3-375483340	S3	fuzzy_name_address	1	0.6842105263157895	0.6712328767123288	True
S1-767371184	S3-573306616	S3	fuzzy_name_address	1	0.6842105263157895	0.6326530612244898	True
S1-572490154	S2-915804541	S2	fuzzy_name_address	1	0.6842105263157895	0.6153846153846154	True
S1-904479856	S2-282702620	S2	fuzzy_name_address	1	0.6842105263157895	0.6060606060606061	True
S1-215396556	S2-377999912	S2	fuzzy_name_address	1	0.6842105263157895	0.5925925925925926	True
S1-887193507	S2-54495861	S2	fuzzy_name_address	1	0.6842105263157895	0.5769230769230769	True
S1-229555888	S2-554839207	S2	fuzzy_name_address	1	0.6842105263157895	0.5652173913043478	True
S1-807405756	S3-652641893	S3	fuzzy_name_address	1	0.6842105263157895	0.5151515151515151	True
S1-657025372	S2-744647893	S2	fuzzy_name_address	1	0.6842105263157895	0.5	True
S1-451116961	S3-188017952	S3	fuzzy_name_address	1	0.6842105263157895	0.4838709677419355	True
S1-125331877	S3-193883951	S3	fuzzy_name_address	1	0.6842105263157895	0.34782608695652173	True
S1-287666599	S2-207356341	S2	fuzzy_name_address	1	0.6842105263157895	0.2926829268292683	True
S1-287666599	S3-517645522	S3	fuzzy_name_address	1	0.6842105263157895	0.27906976744186046	True
S1-470699785	S2-592507040	S2	fuzzy_name_address	1	0.6842105263157895	0.24390243902439024	True
S1-685028795	S2-919381970	S2	fuzzy_name_address	1	0.6818181818181818	0.9	True
S1-422936323	S2-673863355	S2	fuzzy_name_address	1	0.6818181818181818	0.8214285714285714	True
S1-310744384	S2-127810516	S2	fuzzy_name_address	1	0.6818181818181818	0.7916666666666666	True
S1-346159233	S2-758274301	S2	fuzzy_name_address	1	0.6818181818181818	0.78	True
S1-368357600	S2-983267650	S2	fuzzy_name_address	1	0.6818181818181818	0.7285714285714285	True
S1-691663442	S2-112945751	S2	fuzzy_name_address	1	0.6818181818181818	0.6756756756756757	True
S1-26906339	S3-976827142	S3	fuzzy_name_address	1	0.6818181818181818	0.5957446808510638	True
S1-737635669	S3-480268996	S3	fuzzy_name_address	1	0.6818181818181818	0.5	True
S1-700600281	S2-527617444	S2	fuzzy_name_address	1	0.6818181818181818	0.3783783783783784	True
S1-200376709	S3-179839544	S3	fuzzy_name_address	1	0.6818181818181818	0.32653061224489793	True
S1-111867989	S2-381811449	S2	fuzzy_name_address	1	0.6818181818181818	0.0	True
S1-88817160	S3-566739305	S3	fuzzy_name_address	1	0.68	1.0	True
S1-620179786	S3-66115272	S3	fuzzy_name_address	1	0.68	0.7297297297297297	True
S1-945650918	S3-273466829	S3	fuzzy_name_address	1	0.68	0.7142857142857143	True
S1-881005414	S2-393848629	S2	fuzzy_name_address	1	0.68	0.5714285714285714	True
S1-682041645	S3-247347076	S3	fuzzy_name_address	1	0.68	0.35555555555555557	True
S1-682041645	S3-752876319	S3	fuzzy_name_address	1	0.68	0.3404255319148936	True
S1-716574008	S3-738802926	S3	fuzzy_name_address	1	0.68	0.16981132075471697	True
S1-106011786	S2-729896110	S2	fuzzy_name_address	1	0.6785714285714286	0.9545454545454546	True
S1-932827505	S2-914676536	S2	fuzzy_name_address	1	0.6785714285714286	0.7049180327868853	True
S1-277375862	S3-69168312	S3	fuzzy_name_address	1	0.6785714285714286	0.42424242424242425	True
S1-914958503	S3-243484559	S3	fuzzy_name_address	1	0.6785714285714286	0.36363636363636365	True
S1-216181354	S2-302685491	S2	fuzzy_name_address	1	0.6774193548387096	0.7936507936507936	True
S1-945770627	S2-252609050	S2	fuzzy_name_address	1	0.6774193548387096	0.7090909090909091	True
S1-840218727	S2-48618245	S2	fuzzy_name_address	1	0.6774193548387096	0.7037037037037037	True
S1-88817160	S3-487916872	S3	fuzzy_name_address	1	0.6774193548387096	0.6808510638297872	True
S1-593436824	S2-631250082	S2	fuzzy_name_address	1	0.6774193548387096	0.4722222222222222	True
S1-745775319	S2-157938966	S2	fuzzy_name_address	1	0.6756756756756757	0.9418604651162791	True
S1-590815515	S2-194257257	S2	fuzzy_name_address	1	0.6666666666666666	0.8888888888888888	True
S1-674558177	S2-22383296	S2	fuzzy_name_address	1	0.6666666666666666	0.863013698630137	True
S1-220020462	S2-633582175	S2	fuzzy_name_address	1	0.6666666666666666	0.8518518518518519	True
S1-415042128	S2-468141629	S2	fuzzy_name_address	1	0.6666666666666666	0.8305084745762712	True
S1-212460801	S2-992566277	S2	fuzzy_name_address	1	0.6666666666666666	0.8148148148148148	True
S1-643953045	S3-322356130	S3	fuzzy_name_address	1	0.6666666666666666	0.7916666666666666	True
S1-216179293	S3-850576981	S3	fuzzy_name_address	1	0.6666666666666666	0.7878787878787878	True
S1-907635568	S2-115742424	S2	fuzzy_name_address	1	0.6666666666666666	0.78125	True
S1-346929118	S2-105197053	S2	fuzzy_name_address	1	0.6666666666666666	0.7586206896551724	True
S1-581797355	S2-87828988	S2	fuzzy_name_address	1	0.6666666666666666	0.7555555555555555	True
S1-232999426	S2-469391978	S2	fuzzy_name_address	1	0.6666666666666666	0.7547169811320755	True
S1-220334720	S3-587066061	S3	fuzzy_name_address	1	0.6666666666666666	0.75	True
S1-561269090	S2-620987180	S2	fuzzy_name_address	1	0.6666666666666666	0.75	True
S1-761888543	S2-777211775	S2	fuzzy_name_address	1	0.6666666666666666	0.7450980392156863	True
S1-220334720	S3-549256647	S3	fuzzy_name_address	1	0.6666666666666666	0.7441860465116279	True
S1-904228116	S2-844183646	S2	fuzzy_name_address	1	0.6666666666666666	0.7407407407407407	True
S1-919267939	S2-892220211	S2	fuzzy_name_address	1	0.6666666666666666	0.7209302325581395	True
S1-379918793	S2-82178581	S2	fuzzy_name_address	1	0.6666666666666666	0.6944444444444444	True
S1-472232440	S2-995936729	S2	fuzzy_name_address	1	0.6666666666666666	0.6857142857142857	True
S1-996523584	S2-1855391	S2	fuzzy_name_address	1	0.6666666666666666	0.6666666666666666	True
S1-566822758	S2-732597627	S2	fuzzy_name_address	1	0.6666666666666666	0.6666666666666666	True
S1-26906339	S2-139724046	S2	fuzzy_name_address	1	0.6666666666666666	0.6486486486486487	True
S1-943567301	S2-661902662	S2	fuzzy_name_address	1	0.6666666666666666	0.6451612903225806	True
S1-831133424	S3-910352974	S3	fuzzy_name_address	1	0.6666666666666666	0.6363636363636364	True
S1-412010600	S3-90937601	S3	fuzzy_name_address	1	0.6666666666666666	0.6326530612244898	True
S1-376882708	S2-178034188	S2	fuzzy_name_address	1	0.6666666666666666	0.6296296296296297	True
S1-116737194	S2-158716458	S2	fuzzy_name_address	1	0.6666666666666666	0.625	True
S1-387747643	S3-427512893	S3	fuzzy_name_address	1	0.6666666666666666	0.6176470588235294	True
S1-501296085	S3-406930359	S3	fuzzy_name_address	1	0.6666666666666666	0.6119402985074627	True
S1-801306682	S3-936653629	S3	fuzzy_name_address	1	0.6666666666666666	0.6086956521739131	True
S1-998949892	S2-195061490	S2	fuzzy_name_address	1	0.6666666666666666	0.6086956521739131	True
S1-857022301	S2-253759714	S2	fuzzy_name_address	1	0.6666666666666666	0.6	True
S1-533701421	S3-521363983	S3	fuzzy_name_address	1	0.6666666666666666	0.59375	True
S1-197922151	S2-277572592	S2	fuzzy_name_address	1	0.6666666666666666	0.5882352941176471	True
S1-497340561	S3-487527885	S3	fuzzy_name_address	1	0.6666666666666666	0.5483870967741935	True
S1-837908386	S2-595535519	S2	fuzzy_name_address	1	0.6666666666666666	0.5161290322580645	True
S1-639096068	S2-837803619	S2	fuzzy_name_address	1	0.6666666666666666	0.5135135135135135	True
S1-212460801	S3-250424633	S3	fuzzy_name_address	1	0.6666666666666666	0.5128205128205128	True
S1-851799346	S3-874215876	S3	fuzzy_name_address	1	0.6666666666666666	0.5	True
S1-164240371	S2-60257526	S2	fuzzy_name_address	1	0.6666666666666666	0.5	True
S1-723275887	S2-238582553	S2	fuzzy_name_address	1	0.6666666666666666	0.5	True
S1-737368602	S2-974145789	S2	fuzzy_name_address	1	0.6666666666666666	0.5	True
S1-303487417	S3-938896995	S3	fuzzy_name_address	1	0.6666666666666666	0.46511627906976744	True
S1-724315493	S2-92058922	S2	fuzzy_name_address	1	0.6666666666666666	0.4146341463414634	True
S1-848219519	S3-90847949	S3	fuzzy_name_address	1	0.6666666666666666	0.3157894736842105	True
S1-743936349	S2-394682076	S2	fuzzy_name_address	1	0.6666666666666666	0.3103448275862069	True
S1-840279529	S2-310438906	S2	fuzzy_name_address	1	0.6666666666666666	0.3076923076923077	True
S1-724315493	S3-87221440	S3	fuzzy_name_address	1	0.6666666666666666	0.30612244897959184	True
S1-116247627	S3-399225632	S3	fuzzy_name_address	1	0.6666666666666666	0.24324324324324326	True
S1-72369296	S3-505060124	S3	fuzzy_name_address	1	0.6666666666666666	0.21818181818181817	True
S1-783021266	S3-837055216	S3	fuzzy_name_address	1	0.6666666666666666	0.2054794520547945	True
S1-739611320	S2-578701465	S2	fuzzy_name_address	1	0.6666666666666666	0.0	True
S1-49535321	S2-167710104	S2	fuzzy_name_address	1	0.6666666666666666	0.0	True
S1-472232440	S2-916177096	S2	fuzzy_name_address	1	0.6666666666666666	0.0	True
S1-599145787	S2-499470964	S2	fuzzy_name_address	1	0.6666666666666666	0.0	True
S1-483140947	S3-160719213	S3	fuzzy_name_address	1	0.6571428571428571	0.5882352941176471	True
S1-332388880	S3-743841292	S3	fuzzy_name_address	1	0.6571428571428571	0.42857142857142855	True
S1-960355473	S2-443666785	S2	fuzzy_name_address	1	0.65625	0.0	True
S1-617760637	S2-873434764	S2	fuzzy_name_address	1	0.6551724137931034	0.6111111111111112	True
S1-657688281	S2-880965452	S2	fuzzy_name_address	1	0.6538461538461539	0.8518518518518519	True
S1-173906255	S2-457325091	S2	fuzzy_name_address	1	0.6538461538461539	0.7857142857142857	True
S1-447452795	S2-995233298	S2	fuzzy_name_address	1	0.6538461538461539	0.68	True
S1-95925372	S3-672754987	S3	fuzzy_name_address	1	0.6538461538461539	0.6	True
S1-652331096	S2-152006595	S2	fuzzy_name_address	1	0.6538461538461539	0.6	True
S1-75627448	S2-559685516	S2	fuzzy_name_address	1	0.6538461538461539	0.52	True
S1-477308019	S3-362720450	S3	fuzzy_name_address	1	0.6521739130434783	0.8823529411764706	True
S1-970518712	S2-239226917	S2	fuzzy_name_address	1	0.6521739130434783	0.8095238095238095	True
S1-950265172	S3-378280639	S3	fuzzy_name_address	1	0.6521739130434783	0.8048780487804879	True
S1-926958422	S3-478661923	S3	fuzzy_name_address	1	0.6521739130434783	0.7547169811320755	True
S1-219548536	S3-206417184	S3	fuzzy_name_address	1	0.6521739130434783	0.5757575757575758	True
S1-349458496	S2-420526916	S2	fuzzy_name_address	1	0.6521739130434783	0.5517241379310345	True
S1-299278979	S3-415729250	S3	fuzzy_name_address	1	0.6521739130434783	0.5	True
S1-349458496	S3-203912723	S3	fuzzy_name_address	1	0.6521739130434783	0.21428571428571427	True
S1-92729851	S2-65120700	S2	fuzzy_name_address	1	0.6521739130434783	0.0	True
S1-771350895	S2-908584569	S2	fuzzy_name_address	1	0.65	0.925	True
S1-460146213	S3-624868438	S3	fuzzy_name_address	1	0.65	0.8297872340425532	True
S1-17506850	S2-254243056	S2	fuzzy_name_address	1	0.65	0.6140350877192983	True
S1-285639517	S2-40822713	S2	fuzzy_name_address	1	0.65	0.4642857142857143	True
S1-120433302	S3-360838758	S3	fuzzy_name_address	1	0.65	0.4074074074074074	True
S1-439990641	S3-12368026	S3	fuzzy_name_address	1	0.6470588235294118	0.9130434782608695	True
S1-878632015	S2-808172566	S2	fuzzy_name_address	1	0.6470588235294118	0.8507462686567164	True
S1-504790211	S2-482219248	S2	fuzzy_name_address	1	0.6470588235294118	0.8	True
S1-269039848	S2-141962181	S2	fuzzy_name_address	1	0.6470588235294118	0.7837837837837838	True
S1-631152952	S3-73598087	S3	fuzzy_name_address	1	0.6470588235294118	0.7575757575757576	True
S1-163766842	S2-573098593	S2	fuzzy_name_address	1	0.6470588235294118	0.7407407407407407	True
S1-477162050	S2-654347462	S2	fuzzy_name_address	1	0.6470588235294118	0.7333333333333333	True
S1-820751255	S3-368185699	S3	fuzzy_name_address	1	0.6470588235294118	0.6521739130434783	True
S1-154848511	S2-842266820	S2	fuzzy_name_address	1	0.6470588235294118	0.5357142857142857	True
S1-895337107	S3-50809795	S3	fuzzy_name_address	1	0.6470588235294118	0.5116279069767442	True
S1-631152952	S2-784242957	S2	fuzzy_name_address	1	0.6470588235294118	0.42105263157894735	True
S1-236312382	S2-734049056	S2	fuzzy_name_address	1	0.6470588235294118	0.4166666666666667	True
S1-64915886	S2-573702055	S2	fuzzy_name_address	1	0.6470588235294118	0.36363636363636365	True
S1-62329201	S3-985598842	S3	fuzzy_name_address	1	0.6470588235294118	0.35555555555555557	True
S1-90128015	S2-232725993	S2	fuzzy_name_address	1	0.6470588235294118	0.2631578947368421	True
S1-84838337	S2-774689342	S2	fuzzy_name_address	1	0.6470588235294118	0.0	True
S1-139532667	S2-615912556	S2	fuzzy_name_address	1	0.6451612903225806	0.8805970149253731	True
S1-235913521	S3-733999992	S3	fuzzy_name_address	1	0.6451612903225806	0.6764705882352942	True
S1-362520	S2-641935299	S2	fuzzy_name_address	1	0.6451612903225806	0.6190476190476191	True
S1-898355913	S3-274886122	S3	fuzzy_name_address	1	0.6451612903225806	0.4666666666666667	True
S1-175633133	S3-82838739	S3	fuzzy_name_address	1	0.6451612903225806	0.0	True
S1-454111437	S2-171575965	S2	fuzzy_name_address	1	0.6428571428571429	0.92	True
S1-945115789	S3-355654423	S3	fuzzy_name_address	1	0.6428571428571429	0.8591549295774648	True
S1-68201540	S3-509801092	S3	fuzzy_name_address	1	0.6428571428571429	0.8360655737704918	True
S1-217514760	S2-40426511	S2	fuzzy_name_address	1	0.6428571428571429	0.75	True
S1-270609465	S2-124107475	S2	fuzzy_name_address	1	0.6428571428571429	0.7307692307692307	True
S1-378652653	S2-213067343	S2	fuzzy_name_address	1	0.6428571428571429	0.6060606060606061	True
S1-340929942	S3-960418844	S3	fuzzy_name_address	1	0.6428571428571429	0.5454545454545454	True
S1-145606139	S3-212135744	S3	fuzzy_name_address	1	0.6428571428571429	0.25	True
S1-650106134	S2-264030809	S2	fuzzy_name_address	1	0.6428571428571429	0.0	True
S1-476022166	S2-532550066	S2	fuzzy_name_address	1	0.64	0.8275862068965517	True
S1-795245610	S3-914482022	S3	fuzzy_name_address	1	0.64	0.6666666666666666	True
S1-277460033	S2-350050181	S2	fuzzy_name_address	1	0.64	0.5609756097560976	True
S1-666435696	S3-488091856	S3	fuzzy_name_address	1	0.64	0.5121951219512195	True
S1-898355913	S3-367018366	S3	fuzzy_name_address	1	0.64	0.41304347826086957	True
S1-820394674	S2-534884187	S2	fuzzy_name_address	1	0.6363636363636364	0.8793103448275862	True
S1-78166516	S2-72589029	S2	fuzzy_name_address	1	0.6363636363636364	0.8421052631578947	True
S1-5842529	S2-959309886	S2	fuzzy_name_address	1	0.6363636363636364	0.7777777777777778	True
S1-920710760	S3-149496856	S3	fuzzy_name_address	1	0.6363636363636364	0.7567567567567568	True
S1-1727907	S2-925540841	S2	fuzzy_name_address	1	0.6363636363636364	0.7384615384615385	True
S1-506810298	S3-801235437	S3	fuzzy_name_address	1	0.6363636363636364	0.7142857142857143	True
S1-740254254	S2-290998875	S2	fuzzy_name_address	1	0.6363636363636364	0.7083333333333334	True
S1-100146655	S2-576234233	S2	fuzzy_name_address	1	0.6363636363636364	0.7037037037037037	True
S1-790887991	S3-806830827	S3	fuzzy_name_address	1	0.6363636363636364	0.6666666666666666	True
S1-539879230	S2-83796020	S2	fuzzy_name_address	1	0.6363636363636364	0.6129032258064516	True
S1-928914408	S3-429523390	S3	fuzzy_name_address	1	0.6363636363636364	0.5945945945945946	True
S1-63719584	S3-717623560	S3	fuzzy_name_address	1	0.6363636363636364	0.5813953488372093	True
S1-306095185	S2-989597724	S2	fuzzy_name_address	1	0.6363636363636364	0.5714285714285714	True
S1-814475089	S3-720955181	S3	fuzzy_name_address	1	0.6363636363636364	0.5384615384615384	True
S1-783056748	S3-158880970	S3	fuzzy_name_address	1	0.6363636363636364	0.40816326530612246	True
S1-916773322	S2-437727674	S2	fuzzy_name_address	1	0.6363636363636364	0.40625	True
S1-22305073	S2-578011604	S2	fuzzy_name_address	1	0.6363636363636364	0.40425531914893614	True
S1-709888578	S3-326990682	S3	fuzzy_name_address	1	0.6363636363636364	0.36923076923076925	True
S1-100405609	S3-364918881	S3	fuzzy_name_address	1	0.6363636363636364	0.2608695652173913	True
S1-305440895	S3-292471555	S3	fuzzy_name_address	1	0.6363636363636364	0.18867924528301888	True
S1-705632806	S3-801656369	S3	fuzzy_name_address	1	0.6363636363636364	0.024096385542168676	True
S1-639096068	S2-435057007	S2	fuzzy_name_address	1	0.6363636363636364	0.0	True
S1-183540234	S3-163529317	S3	fuzzy_name_address	1	0.6363636363636364	0.0	True
S1-148958598	S3-923839802	S3	fuzzy_name_address	1	0.6333333333333333	0.9090909090909091	True
S1-679782609	S2-844278428	S2	fuzzy_name_address	1	0.6333333333333333	0.7241379310344828	True
S1-686749094	S3-943936811	S3	fuzzy_name_address	1	0.6333333333333333	0.4	True
S1-622557613	S2-628909296	S2	fuzzy_name_address	1	0.631578947368421	0.7142857142857143	True
S1-585407266	S3-619002505	S3	fuzzy_name_address	1	0.631578947368421	0.6285714285714286	True
S1-21084577	S3-50929802	S3	fuzzy_name_address	1	0.631578947368421	0.0	True
S1-401836525	S2-84255879	S2	fuzzy_name_address	1	0.6296296296296297	0.75	True
S1-549370199	S2-457391478	S2	fuzzy_name_address	1	0.6296296296296297	0.7407407407407407	True
S1-576426786	S3-55462290	S3	fuzzy_name_address	1	0.6296296296296297	0.7222222222222222	True
S1-470845482	S2-531413638	S2	fuzzy_name_address	1	0.6296296296296297	0.6923076923076923	True
S1-253986331	S2-132882662	S2	fuzzy_name_address	1	0.6296296296296297	0.5555555555555556	True
S1-408130216	S3-114914156	S3	fuzzy_name_address	1	0.6296296296296297	0.4864864864864865	True
S1-824919785	S3-781959230	S3	fuzzy_name_address	1	0.6296296296296297	0.21348314606741572	True
S1-62395269	S2-449488695	S2	fuzzy_name_address	1	0.625	0.8846153846153846	True
S1-629417405	S3-438606634	S3	fuzzy_name_address	1	0.625	0.8235294117647058	True
S1-892015074	S2-754941946	S2	fuzzy_name_address	1	0.625	0.8235294117647058	True
S1-336167025	S2-289660373	S2	fuzzy_name_address	1	0.625	0.8125	True
S1-125472274	S3-188896551	S3	fuzzy_name_address	1	0.625	0.782608695652174	True
S1-465376969	S2-837289894	S2	fuzzy_name_address	1	0.625	0.7818181818181819	True
S1-500998121	S2-79500755	S2	fuzzy_name_address	1	0.625	0.76	True
S1-377745466	S2-203037501	S2	fuzzy_name_address	1	0.625	0.7586206896551724	True
S1-360352734	S2-251996150	S2	fuzzy_name_address	1	0.625	0.7407407407407407	True
S1-281356776	S2-437044709	S2	fuzzy_name_address	1	0.625	0.7297297297297297	True
S1-170998977	S3-463875505	S3	fuzzy_name_address	1	0.625	0.7222222222222222	True
S1-826696794	S2-408547460	S2	fuzzy_name_address	1	0.625	0.7096774193548387	True
S1-888167789	S2-630422469	S2	fuzzy_name_address	1	0.625	0.7037037037037037	True
S1-183373288	S2-363410952	S2	fuzzy_name_address	1	0.625	0.7	True
S1-691663442	S2-97384070	S2	fuzzy_name_address	1	0.625	0.6756756756756757	True
S1-71296969	S2-132858440	S2	fuzzy_name_address	1	0.625	0.6666666666666666	True
S1-62395269	S2-9240140	S2	fuzzy_name_address	1	0.625	0.6333333333333333	True
S1-164017572	S2-500759136	S2	fuzzy_name_address	1	0.625	0.625	True
S1-161638253	S2-359325730	S2	fuzzy_name_address	1	0.625	0.625	True
S1-615455408	S3-698451052	S3	fuzzy_name_address	1	0.625	0.6060606060606061	True
S1-435735212	S3-579829121	S3	fuzzy_name_address	1	0.625	0.5945945945945946	True
S1-615455408	S2-193907557	S2	fuzzy_name_address	1	0.625	0.5833333333333334	True
S1-277460033	S2-416219309	S2	fuzzy_name_address	1	0.625	0.575	True
S1-724291976	S3-392763259	S3	fuzzy_name_address	1	0.625	0.5555555555555556	True
S1-168226168	S2-248655910	S2	fuzzy_name_address	1	0.625	0.5423728813559322	True
S1-872302647	S3-589378521	S3	fuzzy_name_address	1	0.625	0.53125	True
S1-754570857	S3-328414962	S3	fuzzy_name_address	1	0.625	0.44680851063829785	True
S1-401074421	S3-597319704	S3	fuzzy_name_address	1	0.625	0.44642857142857145	True
S1-846870843	S3-563016187	S3	fuzzy_name_address	1	0.625	0.4318181818181818	True
S1-201376315	S3-968027795	S3	fuzzy_name_address	1	0.625	0.3	True
S1-912947277	S3-178991475	S3	fuzzy_name_address	1	0.625	0.26666666666666666	True
S1-595315008	S3-440092391	S3	fuzzy_name_address	1	0.625	0.2608695652173913	True
S1-724315493	S2-326565486	S2	fuzzy_name_address	1	0.625	0.2549019607843137	True
S1-570361411	S3-935890494	S3	fuzzy_name_address	1	0.625	0.16129032258064516	True
S1-521250108	S3-654422236	S3	fuzzy_name_address	1	0.625	0.0	True
S1-615455408	S3-156495960	S3	fuzzy_name_address	1	0.625	0.0	True
S1-522840559	S3-172990447	S3	fuzzy_name_address	1	0.6216216216216216	0.5862068965517241	True
S1-523999331	S3-417418539	S3	fuzzy_name_address	1	0.6206896551724138	0.7333333333333333	True
S1-482286138	S3-396099586	S3	fuzzy_name_address	1	0.6206896551724138	0.5833333333333334	True
S1-389234911	S3-26514204	S3	fuzzy_name_address	1	0.6190476190476191	0.8142857142857143	True
S1-636549603	S2-111347047	S2	fuzzy_name_address	1	0.6190476190476191	0.782608695652174	True
S1-547546143	S2-321723977	S2	fuzzy_name_address	1	0.6190476190476191	0.7777777777777778	True
S1-632136965	S3-322699324	S3	fuzzy_name_address	1	0.6190476190476191	0.75	True
S1-708417088	S2-283750427	S2	fuzzy_name_address	1	0.6190476190476191	0.725	True
S1-350245409	S2-987341678	S2	fuzzy_name_address	1	0.6190476190476191	0.7096774193548387	True
S1-572490154	S2-989847647	S2	fuzzy_name_address	1	0.6190476190476191	0.6153846153846154	True
S1-722578559	S3-182123418	S3	fuzzy_name_address	1	0.6190476190476191	0.6111111111111112	True
S1-576153543	S2-563703169	S2	fuzzy_name_address	1	0.6190476190476191	0.5849056603773585	True
S1-576153543	S2-149416100	S2	fuzzy_name_address	1	0.6190476190476191	0.5686274509803921	True
S1-208167915	S2-640357806	S2	fuzzy_name_address	1	0.6190476190476191	0.5178571428571429	True
S1-15005997	S2-502501897	S2	fuzzy_name_address	1	0.6190476190476191	0.46875	True
S1-796183067	S2-345660864	S2	fuzzy_name_address	1	0.6190476190476191	0.4444444444444444	True
S1-631152952	S2-27064688	S2	fuzzy_name_address	1	0.6190476190476191	0.4358974358974359	True
S1-916773322	S2-572277218	S2	fuzzy_name_address	1	0.6190476190476191	0.3870967741935484	True
S1-504059078	S2-576213995	S2	fuzzy_name_address	1	0.6190476190476191	0.2564102564102564	True
S1-692096873	S3-234079848	S3	fuzzy_name_address	1	0.6190476190476191	0.17857142857142858	True
S1-722170008	S2-185391723	S2	fuzzy_name_address	1	0.6153846153846154	0.9473684210526315	True
S1-144979450	S2-586908296	S2	fuzzy_name_address	1	0.6153846153846154	0.8958333333333334	True
S1-996523584	S2-62440221	S2	fuzzy_name_address	1	0.6153846153846154	0.8611111111111112	True
S1-194887455	S2-120547520	S2	fuzzy_name_address	1	0.6153846153846154	0.8518518518518519	True
S1-122637196	S2-85140658	S2	fuzzy_name_address	1	0.6153846153846154	0.7777777777777778	True
S1-269656551	S3-637610456	S3	fuzzy_name_address	1	0.6153846153846154	0.7380952380952381	True
S1-521250108	S2-974321962	S2	fuzzy_name_address	1	0.6153846153846154	0.6818181818181818	True
S1-778830470	S3-342166619	S3	fuzzy_name_address	1	0.6153846153846154	0.5862068965517241	True
S1-317854633	S2-260083773	S2	fuzzy_name_address	1	0.6153846153846154	0.4883720930232558	True
S1-317854633	S3-480047846	S3	fuzzy_name_address	1	0.6153846153846154	0.0	True
S1-63162461	S3-629489969	S3	fuzzy_name_address	1	0.6153846153846154	0.0	True
S1-854288036	S3-111215229	S3	fuzzy_name_address	1	0.6129032258064516	0.5714285714285714	True
S1-962416500	S2-929537611	S2	fuzzy_name_address	1	0.6111111111111112	0.7529411764705882	True
S1-922994065	S2-436384186	S2	fuzzy_name_address	1	0.6111111111111112	0.7246376811594203	True
S1-829348020	S2-246779642	S2	fuzzy_name_address	1	0.6111111111111112	0.723404255319149	True
S1-872627167	S3-748462601	S3	fuzzy_name_address	1	0.6111111111111112	0.7068965517241379	True
S1-888660595	S2-268350287	S2	fuzzy_name_address	1	0.6111111111111112	0.691358024691358	True
S1-303487417	S3-670022281	S3	fuzzy_name_address	1	0.6111111111111112	0.6666666666666666	True
S1-332388880	S2-792133931	S2	fuzzy_name_address	1	0.6111111111111112	0.0	True
S1-912508322	S3-768166043	S3	fuzzy_name_address	1	0.6086956521739131	0.875	True
S1-578641214	S3-746522113	S3	fuzzy_name_address	1	0.6086956521739131	0.15789473684210525	True
S1-279014952	S2-800340691	S2	fuzzy_name_address	1	0.6071428571428571	0.7608695652173914	True
S1-208167915	S2-783197338	S2	fuzzy_name_address	1	0.6071428571428571	0.6346153846153846	True
S1-42848680	S3-793186130	S3	fuzzy_name_address	1	0.6071428571428571	0.532258064516129	True
S1-815441395	S2-712853094	S2	fuzzy_name_address	1	0.6071428571428571	0.29411764705882354	True
S1-157183174	S2-290784701	S2	fuzzy_name_address	1	0.6060606060606061	0.38095238095238093	True
S1-539197690	S2-871400892	S2	fuzzy_name_address	1	0.6052631578947368	0.8513513513513513	True
S1-92502000	S2-145893170	S2	fuzzy_name_address	1	0.6	0.9882352941176471	True
S1-471497067	S2-131617194	S2	fuzzy_name_address	1	0.6	0.9375	True
S1-521605108	S2-894458324	S2	fuzzy_name_address	1	0.6	0.8823529411764706	True
S1-177380392	S2-247659101	S2	fuzzy_name_address	1	0.6	0.8688524590163934	True
S1-16642923	S2-393075989	S2	fuzzy_name_address	1	0.6	0.8518518518518519	True
S1-613598143	S2-980172703	S2	fuzzy_name_address	1	0.6	0.8260869565217391	True
S1-558011533	S2-662751805	S2	fuzzy_name_address	1	0.6	0.8225806451612904	True
S1-521605108	S2-60081071	S2	fuzzy_name_address	1	0.6	0.8113207547169812	True
S1-62395269	S2-554011115	S2	fuzzy_name_address	1	0.6	0.7931034482758621	True
S1-643953045	S3-673048078	S3	fuzzy_name_address	1	0.6	0.7916666666666666	True
S1-170960991	S2-254893866	S2	fuzzy_name_address	1	0.6	0.7916666666666666	True
S1-298890713	S2-292281255	S2	fuzzy_name_address	1	0.6	0.7857142857142857	True
S1-8092452	S2-404025676	S2	fuzzy_name_address	1	0.6	0.7741935483870968	True
S1-613598143	S2-742518143	S2	fuzzy_name_address	1	0.6	0.7727272727272727	True
S1-292393735	S2-953922783	S2	fuzzy_name_address	1	0.6	0.76	True
S1-380839864	S2-110904631	S2	fuzzy_name_address	1	0.6	0.75	True
S1-896341705	S3-341486346	S3	fuzzy_name_address	1	0.6	0.7428571428571429	True
S1-126927804	S3-136895392	S3	fuzzy_name_address	1	0.6	0.7386363636363636	True
S1-829987371	S2-75779142	S2	fuzzy_name_address	1	0.6	0.7352941176470589	True
S1-263724589	S2-944820444	S2	fuzzy_name_address	1	0.6	0.7142857142857143	True
S1-817683544	S3-788973706	S3	fuzzy_name_address	1	0.6	0.7090909090909091	True
S1-340929942	S3-53004288	S3	fuzzy_name_address	1	0.6	0.6904761904761905	True
S1-99838517	S2-393254700	S2	fuzzy_name_address	1	0.6	0.6896551724137931	True
S1-285639517	S2-261343500	S2	fuzzy_name_address	1	0.6	0.68	True
S1-300116004	S3-869624666	S3	fuzzy_name_address	1	0.6	0.6666666666666666	True
S1-552065633	S3-782810741	S3	fuzzy_name_address	1	0.6	0.6493506493506493	True
S1-212460801	S3-995893255	S3	fuzzy_name_address	1	0.6	0.6486486486486487	True
S1-300116004	S2-454010697	S2	fuzzy_name_address	1	0.6	0.6285714285714286	True
S1-212460801	S2-176105500	S2	fuzzy_name_address	1	0.6	0.6206896551724138	True
S1-834788095	S3-168287171	S3	fuzzy_name_address	1	0.6	0.6153846153846154	True
S1-324674388	S3-577061638	S3	fuzzy_name_address	1	0.6	0.6111111111111112	True
S1-351358518	S2-215809944	S2	fuzzy_name_address	1	0.6	0.6	True
S1-505090910	S3-131235451	S3	fuzzy_name_address	1	0.6	0.59375	True
S1-362520	S3-216455007	S3	fuzzy_name_address	1	0.6	0.5652173913043478	True
S1-568217118	S2-981492432	S2	fuzzy_name_address	1	0.6	0.5428571428571428	True
S1-471497067	S3-611182398	S3	fuzzy_name_address	1	0.6	0.5423728813559322	True
S1-108027852	S3-880684306	S3	fuzzy_name_address	1	0.6	0.5405405405405406	True
S1-460136045	S3-979319828	S3	fuzzy_name_address	1	0.6	0.5217391304347826	True
S1-460133008	S2-128135747	S2	fuzzy_name_address	1	0.6	0.5172413793103449	True
S1-102971431	S3-694900421	S3	fuzzy_name_address	1	0.6	0.5116279069767442	True
S1-236963798	S2-717890908	S2	fuzzy_name_address	1	0.6	0.5	True
S1-720173062	S3-636421161	S3	fuzzy_name_address	1	0.6	0.5	True
S1-684205378	S3-615053758	S3	fuzzy_name_address	1	0.6	0.47619047619047616	True
S1-640830255	S2-480468187	S2	fuzzy_name_address	1	0.6	0.45161290322580644	True
S1-41217356	S3-2196662	S3	fuzzy_name_address	1	0.6	0.4473684210526316	True
S1-999894380	S3-494886149	S3	fuzzy_name_address	1	0.6	0.2631578947368421	True
S1-197197167	S3-379563450	S3	fuzzy_name_address	1	0.6	0.21568627450980393	True
S1-924009686	S3-227737439	S3	fuzzy_name_address	1	0.5952380952380952	0.7833333333333333	True
S1-457615425	S2-926575050	S2	fuzzy_name_address	1	0.5945945945945946	0.5675675675675675	True
S1-906079981	S2-221175434	S2	fuzzy_name_address	1	0.5945945945945946	0.0	True
S1-506720235	S2-630144942	S2	fuzzy_name_address	1	0.59375	0.8620689655172413	True
S1-725482440	S2-447747530	S2	fuzzy_name_address	1	0.59375	0.78125	True
S1-612217752	S2-554245491	S2	fuzzy_name_address	1	0.59375	0.7692307692307693	True
S1-606480359	S3-23000002	S3	fuzzy_name_address	1	0.59375	0.5873015873015873	True
S1-487154804	S3-921829800	S3	fuzzy_name_address	1	0.59375	0.4230769230769231	True
S1-906281937	S2-175536134	S2	fuzzy_name_address	1	0.59375	0.3076923076923077	True
S1-850983521	S2-692305740	S2	fuzzy_name_address	1	0.59375	0.0	True
S1-339374417	S2-480354944	S2	fuzzy_name_address	1	0.5925925925925926	0.9827586206896551	True
S1-631840437	S2-475034762	S2	fuzzy_name_address	1	0.5925925925925926	0.7777777777777778	True
S1-701406091	S2-106155894	S2	fuzzy_name_address	1	0.5925925925925926	0.7083333333333334	True
S1-797931932	S2-300941826	S2	fuzzy_name_address	1	0.5925925925925926	0.6521739130434783	True
S1-797931932	S3-295523677	S3	fuzzy_name_address	1	0.5925925925925926	0.5384615384615384	True
S1-311486232	S2-658033891	S2	fuzzy_name_address	1	0.5925925925925926	0.0	True
S1-397900824	S2-664817165	S2	fuzzy_name_address	1	0.5909090909090909	0.5740740740740741	True
S1-472232440	S3-614462819	S3	fuzzy_name_address	1	0.5909090909090909	0.5714285714285714	True
S1-372897884	S2-85078492	S2	fuzzy_name_address	1	0.5909090909090909	0.3	True
S1-606725408	S3-741068886	S3	fuzzy_name_address	1	0.5909090909090909	0.25806451612903225	True
S1-302710833	S3-203698864	S3	fuzzy_name_address	1	0.5909090909090909	0.18181818181818182	True
S1-501073561	S3-451238808	S3	fuzzy_name_address	1	0.5909090909090909	0.0	True
S1-631840437	S2-457837268	S2	fuzzy_name_address	1	0.5882352941176471	0.9705882352941176	True
S1-398602742	S2-254331857	S2	fuzzy_name_address	1	0.5882352941176471	0.9166666666666666	True
S1-953014080	S2-733941253	S2	fuzzy_name_address	1	0.5882352941176471	0.85	True
S1-566137077	S3-344055906	S3	fuzzy_name_address	1	0.5882352941176471	0.8108108108108109	True
S1-299511557	S2-905757896	S2	fuzzy_name_address	1	0.5882352941176471	0.6	True
S1-566137077	S2-723289996	S2	fuzzy_name_address	1	0.5882352941176471	0.30952380952380953	True
S1-187558029	S3-816315044	S3	fuzzy_name_address	1	0.5882352941176471	0.0	True
S1-279028557	S3-777514937	S3	fuzzy_name_address	1	0.5882352941176471	0.0	True
S1-520710871	S2-643216318	S2	fuzzy_name_address	1	0.5862068965517241	0.9574468085106383	True
S1-420226248	S2-761652097	S2	fuzzy_name_address	1	0.5862068965517241	0.5	True
S1-975506716	S3-99737920	S3	fuzzy_name_address	1	0.5853658536585366	0.7123287671232876	True
S1-640578446	S2-305629252	S2	fuzzy_name_address	1	0.5853658536585366	0.5	True
S1-722170008	S2-445745602	S2	fuzzy_name_address	1	0.5853658536585366	0.0	True
S1-809295456	S2-797920614	S2	fuzzy_name_address	1	0.5833333333333334	0.8775510204081632	True
S1-88905792	S2-557990591	S2	fuzzy_name_address	1	0.5833333333333334	0.7592592592592593	True
S1-496346323	S2-299310634	S2	fuzzy_name_address	1	0.5833333333333334	0.7575757575757576	True
S1-234585908	S2-776533443	S2	fuzzy_name_address	1	0.5833333333333334	0.7333333333333333	True
S1-274310041	S2-741219792	S2	fuzzy_name_address	1	0.5833333333333334	0.725	True
S1-362880192	S2-307086892	S2	fuzzy_name_address	1	0.5833333333333334	0.6578947368421053	True
S1-231101064	S2-817560564	S2	fuzzy_name_address	1	0.5833333333333334	0.64	True
S1-979509841	S2-525768036	S2	fuzzy_name_address	1	0.5833333333333334	0.53125	True
S1-960126068	S3-10350880	S3	fuzzy_name_address	1	0.5833333333333334	0.525	True
S1-905986016	S3-603596675	S3	fuzzy_name_address	1	0.5833333333333334	0.5238095238095238	True
S1-694085192	S3-433741264	S3	fuzzy_name_address	1	0.5833333333333334	0.48717948717948717	True
S1-979860618	S2-404999258	S2	fuzzy_name_address	1	0.5833333333333334	0.4782608695652174	True
S1-459799143	S3-888745534	S3	fuzzy_name_address	1	0.5833333333333334	0.43333333333333335	True
S1-65296733	S2-713270157	S2	fuzzy_name_address	1	0.5833333333333334	0.4	True
S1-737977090	S3-951146800	S3	fuzzy_name_address	1	0.5833333333333334	0.2857142857142857	True
S1-392214139	S2-90508167	S2	fuzzy_name_address	1	0.5833333333333334	0.2641509433962264	True
S1-847883289	S2-922995499	S2	fuzzy_name_address	1	0.5833333333333334	0.2619047619047619	True
S1-763496609	S3-510672652	S3	fuzzy_name_address	1	0.5833333333333334	0.07692307692307693	True
S1-378245327	S2-525888317	S2	fuzzy_name_address	1	0.5833333333333334	0.0	True
S1-582702190	S2-480917240	S2	fuzzy_name_address	1	0.5833333333333334	0.0	True
S1-218059706	S2-316373867	S2	fuzzy_name_address	1	0.5806451612903226	0.9210526315789473	True
S1-474310615	S2-697330268	S2	fuzzy_name_address	1	0.5806451612903226	0.9130434782608695	True
S1-407845038	S2-544820844	S2	fuzzy_name_address	1	0.5806451612903226	0.7647058823529411	True
S1-906079981	S3-489697405	S3	fuzzy_name_address	1	0.5806451612903226	0.4	True
S1-114279394	S2-616220259	S2	fuzzy_name_address	1	0.5806451612903226	0.3793103448275862	True
S1-340929942	S2-517558795	S2	fuzzy_name_address	1	0.5789473684210527	0.8	True
S1-487865990	S2-211243383	S2	fuzzy_name_address	1	0.5789473684210527	0.7142857142857143	True
S1-360225492	S2-505416090	S2	fuzzy_name_address	1	0.5789473684210527	0.6153846153846154	True
S1-998949892	S3-444033019	S3	fuzzy_name_address	1	0.5789473684210527	0.5862068965517241	True
S1-820751255	S2-247686446	S2	fuzzy_name_address	1	0.5789473684210527	0.5806451612903226	True
S1-751608780	S2-936453119	S2	fuzzy_name_address	1	0.5789473684210527	0.5757575757575758	True
S1-657025372	S3-851016597	S3	fuzzy_name_address	1	0.5789473684210527	0.5517241379310345	True
S1-86804153	S3-90236076	S3	fuzzy_name_address	1	0.5789473684210527	0.4489795918367347	True
S1-349719765	S2-594587388	S2	fuzzy_name_address	1	0.5789473684210527	0.39473684210526316	True
S1-906281937	S3-810053263	S3	fuzzy_name_address	1	0.5789473684210527	0.37735849056603776	True
S1-877882228	S3-64119890	S3	fuzzy_name_address	1	0.5789473684210527	0.36	True
S1-862338675	S3-460733328	S3	fuzzy_name_address	1	0.5789473684210527	0.358974358974359	True
S1-553547335	S3-460603708	S3	fuzzy_name_address	1	0.5789473684210527	0.3333333333333333	True
S1-622874768	S3-479650356	S3	fuzzy_name_address	1	0.5789473684210527	0.3333333333333333	True
S1-407845038	S2-952878729	S2	fuzzy_name_address	1	0.5769230769230769	0.7647058823529411	True
S1-564193651	S2-318608874	S2	fuzzy_name_address	1	0.5769230769230769	0.7142857142857143	True
S1-72252837	S2-860345985	S2	fuzzy_name_address	1	0.5769230769230769	0.6956521739130435	True
S1-595315008	S3-817296858	S3	fuzzy_name_address	1	0.5769230769230769	0.4523809523809524	True
S1-595315008	S3-166824534	S3	fuzzy_name_address	1	0.5769230769230769	0.3181818181818182	True
S1-624045976	S2-236298058	S2	fuzzy_name_address	1	0.5769230769230769	0.0	True
S1-104218993	S2-151531882	S2	fuzzy_name_address	1	0.5757575757575758	0.9361702127659575	True
S1-449072502	S2-490753666	S2	fuzzy_name_address	1	0.5757575757575758	0.9333333333333333	True
S1-670025586	S3-346306473	S3	fuzzy_name_address	1	0.5757575757575758	0.08695652173913043	True
S1-741817106	S3-57464044	S3	fuzzy_name_address	1	0.5714285714285714	0.8727272727272727	True
S1-388874339	S2-553020339	S2	fuzzy_name_address	1	0.5714285714285714	0.85	True
S1-608967311	S2-909334791	S2	fuzzy_name_address	1	0.5714285714285714	0.8363636363636363	True
S1-816183362	S2-467940212	S2	fuzzy_name_address	1	0.5714285714285714	0.8055555555555556	True
S1-84838337	S2-871721018	S2	fuzzy_name_address	1	0.5714285714285714	0.7857142857142857	True
S1-23124190	S2-281753151	S2	fuzzy_name_address	1	0.5714285714285714	0.7777777777777778	True
S1-311486232	S2-993065467	S2	fuzzy_name_address	1	0.5714285714285714	0.75	True
S1-677741106	S2-658878695	S2	fuzzy_name_address	1	0.5714285714285714	0.6857142857142857	True
S1-829987371	S3-222227038	S3	fuzzy_name_address	1	0.5714285714285714	0.6829268292682927	True
S1-6232617	S2-555976504	S2	fuzzy_name_address	1	0.5714285714285714	0.6470588235294118	True
S1-300609714	S3-577589794	S3	fuzzy_name_address	1	0.5714285714285714	0.625	True
S1-803590345	S2-185490046	S2	fuzzy_name_address	1	0.5714285714285714	0.5882352941176471	True
S1-556845820	S3-613638266	S3	fuzzy_name_address	1	0.5714285714285714	0.5813953488372093	True
S1-445131173	S3-647073921	S3	fuzzy_name_address	1	0.5714285714285714	0.5806451612903226	True
S1-631165181	S2-464927504	S2	fuzzy_name_address	1	0.5714285714285714	0.5666666666666667	True
S1-686329764	S3-335433048	S3	fuzzy_name_address	1	0.5714285714285714	0.5526315789473685	True
S1-154848511	S2-237840037	S2	fuzzy_name_address	1	0.5714285714285714	0.5357142857142857	True
S1-57859332	S3-102113576	S3	fuzzy_name_address	1	0.5714285714285714	0.5263157894736842	True
S1-469535575	S3-447914349	S3	fuzzy_name_address	1	0.5714285714285714	0.5	True
S1-823731657	S3-112268045	S3	fuzzy_name_address	1	0.5714285714285714	0.47058823529411764	True
S1-388874339	S3-974459632	S3	fuzzy_name_address	1	0.5714285714285714	0.46153846153846156	True
S1-901695846	S3-292411219	S3	fuzzy_name_address	1	0.5714285714285714	0.45	True
S1-865131206	S3-219374335	S3	fuzzy_name_address	1	0.5714285714285714	0.38095238095238093	True
S1-993527714	S3-623091575	S3	fuzzy_name_address	1	0.5714285714285714	0.359375	True
S1-336067611	S3-469641439	S3	fuzzy_name_address	1	0.5714285714285714	0.325	True
S1-866369736	S2-534202335	S2	fuzzy_name_address	1	0.5714285714285714	0.3157894736842105	True
S1-44634215	S3-739270078	S3	fuzzy_name_address	1	0.5714285714285714	0.1875	True
S1-339374417	S3-571457223	S3	fuzzy_name_address	1	0.5714285714285714	0.16666666666666666	True
S1-263481527	S2-809807183	S2	fuzzy_name_address	1	0.5714285714285714	0.0	True
S1-341506266	S3-515150480	S3	fuzzy_name_address	1	0.5675675675675675	0.7816091954022989	True
S1-304785953	S2-818938450	S2	fuzzy_name_address	1	0.5675675675675675	0.34146341463414637	True
S1-22901106	S3-397199355	S3	fuzzy_name_address	1	0.5675675675675675	0.3103448275862069	True
S1-183760590	S2-947379718	S2	fuzzy_name_address	1	0.5675675675675675	0.0	True
S1-387694500	S2-960848454	S2	fuzzy_name_address	1	0.5666666666666667	0.9484536082474226	True
S1-603318865	S2-866753929	S2	fuzzy_name_address	1	0.5666666666666667	0.5428571428571428	True
S1-441593499	S3-454688069	S3	fuzzy_name_address	1	0.5666666666666667	0.5348837209302325	True
S1-674323954	S2-785756386	S2	fuzzy_name_address	1	0.5666666666666667	0.3142857142857143	True
S1-387694500	S3-77197957	S3	fuzzy_name_address	1	0.5666666666666667	0.0	True
S1-125472274	S2-152111641	S2	fuzzy_name_address	1	0.5652173913043478	0.7777777777777778	True
S1-515624637	S3-563301876	S3	fuzzy_name_address	1	0.5652173913043478	0.7027027027027027	True
S1-441322	S3-584700852	S3	fuzzy_name_address	1	0.5652173913043478	0.5806451612903226	True
S1-272091966	S3-633771519	S3	fuzzy_name_address	1	0.5652173913043478	0.5365853658536586	True
S1-835425265	S3-9987388	S3	fuzzy_name_address	1	0.5652173913043478	0.5357142857142857	True
S1-571115458	S3-279912704	S3	fuzzy_name_address	1	0.5652173913043478	0.3548387096774194	True
S1-482286138	S2-522148710	S2	fuzzy_name_address	1	0.5652173913043478	0.18518518518518517	True
S1-482286138	S3-12127054	S3	fuzzy_name_address	1	0.5652173913043478	0.16981132075471697	True
S1-392902135	S3-404689078	S3	fuzzy_name_address	1	0.5652173913043478	0.16455696202531644	True
S1-674558177	S2-470692802	S2	fuzzy_name_address	1	0.5641025641025641	0.958904109589041	True
S1-820196196	S3-512010478	S3	fuzzy_name_address	1	0.5641025641025641	0.0	True
S1-948768038	S2-398185779	S2	fuzzy_name_address	1	0.5625	0.9285714285714286	True
S1-367965660	S2-478218307	S2	fuzzy_name_address	1	0.5625	0.9047619047619048	True
S1-486510827	S3-87991948	S3	fuzzy_name_address	1	0.5625	0.8701298701298701	True
S1-447103941	S3-352754009	S3	fuzzy_name_address	1	0.5625	0.8395061728395061	True
S1-170960991	S2-674061727	S2	fuzzy_name_address	1	0.5625	0.8088235294117647	True
S1-418655393	S2-858604147	S2	fuzzy_name_address	1	0.5625	0.75	True
S1-381957415	S2-422911858	S2	fuzzy_name_address	1	0.5625	0.7	True
S1-483140947	S3-216980958	S3	fuzzy_name_address	1	0.5625	0.6	True
S1-418655393	S3-828964659	S3	fuzzy_name_address	1	0.5625	0.5405405405405406	True
S1-384152983	S3-201876749	S3	fuzzy_name_address	1	0.5625	0.5384615384615384	True
S1-844412430	S2-605869293	S2	fuzzy_name_address	1	0.5625	0.5277777777777778	True
S1-318218643	S3-492516478	S3	fuzzy_name_address	1	0.5625	0.5185185185185185	True
S1-801645099	S3-949459275	S3	fuzzy_name_address	1	0.5625	0.4857142857142857	True
S1-375348297	S2-886583288	S2	fuzzy_name_address	1	0.5625	0.46875	True
S1-252242682	S3-527367881	S3	fuzzy_name_address	1	0.5625	0.3888888888888889	True
S1-419304665	S3-474166180	S3	fuzzy_name_address	1	0.5625	0.22580645161290322	True
S1-307702274	S3-978834272	S3	fuzzy_name_address	1	0.5625	0.18666666666666668	True
S1-252242682	S2-84842746	S2	fuzzy_name_address	1	0.5625	0.10256410256410256	True
S1-883468618	S2-922415720	S2	fuzzy_name_address	1	0.56	0.9264705882352942	True
S1-850983521	S3-992529128	S3	fuzzy_name_address	1	0.56	0.4634146341463415	True
S1-913301865	S2-448343421	S2	fuzzy_name_address	1	0.5588235294117647	0.7575757575757576	True
S1-198728897	S2-132436	S2	fuzzy_name_address	1	0.5588235294117647	0.0	True
S1-336308856	S3-467978363	S3	fuzzy_name_address	1	0.5581395348837209	0.5735294117647058	True
S1-677358632	S2-772245727	S2	fuzzy_name_address	1	0.5555555555555556	0.921875	True
S1-27455843	S3-408770647	S3	fuzzy_name_address	1	0.5555555555555556	0.8035714285714286	True
S1-354705482	S2-826116224	S2	fuzzy_name_address	1	0.5555555555555556	0.8	True
S1-307045007	S2-575079520	S2	fuzzy_name_address	1	0.5555555555555556	0.72	True
S1-607646145	S2-861230026	S2	fuzzy_name_address	1	0.5555555555555556	0.7142857142857143	True
S1-542211755	S2-84543333	S2	fuzzy_name_address	1	0.5555555555555556	0.7142857142857143	True
S1-311486232	S3-641399838	S3	fuzzy_name_address	1	0.5555555555555556	0.6862745098039216	True
S1-635491453	S3-881939056	S3	fuzzy_name_address	1	0.5555555555555556	0.6666666666666666	True
S1-504442535	S2-590240721	S2	fuzzy_name_address	1	0.5555555555555556	0.6666666666666666	True
S1-279971988	S2-421146166	S2	fuzzy_name_address	1	0.5555555555555556	0.6486486486486487	True
S1-792880767	S2-950206736	S2	fuzzy_name_address	1	0.5555555555555556	0.64	True
S1-243140298	S2-37880437	S2	fuzzy_name_address	1	0.5555555555555556	0.6153846153846154	True
S1-16807998	S2-210875849	S2	fuzzy_name_address	1	0.5555555555555556	0.6129032258064516	True
S1-328105321	S2-418264359	S2	fuzzy_name_address	1	0.5555555555555556	0.6111111111111112	True
S1-830412925	S3-751123762	S3	fuzzy_name_address	1	0.5555555555555556	0.6	True
S1-989439466	S3-904934213	S3	fuzzy_name_address	1	0.5555555555555556	0.6	True
S1-989439466	S3-312396063	S3	fuzzy_name_address	1	0.5555555555555556	0.6	True
S1-252433119	S2-398533842	S2	fuzzy_name_address	1	0.5555555555555556	0.59375	True
S1-338840619	S2-844460747	S2	fuzzy_name_address	1	0.5555555555555556	0.5128205128205128	True
S1-976369483	S2-984109039	S2	fuzzy_name_address	1	0.5555555555555556	0.5	True
S1-62329201	S3-270245622	S3	fuzzy_name_address	1	0.5555555555555556	0.48717948717948717	True
S1-226564818	S3-763657951	S3	fuzzy_name_address	1	0.5555555555555556	0.4444444444444444	True
S1-486185859	S3-64539006	S3	fuzzy_name_address	1	0.5555555555555556	0.40625	True
S1-874413333	S2-991178073	S2	fuzzy_name_address	1	0.5555555555555556	0.3125	True
S1-11408993	S3-809425263	S3	fuzzy_name_address	1	0.5555555555555556	0.2708333333333333	True
S1-56629354	S3-214270764	S3	fuzzy_name_address	1	0.5555555555555556	0.25	True
S1-457615425	S2-487358904	S2	fuzzy_name_address	1	0.5555555555555556	0.0	True
S1-709888578	S3-488871868	S3	fuzzy_name_address	1	0.5526315789473685	0.43548387096774194	True
S1-357200984	S2-434005707	S2	fuzzy_name_address	1	0.5517241379310345	0.9583333333333334	True
S1-104955523	S2-324764832	S2	fuzzy_name_address	1	0.5517241379310345	0.390625	True
S1-761874846	S2-719023480	S2	fuzzy_name_address	1	0.55	0.7575757575757576	True
S1-831133424	S3-740545025	S3	fuzzy_name_address	1	0.55	0.6363636363636364	True
S1-726860670	S2-8703194	S2	fuzzy_name_address	1	0.55	0.5666666666666667	True
S1-800915873	S2-877162430	S2	fuzzy_name_address	1	0.55	0.5151515151515151	True
S1-111273522	S3-204467704	S3	fuzzy_name_address	1	0.55	0.45454545454545453	True
S1-210055577	S3-519246599	S3	fuzzy_name_address	1	0.55	0.43478260869565216	True
S1-238511000	S2-180821527	S2	fuzzy_name_address	1	0.55	0.43333333333333335	True
S1-355110377	S2-741696974	S2	fuzzy_name_address	1	0.55	0.35	True
S1-275228042	S2-865717591	S2	fuzzy_name_address	1	0.5483870967741935	0.72	True
S1-568551826	S2-518628977	S2	fuzzy_name_address	1	0.5454545454545454	0.8695652173913043	True
S1-177380392	S3-995568039	S3	fuzzy_name_address	1	0.5454545454545454	0.819672131147541	True
S1-617760637	S3-123467765	S3	fuzzy_name_address	1	0.5454545454545454	0.7714285714285715	True
S1-627406325	S2-574244569	S2	fuzzy_name_address	1	0.5454545454545454	0.7666666666666667	True
S1-925057409	S2-864301372	S2	fuzzy_name_address	1	0.5454545454545454	0.6923076923076923	True
S1-561721636	S3-435043854	S3	fuzzy_name_address	1	0.5454545454545454	0.6727272727272727	True
S1-986863583	S2-628332690	S2	fuzzy_name_address	1	0.5454545454545454	0.6176470588235294	True
S1-534520678	S3-200231913	S3	fuzzy_name_address	1	0.5454545454545454	0.5897435897435898	True
S1-906572599	S3-32436043	S3	fuzzy_name_address	1	0.5454545454545454	0.5806451612903226	True
S1-99838517	S2-256265126	S2	fuzzy_name_address	1	0.5416666666666666	0.9615384615384616	True
S1-332410345	S2-615350296	S2	fuzzy_name_address	1	0.5416666666666666	0.8771929824561403	True
S1-621488405	S3-885329267	S3	fuzzy_name_address	1	0.5416666666666666	0.7123287671232876	True
S1-16609748	S2-884975007	S2	fuzzy_name_address	1	0.5416666666666666	0.68	True
S1-762326721	S3-417513153	S3	fuzzy_name_address	1	0.5416666666666666	0.6486486486486487	True
S1-737635669	S3-857979338	S3	fuzzy_name_address	1	0.5416666666666666	0.5833333333333334	True
S1-998207330	S2-193535681	S2	fuzzy_name_address	1	0.5405405405405406	0.5822784810126582	True
S1-883468618	S2-587576840	S2	fuzzy_name_address	1	0.5384615384615384	0.9545454545454546	True
S1-187558029	S2-273759983	S2	fuzzy_name_address	1	0.5384615384615384	0.8387096774193549	True
S1-21376915	S3-710568053	S3	fuzzy_name_address	1	0.5384615384615384	0.765625	True
S1-63655361	S3-26682231	S3	fuzzy_name_address	1	0.5384615384615384	0.7272727272727273	True
S1-6504827	S2-836397520	S2	fuzzy_name_address	1	0.5384615384615384	0.7037037037037037	True
S1-710147242	S3-372705250	S3	fuzzy_name_address	1	0.5384615384615384	0.6865671641791045	True
S1-587645790	S2-974162610	S2	fuzzy_name_address	1	0.5384615384615384	0.6842105263157895	True
S1-307708702	S2-202758828	S2	fuzzy_name_address	1	0.5384615384615384	0.6842105263157895	True
S1-513115995	S3-936443358	S3	fuzzy_name_address	1	0.5384615384615384	0.68	True
S1-392214139	S3-694887844	S3	fuzzy_name_address	1	0.5384615384615384	0.6607142857142857	True
S1-671445253	S2-510085826	S2	fuzzy_name_address	1	0.5384615384615384	0.65625	True
S1-863881054	S2-714343564	S2	fuzzy_name_address	1	0.5365853658536586	0.8571428571428571	True
S1-904479856	S2-990269864	S2	fuzzy_name_address	1	0.5365853658536586	0.6060606060606061	True
S1-415042128	S2-746642269	S2	fuzzy_name_address	1	0.5357142857142857	0.7288135593220338	True
S1-778456014	S2-337228324	S2	fuzzy_name_address	1	0.5333333333333333	0.8571428571428571	True
S1-933356469	S2-530038004	S2	fuzzy_name_address	1	0.5333333333333333	0.8	True
S1-377745466	S3-836170816	S3	fuzzy_name_address	1	0.5333333333333333	0.7878787878787878	True
S1-196390702	S3-926980878	S3	fuzzy_name_address	1	0.5333333333333333	0.78	True
S1-859252896	S3-373092726	S3	fuzzy_name_address	1	0.5333333333333333	0.75	True
S1-769172378	S2-977119232	S2	fuzzy_name_address	1	0.5333333333333333	0.7142857142857143	True
S1-749745623	S2-938842806	S2	fuzzy_name_address	1	0.5333333333333333	0.6785714285714286	True
S1-694085192	S2-820989203	S2	fuzzy_name_address	1	0.5333333333333333	0.6666666666666666	True
S1-999555430	S3-856934462	S3	fuzzy_name_address	1	0.5333333333333333	0.5882352941176471	True
S1-45964697	S2-784156729	S2	fuzzy_name_address	1	0.53125	0.9	True
S1-21981800	S2-74403648	S2	fuzzy_name_address	1	0.53125	0.6333333333333333	True
S1-392219093	S2-264749802	S2	fuzzy_name_address	1	0.5294117647058824	0.9512195121951219	True
S1-393157555	S2-414823814	S2	fuzzy_name_address	1	0.5294117647058824	0.88	True
S1-392219093	S2-155522921	S2	fuzzy_name_address	1	0.5294117647058824	0.7555555555555555	True
S1-543127091	S2-185502700	S2	fuzzy_name_address	1	0.5294117647058824	0.7037037037037037	True
S1-56835737	S2-356840234	S2	fuzzy_name_address	1	0.5294117647058824	0.7	True
S1-194603851	S2-65907350	S2	fuzzy_name_address	1	0.5294117647058824	0.65625	True
S1-734659223	S2-212840736	S2	fuzzy_name_address	1	0.5294117647058824	0.6129032258064516	True
S1-910150597	S3-872314779	S3	fuzzy_name_address	1	0.5294117647058824	0.6046511627906976	True
S1-652331096	S2-844451178	S2	fuzzy_name_address	1	0.5294117647058824	0.6	True
S1-581797355	S2-274005428	S2	fuzzy_name_address	1	0.5277777777777778	0.8604651162790697	True
S1-326704888	S2-372345516	S2	fuzzy_name_address	1	0.5277777777777778	0.8285714285714286	True
S1-404124513	S3-558350987	S3	fuzzy_name_address	1	0.5277777777777778	0.8214285714285714	True
S1-891539767	S2-535922495	S2	fuzzy_name_address	1	0.5277777777777778	0.6808510638297872	True
S1-631840437	S3-664554414	S3	fuzzy_name_address	1	0.5277777777777778	0.5952380952380952	True
S1-122618676	S2-943937483	S2	fuzzy_name_address	1	0.5263157894736842	0.8333333333333334	True
S1-652651286	S3-607679243	S3	fuzzy_name_address	1	0.5263157894736842	0.7363636363636363	True
S1-205103751	S2-860894930	S2	fuzzy_name_address	1	0.5263157894736842	0.7241379310344828	True
S1-470841570	S3-796589634	S3	fuzzy_name_address	1	0.5263157894736842	0.65625	True
S1-205103751	S2-42445297	S2	fuzzy_name_address	1	0.5263157894736842	0.6	True
S1-312194988	S3-98278704	S3	fuzzy_name_address	1	0.5263157894736842	0.5882352941176471	True
S1-368348061	S2-621867288	S2	fuzzy_name_address	1	0.5263157894736842	0.5555555555555556	True
S1-872627167	S2-492149082	S2	fuzzy_name_address	1	0.5238095238095238	0.8909090909090909	True
S1-415042128	S2-30568957	S2	fuzzy_name_address	1	0.5238095238095238	0.7288135593220338	True
S1-349719765	S3-300364657	S3	fuzzy_name_address	1	0.5238095238095238	0.6538461538461539	True
S1-746193689	S3-444177192	S3	fuzzy_name_address	1	0.5238095238095238	0.6052631578947368	True
S1-585407266	S2-829517172	S2	fuzzy_name_address	1	0.5217391304347826	0.7777777777777778	True
S1-544301808	S2-152166163	S2	fuzzy_name_address	1	0.5217391304347826	0.5833333333333334	True
S1-440023753	S3-970385735	S3	fuzzy_name_address	1	0.5217391304347826	0.5666666666666667	True
S1-821523654	S2-693378967	S2	fuzzy_name_address	1	0.52	0.8125	True
S1-821523654	S3-568032686	S3	fuzzy_name_address	1	0.52	0.7837837837837838	True
S1-981091224	S2-835120852	S2	fuzzy_name_address	1	0.52	0.5925925925925926	True
S1-95503899	S3-52775268	S3	fuzzy_name_address	1	0.5185185185185185	0.7763157894736842	True
S1-929809097	S2-591735846	S2	fuzzy_name_address	1	0.5185185185185185	0.7096774193548387	True
S1-863544866	S2-657748814	S2	fuzzy_name_address	1	0.5185185185185185	0.696969696969697	True
S1-362520	S3-416024708	S3	fuzzy_name_address	1	0.5185185185185185	0.5652173913043478	True
S1-339374417	S2-446792196	S2	fuzzy_name_address	1	0.5172413793103449	0.8852459016393442	True
S1-846529766	S2-133143908	S2	fuzzy_name_address	1	0.5172413793103449	0.575	True
S1-489817305	S2-524450384	S2	fuzzy_name_address	1	0.5161290322580645	0.782608695652174	True
S1-17225841	S3-535179494	S3	fuzzy_name_address	1	0.5161290322580645	0.5538461538461539	True
S1-868064087	S2-512704372	S2	fuzzy_name_address	1	0.5151515151515151	0.8354430379746836	True
S1-186761262	S2-892595869	S2	fuzzy_name_address	1	0.5151515151515151	0.7894736842105263	True
S1-561721636	S3-955261621	S3	fuzzy_name_address	1	0.5151515151515151	0.6363636363636364	True
S1-228678189	S2-497426027	S2	fuzzy_name_address	1	0.5128205128205128	1.0	True
S1-774387323	S2-786970235	S2	fuzzy_name_address	1	0.5	0.9230769230769231	True
S1-278756630	S2-830975909	S2	fuzzy_name_address	1	0.5	0.8695652173913043	True
S1-317610576	S2-74744199	S2	fuzzy_name_address	1	0.5	0.8615384615384616	True
S1-453223583	S3-123982953	S3	fuzzy_name_address	1	0.5	0.8571428571428571	True
S1-368357600	S3-234185534	S3	fuzzy_name_address	1	0.5	0.8382352941176471	True
S1-820935401	S2-890315797	S2	fuzzy_name_address	1	0.5	0.8243243243243243	True
S1-790771894	S2-368928087	S2	fuzzy_name_address	1	0.5	0.8148148148148148	True
S1-217259238	S3-489783956	S3	fuzzy_name_address	1	0.5	0.8076923076923077	True
S1-116247627	S2-474566266	S2	fuzzy_name_address	1	0.5	0.8	True
S1-408835967	S2-671531215	S2	fuzzy_name_address	1	0.5	0.8	True
S1-308240187	S2-3536731	S2	fuzzy_name_address	1	0.5	0.7931034482758621	True
S1-271520763	S2-617063801	S2	fuzzy_name_address	1	0.5	0.782608695652174	True
S1-86804153	S2-844614219	S2	fuzzy_name_address	1	0.5	0.7631578947368421	True
S1-898630961	S2-836286515	S2	fuzzy_name_address	1	0.5	0.7575757575757576	True
S1-909955989	S3-715056846	S3	fuzzy_name_address	1	0.5	0.7551020408163265	True
S1-669754446	S2-695643425	S2	fuzzy_name_address	1	0.5	0.7536231884057971	True
S1-196390702	S3-538143738	S3	fuzzy_name_address	1	0.5	0.74	True
S1-666876590	S2-409273	S2	fuzzy_name_address	1	0.5	0.7321428571428571	True
S1-182662840	S2-691752892	S2	fuzzy_name_address	1	0.5	0.7241379310344828	True
S1-388325812	S3-349217848	S3	fuzzy_name_address	1	0.5	0.7142857142857143	True
S1-571376605	S2-587418575	S2	fuzzy_name_address	1	0.5	0.7	True
S1-368357600	S2-101707408	S2	fuzzy_name_address	1	0.5	0.6986301369863014	True
S1-925443249	S3-657719376	S3	fuzzy_name_address	1	0.5	0.6984126984126984	True
S1-170295653	S2-468484708	S2	fuzzy_name_address	1	0.5	0.696969696969697	True
S1-601945198	S3-781937274	S3	fuzzy_name_address	1	0.5	0.6785714285714286	True
S1-34916446	S3-822072842	S3	fuzzy_name_address	1	0.5	0.6781609195402298	True
S1-108027852	S2-979600911	S2	fuzzy_name_address	1	0.5	0.6774193548387096	True
S1-585187511	S2-344874991	S2	fuzzy_name_address	1	0.5	0.6666666666666666	True
S1-694085192	S2-382062434	S2	fuzzy_name_address	1	0.5	0.6666666666666666	True
S1-202909837	S2-726265291	S2	fuzzy_name_address	1	0.5	0.6578947368421053	True
S1-327370768	S2-197708977	S2	fuzzy_name_address	1	0.5	0.6571428571428571	True
S1-536638885	S2-54080216	S2	fuzzy_name_address	1	0.5	0.6551724137931034	True
S1-846028981	S3-473512786	S3	fuzzy_name_address	1	0.5	0.6458333333333334	True
S1-272502295	S3-594844443	S3	fuzzy_name_address	1	0.5	0.6451612903225806	True
S1-951871591	S3-764399082	S3	fuzzy_name_address	1	0.5	0.6428571428571429	True
S1-336067611	S3-173736816	S3	fuzzy_name_address	1	0.5	0.6333333333333333	True
S1-839067903	S3-809237962	S3	fuzzy_name_address	1	0.5	0.6176470588235294	True
S1-299278979	S3-171378770	S3	fuzzy_name_address	1	0.5	0.6129032258064516	True
S1-562989120	S3-825790614	S3	fuzzy_name_address	1	0.5	0.6046511627906976	True
S1-667406578	S2-136825099	S2	fuzzy_name_address	1	0.5	0.5945945945945946	True
S1-363414052	S2-857674782	S2	fuzzy_name_address	1	0.5	0.59375	True
S1-66358218	S2-461546340	S2	fuzzy_name_address	1	0.5	0.5925925925925926	True
S1-362520	S3-75956123	S3	fuzzy_name_address	1	0.5	0.5652173913043478	True
S1-509283665	S2-632563050	S2	fuzzy_name_address	1	0.5	0.5555555555555556	True
S1-376690332	S2-787570292	S2	fuzzy_name_address	1	0.4864864864864865	0.9393939393939394	True
S1-86804153	S2-941915019	S2	fuzzy_name_address	1	0.4864864864864865	0.6666666666666666	True
S1-769172378	S2-754328130	S2	fuzzy_name_address	1	0.4857142857142857	0.7142857142857143	True
S1-80960427	S3-318861232	S3	fuzzy_name_address	1	0.4857142857142857	0.7	True
S1-423126373	S2-272413498	S2	fuzzy_name_address	1	0.48484848484848486	0.7719298245614035	True
S1-680008372	S2-474048096	S2	fuzzy_name_address	1	0.48484848484848486	0.7659574468085106	True
S1-762326721	S2-695744868	S2	fuzzy_name_address	1	0.4838709677419355	0.75	True
S1-95925372	S3-764234530	S3	fuzzy_name_address	1	0.4838709677419355	0.6	True
S1-946744214	S2-351159688	S2	fuzzy_name_address	1	0.4827586206896552	0.9555555555555556	True
S1-470845482	S2-448989652	S2	fuzzy_name_address	1	0.4827586206896552	0.746268656716418	True
S1-486185859	S3-369569928	S3	fuzzy_name_address	1	0.4827586206896552	0.7272727272727273	True
S1-211678907	S2-436877380	S2	fuzzy_name_address	1	0.48148148148148145	0.7796610169491526	True
S1-858093716	S3-605635133	S3	fuzzy_name_address	1	0.48148148148148145	0.6551724137931034	True
S1-311090979	S2-252555009	S2	fuzzy_name_address	1	0.48148148148148145	0.5588235294117647	True
S1-38402575	S2-983083764	S2	fuzzy_name_address	1	0.48	0.8481012658227848	True
S1-369632481	S2-703513488	S2	fuzzy_name_address	1	0.48	0.8	True
S1-298019640	S2-67103359	S2	fuzzy_name_address	1	0.48	0.7857142857142857	True
S1-853993166	S3-792063821	S3	fuzzy_name_address	1	0.48	0.7727272727272727	True
S1-20031068	S2-289390052	S2	fuzzy_name_address	1	0.48	0.7619047619047619	True
S1-673498458	S3-865212297	S3	fuzzy_name_address	1	0.48	0.6451612903225806	True
S1-476132624	S3-71695295	S3	fuzzy_name_address	1	0.4782608695652174	0.7	True
S1-908932165	S3-811500798	S3	fuzzy_name_address	1	0.4782608695652174	0.6136363636363636	True
S1-109545202	S2-215017748	S2	fuzzy_name_address	1	0.4772727272727273	0.7931034482758621	True
S1-715992753	S3-4416198	S3	fuzzy_name_address	1	0.47619047619047616	0.8448275862068966	True
S1-652651286	S2-49863745	S2	fuzzy_name_address	1	0.47619047619047616	0.8269230769230769	True
S1-987779515	S2-153940374	S2	fuzzy_name_address	1	0.47619047619047616	0.6666666666666666	True
S1-844412430	S3-185975387	S3	fuzzy_name_address	1	0.47619047619047616	0.65	True
S1-831133424	S3-543748845	S3	fuzzy_name_address	1	0.47619047619047616	0.6363636363636364	True
S1-148845479	S2-479448163	S2	fuzzy_name_address	1	0.47619047619047616	0.5588235294117647	True
S1-909532705	S2-592311860	S2	fuzzy_name_address	1	0.47368421052631576	0.8333333333333334	True
S1-656987935	S2-166612865	S2	fuzzy_name_address	1	0.47368421052631576	0.75	True
S1-952136084	S2-720022842	S2	fuzzy_name_address	1	0.47368421052631576	0.696969696969697	True
S1-279661956	S2-541717344	S2	fuzzy_name_address	1	0.47368421052631576	0.6818181818181818	True
S1-830412925	S2-143411964	S2	fuzzy_name_address	1	0.47368421052631576	0.6153846153846154	True
S1-656987935	S2-943844849	S2	fuzzy_name_address	1	0.47368421052631576	0.5853658536585366	True
S1-148958598	S3-438267592	S3	fuzzy_name_address	1	0.4722222222222222	0.9090909090909091	True
S1-767396971	S2-582466752	S2	fuzzy_name_address	1	0.47058823529411764	0.9	True
S1-576857452	S2-51849291	S2	fuzzy_name_address	1	0.47058823529411764	0.6851851851851852	True
S1-774387323	S2-122143038	S2	fuzzy_name_address	1	0.47058823529411764	0.6551724137931034	True
S1-987779515	S3-306589361	S3	fuzzy_name_address	1	0.47058823529411764	0.625	True
S1-438047370	S2-430134168	S2	fuzzy_name_address	1	0.47058823529411764	0.5555555555555556	True
S1-236963798	S2-183439832	S2	fuzzy_name_address	1	0.47058823529411764	0.5517241379310345	True
S1-881535873	S2-642463929	S2	fuzzy_name_address	1	0.46875	0.922077922077922	True
S1-17573606	S3-544605768	S3	fuzzy_name_address	1	0.46875	0.8285714285714286	True
S1-621386822	S2-247294505	S2	fuzzy_name_address	1	0.46875	0.7368421052631579	True
S1-349458496	S2-632154757	S2	fuzzy_name_address	1	0.46875	0.7142857142857143	True
S1-542211755	S2-778340028	S2	fuzzy_name_address	1	0.46875	0.7142857142857143	True
S1-305440895	S2-594436200	S2	fuzzy_name_address	1	0.4666666666666667	0.9607843137254902	True
S1-539197690	S2-458208456	S2	fuzzy_name_address	1	0.4666666666666667	0.8513513513513513	True
S1-539197690	S2-212272105	S2	fuzzy_name_address	1	0.4666666666666667	0.8513513513513513	True
S1-985038901	S3-216786851	S3	fuzzy_name_address	1	0.4666666666666667	0.8064516129032258	True
S1-590317213	S2-531380470	S2	fuzzy_name_address	1	0.4666666666666667	0.7058823529411765	True
S1-965549055	S2-147779226	S2	fuzzy_name_address	1	0.4666666666666667	0.7037037037037037	True
S1-863544866	S2-396904695	S2	fuzzy_name_address	1	0.4666666666666667	0.696969696969697	True
S1-820394674	S3-71026553	S3	fuzzy_name_address	1	0.4666666666666667	0.6896551724137931	True
S1-772324975	S3-977786755	S3	fuzzy_name_address	1	0.4666666666666667	0.6578947368421053	True
S1-340929942	S2-218985360	S2	fuzzy_name_address	1	0.4666666666666667	0.6153846153846154	True
S1-949279814	S2-109268847	S2	fuzzy_name_address	1	0.4666666666666667	0.6	True
S1-501989527	S2-97693235	S2	fuzzy_name_address	1	0.4642857142857143	0.5757575757575758	True
S1-457922425	S2-269716551	S2	fuzzy_name_address	1	0.4634146341463415	0.9154929577464789	True
S1-557511339	S2-180602673	S2	fuzzy_name_address	1	0.46153846153846156	0.8571428571428571	True
S1-317610576	S2-504644294	S2	fuzzy_name_address	1	0.46153846153846156	0.8333333333333334	True
S1-192327811	S3-282250085	S3	fuzzy_name_address	1	0.46153846153846156	0.8205128205128205	True
S1-199433633	S2-60950650	S2	fuzzy_name_address	1	0.46153846153846156	0.7368421052631579	True
S1-385823757	S2-208238888	S2	fuzzy_name_address	1	0.46153846153846156	0.7021276595744681	True
S1-928914408	S3-950760835	S3	fuzzy_name_address	1	0.46153846153846156	0.6857142857142857	True
S1-585692765	S2-761789396	S2	fuzzy_name_address	1	0.46153846153846156	0.6333333333333333	True
S1-627864371	S3-910484734	S3	fuzzy_name_address	1	0.4583333333333333	0.7	True
S1-626914593	S3-594660686	S3	fuzzy_name_address	1	0.4583333333333333	0.6557377049180327	True
S1-676648395	S2-873160450	S2	fuzzy_name_address	1	0.4583333333333333	0.6301369863013698	True
S1-529148390	S3-695353747	S3	fuzzy_name_address	1	0.45714285714285713	0.6451612903225806	True
S1-959671957	S2-654019677	S2	fuzzy_name_address	1	0.45652173913043476	0.9090909090909091	True
S1-831843558	S2-681892599	S2	fuzzy_name_address	1	0.45454545454545453	0.8260869565217391	True
S1-256480068	S2-370211822	S2	fuzzy_name_address	1	0.45454545454545453	0.8076923076923077	True
S1-621761582	S3-476922507	S3	fuzzy_name_address	1	0.45454545454545453	0.7611940298507462	True
S1-681392030	S2-501358496	S2	fuzzy_name_address	1	0.45454545454545453	0.7608695652173914	True
S1-340817900	S3-215630734	S3	fuzzy_name_address	1	0.45454545454545453	0.7333333333333333	True
S1-945650918	S3-218583634	S3	fuzzy_name_address	1	0.45454545454545453	0.7142857142857143	True
S1-429691516	S2-656967393	S2	fuzzy_name_address	1	0.45454545454545453	0.7142857142857143	True
S1-336067611	S3-453093563	S3	fuzzy_name_address	1	0.45454545454545453	0.6896551724137931	True
S1-125472274	S2-218583667	S2	fuzzy_name_address	1	0.45454545454545453	0.6739130434782609	True
S1-537121104	S3-77732141	S3	fuzzy_name_address	1	0.45454545454545453	0.6571428571428571	True
S1-391141182	S2-213904594	S2	fuzzy_name_address	1	0.45454545454545453	0.6071428571428571	True
S1-533049965	S3-775766417	S3	fuzzy_name_address	1	0.4523809523809524	0.8472222222222222	True
S1-585692765	S2-546666955	S2	fuzzy_name_address	1	0.4523809523809524	0.6	True
S1-906079981	S3-745426542	S3	fuzzy_name_address	1	0.45161290322580644	0.9354838709677419	True
S1-121839562	S2-502898971	S2	fuzzy_name_address	1	0.45161290322580644	0.8333333333333334	True
S1-149302771	S2-709343500	S2	fuzzy_name_address	1	0.45161290322580644	0.7666666666666667	True
S1-800294363	S3-843752369	S3	fuzzy_name_address	1	0.45161290322580644	0.76	True
S1-709888578	S2-139512553	S2	fuzzy_name_address	1	0.45161290322580644	0.7419354838709677	True
S1-182662840	S3-811528101	S3	fuzzy_name_address	1	0.45161290322580644	0.6060606060606061	True
S1-870525516	S2-463660592	S2	fuzzy_name_address	1	0.45	0.9743589743589743	True
S1-809295456	S3-432783832	S3	fuzzy_name_address	1	0.45	0.7708333333333334	True
S1-684624531	S2-553665270	S2	fuzzy_name_address	1	0.4482758620689655	0.7101449275362319	True
S1-881015038	S3-724851583	S3	fuzzy_name_address	1	0.4444444444444444	0.7857142857142857	True
S1-940115232	S3-946614984	S3	fuzzy_name_address	1	0.4444444444444444	0.7592592592592593	True
S1-500552277	S2-613760087	S2	fuzzy_name_address	1	0.4444444444444444	0.7037037037037037	True
S1-753180274	S3-434505955	S3	fuzzy_name_address	1	0.4444444444444444	0.6825396825396826	True
S1-8092452	S3-183988476	S3	fuzzy_name_address	1	0.4444444444444444	0.6470588235294118	True
S1-830412925	S3-838786995	S3	fuzzy_name_address	1	0.4444444444444444	0.5862068965517241	True
S1-499302167	S3-76582686	S3	fuzzy_name_address	1	0.4444444444444444	0.5833333333333334	True
S1-745218864	S3-442108469	S3	fuzzy_name_address	1	0.4411764705882353	0.6666666666666666	True
S1-527408099	S2-906060441	S2	fuzzy_name_address	1	0.4411764705882353	0.6056338028169014	True
S1-615738219	S2-736811334	S2	fuzzy_name_address	1	0.44	0.6285714285714286	True
S1-667406578	S3-591767607	S3	fuzzy_name_address	1	0.4375	0.7096774193548387	True
S1-904228116	S3-820751238	S3	fuzzy_name_address	1	0.4375	0.6388888888888888	True
S1-974991176	S3-766777210	S3	fuzzy_name_address	1	0.4358974358974359	0.6923076923076923	True
S1-408130216	S3-812036647	S3	fuzzy_name_address	1	0.43478260869565216	0.5833333333333334	True
S1-412010600	S2-879790094	S2	fuzzy_name_address	1	0.43333333333333335	0.9583333333333334	True
S1-232999426	S2-532588837	S2	fuzzy_name_address	1	0.43333333333333335	0.8979591836734694	True
S1-373457471	S3-587070664	S3	fuzzy_name_address	1	0.43333333333333335	0.8953488372093024	True
S1-417074218	S3-171555434	S3	fuzzy_name_address	1	0.43333333333333335	0.6545454545454545	True
S1-569898026	S2-171586832	S2	fuzzy_name_address	1	0.42857142857142855	0.9642857142857143	True
S1-86014575	S3-379815973	S3	fuzzy_name_address	1	0.42857142857142855	0.9393939393939394	True
S1-773968745	S2-40624964	S2	fuzzy_name_address	1	0.42857142857142855	0.88	True
S1-552065633	S2-89455003	S2	fuzzy_name_address	1	0.42857142857142855	0.8493150684931506	True
S1-962416500	S2-696198184	S2	fuzzy_name_address	1	0.42857142857142855	0.8170731707317073	True
S1-212460801	S2-617119666	S2	fuzzy_name_address	1	0.42857142857142855	0.8148148148148148	True
S1-778456014	S3-315273814	S3	fuzzy_name_address	1	0.42857142857142855	0.7976190476190477	True
S1-401372098	S2-58252265	S2	fuzzy_name_address	1	0.42857142857142855	0.7777777777777778	True
S1-552720726	S3-772001157	S3	fuzzy_name_address	1	0.42857142857142855	0.7294117647058823	True
S1-240050566	S3-509765407	S3	fuzzy_name_address	1	0.42857142857142855	0.71875	True
S1-142631764	S2-371449326	S2	fuzzy_name_address	1	0.42857142857142855	0.7037037037037037	True
S1-328371553	S2-972054383	S2	fuzzy_name_address	1	0.42857142857142855	0.6847826086956522	True
S1-328371553	S2-416709807	S2	fuzzy_name_address	1	0.42857142857142855	0.6666666666666666	True
S1-915022305	S3-857332206	S3	fuzzy_name_address	1	0.42857142857142855	0.65625	True
S1-328371553	S3-891485904	S3	fuzzy_name_address	1	0.42857142857142855	0.6385542168674698	True
S1-328164935	S2-289125980	S2	fuzzy_name_address	1	0.42857142857142855	0.6285714285714286	True
S1-6504827	S3-305588707	S3	fuzzy_name_address	1	0.42857142857142855	0.6	True
S1-220020462	S3-623969286	S3	fuzzy_name_address	1	0.42857142857142855	0.5526315789473685	True
S1-119783341	S2-225659591	S2	fuzzy_name_address	1	0.4230769230769231	0.9565217391304348	True
S1-241686597	S3-84276127	S3	fuzzy_name_address	1	0.4230769230769231	0.6451612903225806	True
S1-870254921	S2-763535749	S2	fuzzy_name_address	1	0.4230769230769231	0.559322033898305	True
S1-622557613	S2-187526768	S2	fuzzy_name_address	1	0.42105263157894735	0.8846153846153846	True
S1-303791674	S2-56047275	S2	fuzzy_name_address	1	0.42105263157894735	0.8809523809523809	True
S1-633779655	S2-334509084	S2	fuzzy_name_address	1	0.42105263157894735	0.6666666666666666	True
S1-401761505	S3-17464132	S3	fuzzy_name_address	1	0.42105263157894735	0.6206896551724138	True
S1-954886409	S2-854432854	S2	fuzzy_name_address	1	0.42105263157894735	0.6129032258064516	True
S1-31462693	S3-835395928	S3	fuzzy_name_address	1	0.42105263157894735	0.6	True
S1-89160825	S2-928829765	S2	fuzzy_name_address	1	0.41935483870967744	0.7297297297297297	True
S1-664267481	S3-787923321	S3	fuzzy_name_address	1	0.41935483870967744	0.6	True
S1-804663373	S2-498698607	S2	fuzzy_name_address	1	0.4166666666666667	0.8490566037735849	True
S1-194603851	S2-782753496	S2	fuzzy_name_address	1	0.4166666666666667	0.8064516129032258	True
S1-106671505	S3-394281590	S3	fuzzy_name_address	1	0.4166666666666667	0.75	True
S1-915022305	S3-756557772	S3	fuzzy_name_address	1	0.4166666666666667	0.65625	True
S1-663284662	S2-578505180	S2	fuzzy_name_address	1	0.4166666666666667	0.6521739130434783	True
S1-527408099	S2-25729373	S2	fuzzy_name_address	1	0.4166666666666667	0.6056338028169014	True
S1-382138150	S2-955000392	S2	fuzzy_name_address	1	0.41379310344827586	0.8194444444444444	True
S1-863544866	S3-519972100	S3	fuzzy_name_address	1	0.41379310344827586	0.8153846153846154	True
S1-560848017	S2-639806092	S2	fuzzy_name_address	1	0.41379310344827586	0.7741935483870968	True
S1-385823757	S2-376558932	S2	fuzzy_name_address	1	0.41379310344827586	0.7021276595744681	True
S1-685028795	S3-250397855	S3	fuzzy_name_address	1	0.41379310344827586	0.671875	True
S1-66101502	S2-61752601	S2	fuzzy_name_address	1	0.4117647058823529	0.8620689655172413	True
S1-949279814	S3-825466531	S3	fuzzy_name_address	1	0.4117647058823529	0.68	True
S1-619895264	S3-673953617	S3	fuzzy_name_address	1	0.4117647058823529	0.6785714285714286	True
S1-915479091	S3-424951867	S3	fuzzy_name_address	1	0.4117647058823529	0.6666666666666666	True
S1-184201555	S3-288391793	S3	fuzzy_name_address	1	0.4117647058823529	0.6578947368421053	True
S1-202530197	S2-343586734	S2	fuzzy_name_address	1	0.4090909090909091	0.6538461538461539	True
S1-487652257	S2-695864569	S2	fuzzy_name_address	1	0.4090909090909091	0.5666666666666667	True
S1-958577120	S2-614945214	S2	fuzzy_name_address	1	0.4074074074074074	0.7090909090909091	True
S1-851769617	S2-417300244	S2	fuzzy_name_address	1	0.4074074074074074	0.6363636363636364	True
S1-491337400	S3-32770541	S3	fuzzy_name_address	1	0.40625	0.7666666666666667	True
S1-682041645	S2-417273937	S2	fuzzy_name_address	1	0.40625	0.75	True
S1-638785454	S2-158017427	S2	fuzzy_name_address	1	0.40625	0.7375	True
S1-298646564	S2-763329924	S2	fuzzy_name_address	1	0.40625	0.7272727272727273	True
S1-569100881	S3-179636980	S3	fuzzy_name_address	1	0.4	0.8860759493670886	True
S1-505869859	S3-882498611	S3	fuzzy_name_address	1	0.4	0.8529411764705882	True
S1-295624434	S2-546623041	S2	fuzzy_name_address	1	0.4	0.8421052631578947	True
S1-811584019	S2-518285727	S2	fuzzy_name_address	1	0.4	0.8148148148148148	True
S1-338830003	S2-846661659	S2	fuzzy_name_address	1	0.4	0.8076923076923077	True
S1-94297591	S2-442481350	S2	fuzzy_name_address	1	0.4	0.7931034482758621	True
S1-671129885	S2-811349806	S2	fuzzy_name_address	1	0.4	0.7647058823529411	True
S1-57859332	S2-170181999	S2	fuzzy_name_address	1	0.4	0.7307692307692307	True
S1-999555430	S2-611061328	S2	fuzzy_name_address	1	0.4	0.7241379310344828	True
S1-574668375	S3-59072810	S3	fuzzy_name_address	1	0.4	0.7142857142857143	True
S1-75627448	S2-580899262	S2	fuzzy_name_address	1	0.4	0.6956521739130435	True
S1-691663442	S2-666482662	S2	fuzzy_name_address	1	0.4	0.6756756756756757	True
S1-323199760	S2-312492348	S2	fuzzy_name_address	1	0.4	0.631578947368421	True
S1-553712807	S2-103542778	S2	fuzzy_name_address	1	0.4	0.5925925925925926	True
S1-130264484	S3-789536190	S3	fuzzy_name_address	1	0.4	0.5897435897435898	True
S1-980320825	S3-930403577	S3	fuzzy_name_address	1	0.4	0.5833333333333334	True
S1-91085118	S2-136435287	S2	fuzzy_name_address	1	0.3953488372093023	0.8333333333333334	True
S1-942221484	S2-981271757	S2	fuzzy_name_address	1	0.39473684210526316	0.8	True
S1-576857452	S3-534158896	S3	fuzzy_name_address	1	0.39473684210526316	0.7719298245614035	True
S1-852845726	S3-718006269	S3	fuzzy_name_address	1	0.39285714285714285	0.7777777777777778	True
S1-382234885	S2-804983462	S2	fuzzy_name_address	1	0.39285714285714285	0.7272727272727273	True
S1-774836812	S2-247393277	S2	fuzzy_name_address	1	0.39285714285714285	0.5806451612903226	True
S1-767939959	S2-69142506	S2	fuzzy_name_address	1	0.39285714285714285	0.5555555555555556	True
S1-796967309	S3-195296771	S3	fuzzy_name_address	1	0.391304347826087	0.7941176470588235	True
S1-512288351	S2-123887941	S2	fuzzy_name_address	1	0.391304347826087	0.7123287671232876	True
S1-451077707	S3-92853611	S3	fuzzy_name_address	1	0.391304347826087	0.6666666666666666	True
S1-417264639	S3-629415035	S3	fuzzy_name_address	1	0.391304347826087	0.6486486486486487	True
S1-755362802	S2-587230276	S2	fuzzy_name_address	1	0.391304347826087	0.6122448979591837	True
S1-943911835	S3-687998141	S3	fuzzy_name_address	1	0.3888888888888889	0.8888888888888888	True
S1-684012770	S3-319677962	S3	fuzzy_name_address	1	0.3888888888888889	0.7931034482758621	True
S1-942654297	S2-897306309	S2	fuzzy_name_address	1	0.3888888888888889	0.7319587628865979	True
S1-31462693	S2-976403108	S2	fuzzy_name_address	1	0.3888888888888889	0.7272727272727273	True
S1-156883486	S3-71161271	S3	fuzzy_name_address	1	0.3870967741935484	0.8421052631578947	True
S1-263994317	S2-824812354	S2	fuzzy_name_address	1	0.3870967741935484	0.7916666666666666	True
S1-893733254	S2-178766575	S2	fuzzy_name_address	1	0.38461538461538464	0.8452380952380952	True
S1-133868991	S2-209534171	S2	fuzzy_name_address	1	0.38461538461538464	0.8	True
S1-915189817	S2-613686982	S2	fuzzy_name_address	1	0.38461538461538464	0.6363636363636364	True
S1-367965660	S2-5725583	S2	fuzzy_name_address	1	0.38095238095238093	0.9047619047619048	True
S1-152556345	S2-616041974	S2	fuzzy_name_address	1	0.38095238095238093	0.8148148148148148	True
S1-479915851	S3-269876572	S3	fuzzy_name_address	1	0.38095238095238093	0.7714285714285715	True
S1-722578559	S2-270316866	S2	fuzzy_name_address	1	0.38095238095238093	0.7333333333333333	True
S1-821523654	S2-561207622	S2	fuzzy_name_address	1	0.3793103448275862	0.8125	True
S1-131053132	S3-265901131	S3	fuzzy_name_address	1	0.3793103448275862	0.6388888888888888	True
S1-795245610	S3-561975575	S3	fuzzy_name_address	1	0.37777777777777777	0.6190476190476191	True
S1-716442915	S2-998330328	S2	fuzzy_name_address	1	0.375	0.9655172413793104	True
S1-558011533	S2-429797718	S2	fuzzy_name_address	1	0.375	0.8225806451612904	True
S1-125472274	S3-176715932	S3	fuzzy_name_address	1	0.375	0.782608695652174	True
S1-887193507	S2-215822373	S2	fuzzy_name_address	1	0.375	0.6785714285714286	True
S1-351491429	S2-974078304	S2	fuzzy_name_address	1	0.375	0.6666666666666666	True
S1-143671838	S3-255543002	S3	fuzzy_name_address	1	0.375	0.6612903225806451	True
S1-823731657	S2-199585550	S2	fuzzy_name_address	1	0.375	0.6538461538461539	True
S1-8813651	S3-585334001	S3	fuzzy_name_address	1	0.375	0.627906976744186	True
S1-775313117	S3-966279117	S3	fuzzy_name_address	1	0.375	0.6176470588235294	True
S1-75627448	S3-562390632	S3	fuzzy_name_address	1	0.375	0.5806451612903226	True
S1-580966525	S2-687151539	S2	fuzzy_name_address	1	0.37142857142857144	0.8192771084337349	True
S1-17225841	S2-514287364	S2	fuzzy_name_address	1	0.37037037037037035	0.7346938775510204	True
S1-603318865	S3-883123992	S3	fuzzy_name_address	1	0.37037037037037035	0.6585365853658537	True
S1-606725408	S3-578712267	S3	fuzzy_name_address	1	0.37037037037037035	0.65625	True
S1-866481061	S3-322964355	S3	fuzzy_name_address	1	0.37037037037037035	0.5774647887323944	True
S1-761286259	S2-880644810	S2	fuzzy_name_address	1	0.3684210526315789	0.8571428571428571	True
S1-369859179	S2-531916510	S2	fuzzy_name_address	1	0.36363636363636365	0.9622641509433962	True
S1-238331147	S2-432919674	S2	fuzzy_name_address	1	0.36363636363636365	0.8913043478260869	True
S1-298019640	S2-925776645	S2	fuzzy_name_address	1	0.36363636363636365	0.7857142857142857	True
S1-578641214	S2-124089131	S2	fuzzy_name_address	1	0.36363636363636365	0.7428571428571429	True
S1-771609668	S2-674672318	S2	fuzzy_name_address	1	0.36363636363636365	0.6507936507936508	True
S1-585187511	S2-337706372	S2	fuzzy_name_address	1	0.36363636363636365	0.5757575757575758	True
S1-142288436	S3-932431180	S3	fuzzy_name_address	1	0.36363636363636365	0.5645161290322581	True
S1-908932165	S2-816843409	S2	fuzzy_name_address	1	0.36	0.8055555555555556	True
S1-898355913	S2-799011728	S2	fuzzy_name_address	1	0.36	0.7241379310344828	True
S1-264272517	S3-883250408	S3	fuzzy_name_address	1	0.35714285714285715	0.90625	True
S1-312194988	S2-866623572	S2	fuzzy_name_address	1	0.35714285714285715	0.8032786885245902	True
S1-814475089	S2-238559336	S2	fuzzy_name_address	1	0.35714285714285715	0.7878787878787878	True
S1-701892935	S3-767383517	S3	fuzzy_name_address	1	0.35714285714285715	0.7714285714285715	True
S1-862338675	S2-177685541	S2	fuzzy_name_address	1	0.35714285714285715	0.7419354838709677	True
S1-144718195	S2-273920934	S2	fuzzy_name_address	1	0.35714285714285715	0.7333333333333333	True
S1-958577120	S2-658672541	S2	fuzzy_name_address	1	0.35714285714285715	0.7090909090909091	True
S1-814475089	S3-388645736	S3	fuzzy_name_address	1	0.35714285714285715	0.6216216216216216	True
S1-965040695	S2-489911002	S2	fuzzy_name_address	1	0.3548387096774194	0.8166666666666667	True
S1-935703127	S2-351235736	S2	fuzzy_name_address	1	0.3548387096774194	0.7083333333333334	True
S1-701406091	S3-927118379	S3	fuzzy_name_address	1	0.3548387096774194	0.5517241379310345	True
S1-150821320	S2-1352532	S2	fuzzy_name_address	1	0.35294117647058826	0.7288135593220338	True
S1-240050566	S3-168601769	S3	fuzzy_name_address	1	0.35294117647058826	0.71875	True
S1-469535575	S2-573675228	S2	fuzzy_name_address	1	0.35294117647058826	0.5846153846153846	True
S1-487865990	S2-298341397	S2	fuzzy_name_address	1	0.35	0.7142857142857143	True
S1-27541239	S2-199341916	S2	fuzzy_name_address	1	0.35	0.5757575757575758	True
S1-74901450	S3-454466503	S3	fuzzy_name_address	1	0.34782608695652173	0.5797101449275363	True
S1-169036830	S2-964771680	S2	fuzzy_name_address	1	0.34782608695652173	0.5714285714285714	True
S1-853669737	S2-509546576	S2	fuzzy_name_address	1	0.34615384615384615	0.9166666666666666	True
S1-387694500	S3-789542813	S3	fuzzy_name_address	1	0.34615384615384615	0.8762886597938144	True
S1-585407266	S2-369058193	S2	fuzzy_name_address	1	0.34615384615384615	0.7777777777777778	True
S1-311486232	S2-700168260	S2	fuzzy_name_address	1	0.34615384615384615	0.75	True
S1-744424482	S2-661071850	S2	fuzzy_name_address	1	0.34615384615384615	0.7272727272727273	True
S1-962416500	S2-443295612	S2	fuzzy_name_address	1	0.34615384615384615	0.7126436781609196	True
S1-987994833	S3-878747011	S3	fuzzy_name_address	1	0.34615384615384615	0.7058823529411765	True
S1-492381760	S3-803824140	S3	fuzzy_name_address	1	0.34615384615384615	0.6666666666666666	True
S1-298826786	S3-53157301	S3	fuzzy_name_address	1	0.34615384615384615	0.5862068965517241	True
S1-127222577	S3-137050745	S3	fuzzy_name_address	1	0.3448275862068966	0.7931034482758621	True
S1-638466806	S3-913224787	S3	fuzzy_name_address	1	0.3448275862068966	0.711864406779661	True
S1-25587016	S2-883608093	S2	fuzzy_name_address	1	0.3448275862068966	0.6129032258064516	True
S1-150821320	S3-731627975	S3	fuzzy_name_address	1	0.34285714285714286	0.7166666666666667	True
S1-411563198	S2-316054715	S2	fuzzy_name_address	1	0.3333333333333333	0.9516129032258065	True
S1-74901450	S2-294278231	S2	fuzzy_name_address	1	0.3333333333333333	0.9230769230769231	True
S1-652651286	S2-544013831	S2	fuzzy_name_address	1	0.3333333333333333	0.8627450980392157	True
S1-78424718	S2-301061376	S2	fuzzy_name_address	1	0.3333333333333333	0.8	True
S1-304476315	S3-178940338	S3	fuzzy_name_address	1	0.3333333333333333	0.7916666666666666	True
S1-375370928	S2-894175674	S2	fuzzy_name_address	1	0.3333333333333333	0.7906976744186046	True
S1-460833036	S2-217291038	S2	fuzzy_name_address	1	0.3333333333333333	0.7903225806451613	True
S1-635491453	S2-721953959	S2	fuzzy_name_address	1	0.3333333333333333	0.7666666666666667	True
S1-149302771	S2-373866130	S2	fuzzy_name_address	1	0.3333333333333333	0.7666666666666667	True
S1-6381641	S2-612490145	S2	fuzzy_name_address	1	0.3333333333333333	0.7605633802816901	True
S1-419304665	S2-717447003	S2	fuzzy_name_address	1	0.3333333333333333	0.7575757575757576	True
S1-225119054	S3-727018158	S3	fuzzy_name_address	1	0.3333333333333333	0.7272727272727273	True
S1-542211755	S2-80465864	S2	fuzzy_name_address	1	0.3333333333333333	0.7142857142857143	True
S1-617253448	S3-424077922	S3	fuzzy_name_address	1	0.3333333333333333	0.696969696969697	True
S1-236312382	S2-69010626	S2	fuzzy_name_address	1	0.3333333333333333	0.6842105263157895	True
S1-525055772	S3-889633408	S3	fuzzy_name_address	1	0.3333333333333333	0.65625	True
S1-223283080	S2-374659322	S2	fuzzy_name_address	1	0.3333333333333333	0.6470588235294118	True
S1-803808238	S3-938803714	S3	fuzzy_name_address	1	0.3333333333333333	0.6382978723404256	True
S1-73734420	S2-138659249	S2	fuzzy_name_address	1	0.3333333333333333	0.6206896551724138	True
S1-143265439	S2-44180583	S2	fuzzy_name_address	1	0.3333333333333333	0.5806451612903226	True
S1-919267939	S2-648753107	S2	fuzzy_name_address	1	0.32432432432432434	0.7209302325581395	True
S1-932827505	S3-159129859	S3	fuzzy_name_address	1	0.32432432432432434	0.625	True
S1-56629354	S3-573253818	S3	fuzzy_name_address	1	0.3225806451612903	0.609375	True
S1-509571057	S2-622370392	S2	fuzzy_name_address	1	0.3225806451612903	0.5882352941176471	True
S1-596555182	S2-697857785	S2	fuzzy_name_address	1	0.3225806451612903	0.5675675675675675	True
S1-626922669	S3-698068138	S3	fuzzy_name_address	1	0.32142857142857145	0.9	True
S1-454111437	S2-659407377	S2	fuzzy_name_address	1	0.32142857142857145	0.76	True
S1-111065528	S2-917662827	S2	fuzzy_name_address	1	0.32	0.7073170731707317	True
S1-998949892	S3-239471050	S3	fuzzy_name_address	1	0.32	0.5862068965517241	True
S1-859252896	S2-284342366	S2	fuzzy_name_address	1	0.3125	0.6060606060606061	True
S1-627864371	S3-928852337	S3	fuzzy_name_address	1	0.3103448275862069	0.6666666666666666	True
S1-615455408	S2-351928254	S2	fuzzy_name_address	1	0.3076923076923077	0.76	True
S1-803808238	S2-516215794	S2	fuzzy_name_address	1	0.3076923076923077	0.6764705882352942	True
S1-406771676	S2-979306523	S2	fuzzy_name_address	1	0.3076923076923077	0.6666666666666666	True
S1-777898303	S3-155859939	S3	fuzzy_name_address	1	0.30434782608695654	0.9090909090909091	True
S1-2092817	S2-244625037	S2	fuzzy_name_address	1	0.30434782608695654	0.5862068965517241	True
S1-596555182	S3-891727879	S3	fuzzy_name_address	1	0.30303030303030304	0.7368421052631579	True
S1-855700872	S2-94910228	S2	fuzzy_name_address	1	0.3	0.8169014084507042	True
S1-816183362	S2-681660023	S2	fuzzy_name_address	1	0.3	0.8055555555555556	True
S1-896341705	S3-700135399	S3	fuzzy_name_address	1	0.3	0.7428571428571429	True
S1-277375862	S2-449782764	S2	fuzzy_name_address	1	0.3	0.6666666666666666	True
S1-986863583	S3-483372737	S3	fuzzy_name_address	1	0.3	0.6666666666666666	True
S1-645147697	S2-954505074	S2	fuzzy_name_address	1	0.3	0.6521739130434783	True
S1-587645790	S2-38237599	S2	fuzzy_name_address	1	0.3	0.627906976744186	True
S1-324674388	S2-902329766	S2	fuzzy_name_address	1	0.3	0.6060606060606061	True
S1-111065528	S3-340441081	S3	fuzzy_name_address	1	0.2962962962962963	0.8297872340425532	True
S1-856710782	S2-781834882	S2	fuzzy_name_address	1	0.29411764705882354	0.8958333333333334	True
S1-159514912	S2-511708183	S2	fuzzy_name_address	1	0.29411764705882354	0.76	True
S1-227546659	S3-352333771	S3	fuzzy_name_address	1	0.29411764705882354	0.7352941176470589	True
S1-227546659	S3-264005615	S3	fuzzy_name_address	1	0.29411764705882354	0.6857142857142857	True
S1-898630961	S2-668596758	S2	fuzzy_name_address	1	0.2916666666666667	0.9242424242424242	True
S1-610266870	S2-912327667	S2	fuzzy_name_address	1	0.2916666666666667	0.8135593220338984	True
S1-300031623	S3-394350891	S3	fuzzy_name_address	1	0.2857142857142857	0.9512195121951219	True
S1-756304715	S2-527679139	S2	fuzzy_name_address	1	0.2857142857142857	0.7777777777777778	True
S1-624045976	S2-598799903	S2	fuzzy_name_address	1	0.2857142857142857	0.7352941176470589	True
S1-832211747	S2-923493046	S2	fuzzy_name_address	1	0.2857142857142857	0.6046511627906976	True
S1-719919136	S3-882766547	S3	fuzzy_name_address	1	0.28125	0.5609756097560976	True
S1-84172548	S2-932045532	S2	fuzzy_name_address	1	0.28	0.9390243902439024	True
S1-355649086	S3-136861981	S3	fuzzy_name_address	1	0.28	0.7755102040816326	True
S1-751608780	S2-365246518	S2	fuzzy_name_address	1	0.28	0.6176470588235294	True
S1-701741704	S2-629353884	S2	fuzzy_name_address	1	0.2777777777777778	0.6923076923076923	True
S1-549612411	S3-282905933	S3	fuzzy_name_address	1	0.2777777777777778	0.6557377049180327	True
S1-900945148	S3-31871268	S3	fuzzy_name_address	1	0.2777777777777778	0.6296296296296297	True
S1-244210172	S2-684232413	S2	fuzzy_name_address	1	0.2727272727272727	0.7692307692307693	True
S1-862093695	S2-317721189	S2	fuzzy_name_address	1	0.2727272727272727	0.6774193548387096	True
S1-467198990	S3-79855146	S3	fuzzy_name_address	1	0.2727272727272727	0.6764705882352942	True
S1-388700492	S3-66026117	S3	fuzzy_name_address	1	0.2692307692307692	0.8846153846153846	True
S1-17573606	S3-739459955	S3	fuzzy_name_address	1	0.2692307692307692	0.8529411764705882	True
S1-305403960	S2-942407057	S2	fuzzy_name_address	1	0.2692307692307692	0.6166666666666667	True
S1-111867989	S2-147128452	S2	fuzzy_name_address	1	0.26666666666666666	0.8888888888888888	True
S1-116081375	S2-600462597	S2	fuzzy_name_address	1	0.26666666666666666	0.7857142857142857	True
S1-455885431	S2-336011155	S2	fuzzy_name_address	1	0.26666666666666666	0.7142857142857143	True
S1-857915278	S2-559544506	S2	fuzzy_name_address	1	0.26666666666666666	0.6610169491525424	True
S1-900945148	S2-83663810	S2	fuzzy_name_address	1	0.2631578947368421	0.8095238095238095	True
S1-775313117	S2-53189220	S2	fuzzy_name_address	1	0.2631578947368421	0.7391304347826086	True
S1-178384024	S2-920614126	S2	fuzzy_name_address	1	0.2631578947368421	0.7183098591549296	True
S1-184201555	S2-375902869	S2	fuzzy_name_address	1	0.2631578947368421	0.6363636363636364	True
S1-384388496	S3-665267842	S3	fuzzy_name_address	1	0.2608695652173913	0.7647058823529411	True
S1-839067903	S3-926186789	S3	fuzzy_name_address	1	0.2608695652173913	0.7575757575757576	True
S1-236963798	S2-704569052	S2	fuzzy_name_address	1	0.25925925925925924	0.5517241379310345	True
S1-419148679	S2-453176009	S2	fuzzy_name_address	1	0.25	0.92	True
S1-406771676	S2-181732711	S2	fuzzy_name_address	1	0.25	0.8	True
S1-167577766	S3-901247939	S3	fuzzy_name_address	1	0.25	0.8	True
S1-355053030	S2-686526489	S2	fuzzy_name_address	1	0.25	0.7872340425531915	True
S1-865131206	S2-657355663	S2	fuzzy_name_address	1	0.25	0.7692307692307693	True
S1-624514617	S2-98658845	S2	fuzzy_name_address	1	0.25	0.7586206896551724	True
S1-629417405	S2-928426462	S2	fuzzy_name_address	1	0.25	0.696969696969697	True
S1-356319224	S2-714702079	S2	fuzzy_name_address	1	0.25	0.6470588235294118	True
S1-203667972	S2-83395144	S2	fuzzy_name_address	1	0.25	0.5769230769230769	True
S1-487154804	S3-509542937	S3	fuzzy_name_address	1	0.2413793103448276	0.782608695652174	True
S1-521143416	S2-144542716	S2	fuzzy_name_address	1	0.2413793103448276	0.7037037037037037	True
S1-549370199	S2-455951727	S2	fuzzy_name_address	1	0.24	0.7407407407407407	True
S1-198026451	S2-190691939	S2	fuzzy_name_address	1	0.24	0.7058823529411765	True
S1-559551054	S2-77895989	S2	fuzzy_name_address	1	0.24	0.6956521739130435	True
S1-192327811	S2-154698750	S2	fuzzy_name_address	1	0.23809523809523808	0.9393939393939394	True
S1-830412925	S2-658508648	S2	fuzzy_name_address	1	0.23809523809523808	0.8	True
S1-703428973	S2-695748883	S2	fuzzy_name_address	1	0.23809523809523808	0.5555555555555556	True
S1-451464552	S3-545512857	S3	fuzzy_name_address	1	0.23529411764705882	0.7043478260869566	True
S1-483281264	S2-639567176	S2	fuzzy_name_address	1	0.23529411764705882	0.6216216216216216	True
S1-460146213	S3-798436937	S3	fuzzy_name_address	1	0.23076923076923078	0.6862745098039216	True
S1-110295930	S2-915385449	S2	fuzzy_name_address	1	0.23076923076923078	0.6756756756756757	True
S1-767371184	S2-134604219	S2	fuzzy_name_address	1	0.23076923076923078	0.6730769230769231	True
S1-159677035	S2-535572487	S2	fuzzy_name_address	1	0.22727272727272727	0.7692307692307693	True
S1-629417405	S3-606982601	S3	fuzzy_name_address	1	0.22727272727272727	0.6857142857142857	True
S1-887193507	S3-705457869	S3	fuzzy_name_address	1	0.22727272727272727	0.6206896551724138	True
S1-613445780	S3-215009222	S3	fuzzy_name_address	1	0.2222222222222222	0.859375	True
S1-915022305	S2-355615365	S2	fuzzy_name_address	1	0.2222222222222222	0.7407407407407407	True
S1-609062608	S3-380125584	S3	fuzzy_name_address	1	0.2222222222222222	0.691358024691358	True
S1-483281264	S2-59557708	S2	fuzzy_name_address	1	0.21739130434782608	0.8235294117647058	True
S1-885630742	S2-374609449	S2	fuzzy_name_address	1	0.21739130434782608	0.7037037037037037	True
S1-548281154	S2-766510501	S2	fuzzy_name_address	1	0.21739130434782608	0.625	True
S1-684878299	S2-886563135	S2	fuzzy_name_address	1	0.21739130434782608	0.5660377358490566	True
S1-622241555	S2-353265017	S2	fuzzy_name_address	1	0.21428571428571427	0.5892857142857143	True
S1-44634215	S3-827819513	S3	fuzzy_name_address	1	0.21052631578947367	0.8085106382978723	True
S1-939880982	S2-126830779	S2	fuzzy_name_address	1	0.20833333333333334	0.8518518518518519	True
S1-129027978	S2-418726575	S2	fuzzy_name_address	1	0.20689655172413793	0.5757575757575758	True
S1-483140947	S3-579481799	S3	fuzzy_name_address	1	0.20588235294117646	0.5882352941176471	True
S1-690538628	S2-937863474	S2	fuzzy_name_address	1	0.2	0.7755102040816326	True
S1-27002930	S2-639114064	S2	fuzzy_name_address	1	0.2	0.6511627906976745	True
S1-602913883	S2-837366545	S2	fuzzy_name_address	1	0.2	0.6363636363636364	True
S1-659932965	S2-826453373	S2	fuzzy_name_address	1	0.2	0.6190476190476191	True
S1-219401270	S2-594003880	S2	fuzzy_name_address	1	0.2	0.6071428571428571	True
S1-339696594	S3-846617862	S3	fuzzy_name_address	1	0.2	0.5777777777777777	True
S1-37338275	S2-539764215	S2	fuzzy_name_address	1	0.19230769230769232	0.746031746031746	True
S1-418514604	S3-368098796	S3	fuzzy_name_address	1	0.19047619047619047	0.56	True
S1-609653903	S2-869562065	S2	fuzzy_name_address	1	0.19047619047619047	0.5588235294117647	True
S1-870525516	S2-184697145	S2	fuzzy_name_address	1	0.1875	0.8131868131868132	True
S1-406771676	S2-444028004	S2	fuzzy_name_address	1	0.1875	0.8	True
S1-948549202	S2-115249474	S2	fuzzy_name_address	1	0.18181818181818182	0.6896551724137931	True
S1-272502295	S2-831592436	S2	fuzzy_name_address	1	0.17647058823529413	0.7692307692307693	True
S1-927651996	S3-701215575	S3	fuzzy_name_address	1	0.17647058823529413	0.6964285714285714	True
S1-635491453	S2-80171195	S2	fuzzy_name_address	1	0.17391304347826086	0.7666666666666667	True
S1-106653705	S2-626588077	S2	fuzzy_name_address	1	0.17391304347826086	0.75	True
S1-976369483	S2-546179661	S2	fuzzy_name_address	1	0.16666666666666666	0.6363636363636364	True
S1-86094936	S2-750389241	S2	fuzzy_name_address	1	0.16666666666666666	0.5681818181818182	True
S1-619314161	S3-641468452	S3	fuzzy_name_address	1	0.15625	0.6727272727272727	True
S1-557511474	S3-348187872	S3	fuzzy_name_address	1	0.15384615384615385	0.5925925925925926	True
S1-585407266	S2-314411884	S2	fuzzy_name_address	1	0.15	0.7777777777777778	True
S1-216181354	S2-225919108	S2	fuzzy_name_address	1	0.14814814814814814	0.7936507936507936	True
S1-241686597	S2-552262560	S2	fuzzy_name_address	1	0.14814814814814814	0.5555555555555556	True
S1-281051556	S2-539994792	S2	fuzzy_name_address	1	0.14285714285714285	0.7575757575757576	True
S1-524463249	S2-106991844	S2	fuzzy_name_address	1	0.13636363636363635	0.68	True
S1-790887991	S3-120467533	S3	fuzzy_name_address	1	0.13636363636363635	0.6612903225806451	True
S1-96384267	S3-683242729	S3	fuzzy_name_address	1	0.13333333333333333	0.8181818181818182	True
S1-616755144	S3-608438229	S3	fuzzy_name_address	1	0.13333333333333333	0.6470588235294118	True
S1-221443075	S2-804818360	S2	fuzzy_name_address	1	0.125	0.8833333333333333	True
S1-312194988	S2-85132981	S2	fuzzy_name_address	1	0.125	0.8032786885245902	True
S1-787617931	S3-217603089	S3	fuzzy_name_address	1	0.12	0.75	True
S1-149887453	S2-130112230	S2	fuzzy_name_address	1	0.11904761904761904	0.819672131147541	True
S1-677741106	S2-460418351	S2	fuzzy_name_address	1	0.11764705882352941	0.7205882352941176	True
S1-790887991	S3-800901355	S3	fuzzy_name_address	1	0.11764705882352941	0.6612903225806451	True
S1-341291980	S3-161921244	S3	fuzzy_name_address	1	0.11764705882352941	0.5581395348837209	True
S1-616628716	S2-690048906	S2	fuzzy_name_address	1	0.1111111111111111	0.9552238805970149	True
S1-738271924	S3-68579581	S3	fuzzy_name_address	1	0.1111111111111111	0.6451612903225806	True
S1-748364403	S3-773858535	S3	fuzzy_name_address	1	0.1111111111111111	0.6341463414634146	True
S1-477773796	S2-444210174	S2	fuzzy_name_address	1	0.10526315789473684	0.8064516129032258	True
S1-21590818	S3-375053220	S3	fuzzy_name_address	1	0.1	0.7	True
S1-51590630	S2-724618521	S2	fuzzy_name_address	1	0.1	0.6666666666666666	True
S1-832785535	S3-101247772	S3	fuzzy_name_address	1	0.1	0.6666666666666666	True
S1-85024477	S3-998267662	S3	fuzzy_name_address	1	0.09523809523809523	0.8936170212765957	True
S1-949279814	S3-550224749	S3	fuzzy_name_address	1	0.09523809523809523	0.75	True
S1-820751255	S3-169826544	S3	fuzzy_name_address	1	0.09523809523809523	0.6521739130434783	True
S1-159514912	S2-360866621	S2	fuzzy_name_address	1	0.09090909090909091	0.76	True
S1-909955989	S3-46630603	S3	fuzzy_name_address	1	0.08695652173913043	0.76	True
S1-967173158	S2-448596938	S2	fuzzy_name_address	1	0.07692307692307693	0.8958333333333334	True
S1-580992307	S2-567617772	S2	fuzzy_name_address	1	0.07692307692307693	0.8837209302325582	True
S1-391842573	S2-954464521	S2	fuzzy_name_address	1	0.07142857142857142	0.6538461538461539	True
S1-574668375	S2-173374464	S2	fuzzy_name_address	1	0.06666666666666667	0.8536585365853658	True
S1-51590630	S2-518150773	S2	fuzzy_name_address	1	0.058823529411764705	0.7857142857142857	True
S1-377745466	S3-70942743	S3	fuzzy_name_address	1	0.058823529411764705	0.6388888888888888	True
S1-703428973	S2-415829669	S2	fuzzy_name_address	1	0.043478260869565216	0.6896551724137931	True
S1-411592446	S2-365375416	S2	fuzzy_name_address	1	0.0	0.9863013698630136	True
S1-523354110	S2-820560826	S2	fuzzy_name_address	1	0.0	0.9830508474576272	True
S1-621386822	S2-558590345	S2	fuzzy_name_address	1	0.0	0.9814814814814815	True
S1-359497386	S2-419048452	S2	fuzzy_name_address	1	0.0	0.9803921568627451	True
S1-834386502	S2-911353962	S2	fuzzy_name_address	1	0.0	0.9791666666666666	True
S1-90406410	S3-403555828	S3	fuzzy_name_address	1	0.0	0.975	True
S1-465376969	S2-487343862	S2	fuzzy_name_address	1	0.0	0.9622641509433962	True
S1-274090278	S2-565038429	S2	fuzzy_name_address	1	0.0	0.9607843137254902	True
S1-169008536	S2-121375598	S2	fuzzy_name_address	1	0.0	0.958904109589041	True
S1-238331147	S2-223678752	S2	fuzzy_name_address	1	0.0	0.9574468085106383	True
S1-104226194	S2-162965740	S2	fuzzy_name_address	1	0.0	0.9558823529411765	True
S1-791107630	S2-6791339	S2	fuzzy_name_address	1	0.0	0.9555555555555556	True
S1-387694500	S2-89272121	S2	fuzzy_name_address	1	0.0	0.9484536082474226	True
S1-163747087	S2-654598414	S2	fuzzy_name_address	1	0.0	0.9466666666666667	True
S1-471497067	S2-80270893	S2	fuzzy_name_address	1	0.0	0.9375	True
S1-422926253	S2-908239181	S2	fuzzy_name_address	1	0.0	0.9347826086956522	True
S1-523354110	S2-307330564	S2	fuzzy_name_address	1	0.0	0.9344262295081968	True
S1-539197690	S2-443462047	S2	fuzzy_name_address	1	0.0	0.9342105263157895	True
S1-277014552	S2-826561447	S2	fuzzy_name_address	1	0.0	0.9322033898305084	True
S1-277014552	S2-825886653	S2	fuzzy_name_address	1	0.0	0.9322033898305084	True
S1-97581850	S2-287401931	S2	fuzzy_name_address	1	0.0	0.9310344827586207	True
S1-621386822	S2-792501876	S2	fuzzy_name_address	1	0.0	0.9298245614035088	True
S1-597762257	S2-535895394	S2	fuzzy_name_address	1	0.0	0.9285714285714286	True
S1-988009600	S2-951991881	S2	fuzzy_name_address	1	0.0	0.9285714285714286	True
S1-611106612	S2-392770970	S2	fuzzy_name_address	1	0.0	0.9285714285714286	True
S1-34916446	S2-245404125	S2	fuzzy_name_address	1	0.0	0.9259259259259259	True
S1-771350895	S2-991542472	S2	fuzzy_name_address	1	0.0	0.925	True
S1-771350895	S2-617883903	S2	fuzzy_name_address	1	0.0	0.925	True
S1-791484925	S2-987121191	S2	fuzzy_name_address	1	0.0	0.9230769230769231	True
S1-648894561	S2-443506042	S2	fuzzy_name_address	1	0.0	0.9230769230769231	True
S1-169008536	S2-458855873	S2	fuzzy_name_address	1	0.0	0.9210526315789473	True
S1-652331096	S2-57232621	S2	fuzzy_name_address	1	0.0	0.92	True
S1-938792097	S2-520060897	S2	fuzzy_name_address	1	0.0	0.918918918918919	True
S1-813850270	S2-897103412	S2	fuzzy_name_address	1	0.0	0.9166666666666666	True
S1-549086594	S3-109749221	S3	fuzzy_name_address	1	0.0	0.9166666666666666	True
S1-944430830	S2-857219094	S2	fuzzy_name_address	1	0.0	0.9122807017543859	True
S1-76214334	S2-767168267	S2	fuzzy_name_address	1	0.0	0.9090909090909091	True
S1-261133992	S2-460362340	S2	fuzzy_name_address	1	0.0	0.9066666666666666	True
S1-606725408	S2-717573159	S2	fuzzy_name_address	1	0.0	0.9	True
S1-112860356	S2-206465802	S2	fuzzy_name_address	1	0.0	0.8987341772151899	True
S1-908551239	S2-730965789	S2	fuzzy_name_address	1	0.0	0.8979591836734694	True
S1-202490639	S2-135725491	S2	fuzzy_name_address	1	0.0	0.8974358974358975	True
S1-527727380	S2-303500895	S2	fuzzy_name_address	1	0.0	0.8974358974358975	True
S1-411592446	S2-624627616	S2	fuzzy_name_address	1	0.0	0.8961038961038961	True
S1-486510827	S2-611691432	S2	fuzzy_name_address	1	0.0	0.8928571428571429	True
S1-705987662	S2-107137878	S2	fuzzy_name_address	1	0.0	0.8909090909090909	True
S1-409256428	S2-711688682	S2	fuzzy_name_address	1	0.0	0.8870967741935484	True
S1-951451939	S2-462155423	S2	fuzzy_name_address	1	0.0	0.8846153846153846	True
S1-580992307	S2-277764304	S2	fuzzy_name_address	1	0.0	0.8837209302325582	True
S1-451464552	S2-562961503	S2	fuzzy_name_address	1	0.0	0.8823529411764706	True
S1-90406410	S3-864053199	S3	fuzzy_name_address	1	0.0	0.8809523809523809	True
S1-151608539	S2-128512750	S2	fuzzy_name_address	1	0.0	0.8777777777777778	True
S1-237670057	S2-65371457	S2	fuzzy_name_address	1	0.0	0.8769230769230769	True
S1-128347375	S2-243566223	S2	fuzzy_name_address	1	0.0	0.8714285714285714	True
S1-928870866	S2-260483158	S2	fuzzy_name_address	1	0.0	0.8695652173913043	True
S1-914958503	S2-289579187	S2	fuzzy_name_address	1	0.0	0.8656716417910447	True
S1-599145787	S3-776147534	S3	fuzzy_name_address	1	0.0	0.864406779661017	True
S1-953470089	S3-430129367	S3	fuzzy_name_address	1	0.0	0.8641975308641975	True
S1-86014575	S2-316360946	S2	fuzzy_name_address	1	0.0	0.8611111111111112	True
S1-16642923	S2-336781345	S2	fuzzy_name_address	1	0.0	0.8588235294117647	True
S1-216511119	S2-645205818	S2	fuzzy_name_address	1	0.0	0.8571428571428571	True
S1-910100521	S3-924786627	S3	fuzzy_name_address	1	0.0	0.8554216867469879	True
S1-222806068	S2-511922775	S2	fuzzy_name_address	1	0.0	0.8548387096774194	True
S1-388700492	S2-438708943	S2	fuzzy_name_address	1	0.0	0.8536585365853658	True
S1-716831720	S2-753157844	S2	fuzzy_name_address	1	0.0	0.85	True
S1-630223771	S2-494260820	S2	fuzzy_name_address	1	0.0	0.8484848484848485	True
S1-758075760	S2-101554094	S2	fuzzy_name_address	1	0.0	0.8484848484848485	True
S1-476024246	S2-335788428	S2	fuzzy_name_address	1	0.0	0.8472222222222222	True
S1-866481061	S2-531279398	S2	fuzzy_name_address	1	0.0	0.8461538461538461	True
S1-543291404	S2-369294405	S2	fuzzy_name_address	1	0.0	0.84375	True
S1-910100521	S2-450286862	S2	fuzzy_name_address	1	0.0	0.8433734939759037	True
S1-7040061	S2-621269051	S2	fuzzy_name_address	1	0.0	0.8378378378378378	True
S1-499302167	S2-127669900	S2	fuzzy_name_address	1	0.0	0.8378378378378378	True
S1-510772858	S2-479513439	S2	fuzzy_name_address	1	0.0	0.8367346938775511	True
S1-387694500	S2-674345300	S2	fuzzy_name_address	1	0.0	0.8349514563106796	True
S1-93806322	S2-688963050	S2	fuzzy_name_address	1	0.0	0.8333333333333334	True
S1-561269090	S2-401728615	S2	fuzzy_name_address	1	0.0	0.8333333333333334	True
S1-74901450	S2-291355621	S2	fuzzy_name_address	1	0.0	0.8309859154929577	True
S1-739118392	S2-424578566	S2	fuzzy_name_address	1	0.0	0.8297872340425532	True
S1-739118392	S3-951410655	S3	fuzzy_name_address	1	0.0	0.8297872340425532	True
S1-17573606	S3-402251662	S3	fuzzy_name_address	1	0.0	0.8285714285714286	True
S1-409256428	S2-639703058	S2	fuzzy_name_address	1	0.0	0.828125	True
S1-31205819	S3-704524429	S3	fuzzy_name_address	1	0.0	0.8275862068965517	True
S1-748540962	S2-851919581	S2	fuzzy_name_address	1	0.0	0.8271604938271605	True
S1-615389185	S3-354958614	S3	fuzzy_name_address	1	0.0	0.8260869565217391	True
S1-499302167	S2-45522817	S2	fuzzy_name_address	1	0.0	0.8235294117647058	True
S1-388700492	S3-784230847	S3	fuzzy_name_address	1	0.0	0.8227848101265823	True
S1-173971969	S2-292981300	S2	fuzzy_name_address	1	0.0	0.8222222222222222	True
S1-72785829	S2-368754569	S2	fuzzy_name_address	1	0.0	0.8214285714285714	True
S1-830790643	S2-651909087	S2	fuzzy_name_address	1	0.0	0.8208955223880597	True
S1-758075760	S2-405650843	S2	fuzzy_name_address	1	0.0	0.8208955223880597	True
S1-317952287	S2-106588037	S2	fuzzy_name_address	1	0.0	0.819672131147541	True
S1-619314161	S2-905258159	S2	fuzzy_name_address	1	0.0	0.8181818181818182	True
S1-518394026	S2-288129184	S2	fuzzy_name_address	1	0.0	0.8181818181818182	True
S1-130264484	S3-49245310	S3	fuzzy_name_address	1	0.0	0.8181818181818182	True
S1-90032658	S2-943944964	S2	fuzzy_name_address	1	0.0	0.8181818181818182	True
S1-406655545	S3-44114932	S3	fuzzy_name_address	1	0.0	0.8148148148148148	True
S1-719919136	S2-680886210	S2	fuzzy_name_address	1	0.0	0.813953488372093	True
S1-411592446	S3-265838928	S3	fuzzy_name_address	1	0.0	0.8133333333333334	True
S1-27455843	S3-395631046	S3	fuzzy_name_address	1	0.0	0.8070175438596491	True
S1-884821612	S2-743344708	S2	fuzzy_name_address	1	0.0	0.8064516129032258	True
S1-97581850	S3-447060680	S3	fuzzy_name_address	1	0.0	0.8064516129032258	True
S1-295377582	S3-20856236	S3	fuzzy_name_address	1	0.0	0.8061224489795918	True
S1-486510827	S2-939995191	S2	fuzzy_name_address	1	0.0	0.8048780487804879	True
S1-342754370	S3-537026223	S3	fuzzy_name_address	1	0.0	0.8043478260869565	True
S1-387694500	S3-904486811	S3	fuzzy_name_address	1	0.0	0.801980198019802	True
S1-295377582	S3-334465867	S3	fuzzy_name_address	1	0.0	0.801980198019802	True
S1-198026451	S2-817939067	S2	fuzzy_name_address	1	0.0	0.8	True
S1-754175313	S2-174917371	S2	fuzzy_name_address	1	0.0	0.8	True
S1-21590818	S2-305718803	S2	fuzzy_name_address	1	0.0	0.8	True
S1-21590818	S3-839903612	S3	fuzzy_name_address	1	0.0	0.8	True
S1-804663373	S2-167155593	S2	fuzzy_name_address	1	0.0	0.8	True
S1-101076392	S2-492780513	S2	fuzzy_name_address	1	0.0	0.8	True
S1-829987371	S3-622562865	S3	fuzzy_name_address	1	0.0	0.8	True
S1-289853373	S2-795503055	S2	fuzzy_name_address	1	0.0	0.7976190476190477	True
S1-96384915	S2-736299627	S2	fuzzy_name_address	1	0.0	0.7966101694915254	True
S1-521730978	S2-162413269	S2	fuzzy_name_address	1	0.0	0.7962962962962963	True
S1-621761582	S2-179489971	S2	fuzzy_name_address	1	0.0	0.7945205479452054	True
S1-29696416	S2-831935136	S2	fuzzy_name_address	1	0.0	0.7931034482758621	True
S1-589253257	S2-231096085	S2	fuzzy_name_address	1	0.0	0.7931034482758621	True
S1-804300777	S3-291243842	S3	fuzzy_name_address	1	0.0	0.7910447761194029	True
S1-185338284	S2-235336303	S2	fuzzy_name_address	1	0.0	0.7910447761194029	True
S1-289853373	S2-241168038	S2	fuzzy_name_address	1	0.0	0.7901234567901234	True
S1-296323848	S2-47973133	S2	fuzzy_name_address	1	0.0	0.7888888888888889	True
S1-603442937	S2-285957614	S2	fuzzy_name_address	1	0.0	0.7884615384615384	True
S1-720468760	S2-703072292	S2	fuzzy_name_address	1	0.0	0.7857142857142857	True
S1-521730978	S2-189189542	S2	fuzzy_name_address	1	0.0	0.7846153846153846	True
S1-71172417	S2-607514252	S2	fuzzy_name_address	1	0.0	0.7840909090909091	True
S1-663284662	S3-203875542	S3	fuzzy_name_address	1	0.0	0.782608695652174	True
S1-821523654	S2-641561614	S2	fuzzy_name_address	1	0.0	0.78125	True
S1-126393436	S2-79357125	S2	fuzzy_name_address	1	0.0	0.7777777777777778	True
S1-271585788	S2-139796834	S2	fuzzy_name_address	1	0.0	0.7777777777777778	True
S1-306095185	S3-405262257	S3	fuzzy_name_address	1	0.0	0.7777777777777778	True
S1-20679780	S2-705956528	S2	fuzzy_name_address	1	0.0	0.7758620689655172	True
S1-27455843	S3-128983471	S3	fuzzy_name_address	1	0.0	0.7758620689655172	True
S1-200376709	S2-846017335	S2	fuzzy_name_address	1	0.0	0.7741935483870968	True
S1-596007326	S2-347285845	S2	fuzzy_name_address	1	0.0	0.7738095238095238	True
S1-460146213	S2-452425018	S2	fuzzy_name_address	1	0.0	0.7735849056603774	True
S1-730858380	S2-458053768	S2	fuzzy_name_address	1	0.0	0.7714285714285715	True
S1-300031623	S2-676401304	S2	fuzzy_name_address	1	0.0	0.7708333333333334	True
S1-277072715	S2-276736886	S2	fuzzy_name_address	1	0.0	0.7692307692307693	True
S1-169108778	S2-254738362	S2	fuzzy_name_address	1	0.0	0.7671232876712328	True
S1-160840431	S3-985457283	S3	fuzzy_name_address	1	0.0	0.7647058823529411	True
S1-177380392	S2-469732933	S2	fuzzy_name_address	1	0.0	0.7647058823529411	True
S1-367793476	S2-865153313	S2	fuzzy_name_address	1	0.0	0.7647058823529411	True
S1-665624518	S2-407261781	S2	fuzzy_name_address	1	0.0	0.7627118644067796	True
S1-163747087	S3-563045324	S3	fuzzy_name_address	1	0.0	0.7625	True
S1-51101506	S2-301806680	S2	fuzzy_name_address	1	0.0	0.76	True
S1-792880767	S2-674757555	S2	fuzzy_name_address	1	0.0	0.76	True
S1-17573606	S2-942630390	S2	fuzzy_name_address	1	0.0	0.76	True
S1-590082446	S2-410696375	S2	fuzzy_name_address	1	0.0	0.7592592592592593	True
S1-292649689	S2-603318243	S2	fuzzy_name_address	1	0.0	0.7592592592592593	True
S1-970972284	S2-904010001	S2	fuzzy_name_address	1	0.0	0.7586206896551724	True
S1-326888389	S3-377226287	S3	fuzzy_name_address	1	0.0	0.7586206896551724	True
S1-803676246	S2-28172950	S2	fuzzy_name_address	1	0.0	0.7567567567567568	True
S1-342754370	S2-547395060	S2	fuzzy_name_address	1	0.0	0.7547169811320755	True
S1-856667356	S2-415522825	S2	fuzzy_name_address	1	0.0	0.7543859649122807	True
S1-949279814	S3-67297857	S3	fuzzy_name_address	1	0.0	0.75	True
S1-277014552	S3-691308793	S3	fuzzy_name_address	1	0.0	0.75	True
S1-297525707	S2-515961553	S2	fuzzy_name_address	1	0.0	0.75	True
S1-881015038	S2-774828760	S2	fuzzy_name_address	1	0.0	0.75	True
S1-576857452	S2-282093815	S2	fuzzy_name_address	1	0.0	0.7457627118644068	True
S1-504285887	S2-544468234	S2	fuzzy_name_address	1	0.0	0.7457627118644068	True
S1-518394026	S2-151404433	S2	fuzzy_name_address	1	0.0	0.7450980392156863	True
S1-218948566	S2-454383040	S2	fuzzy_name_address	1	0.0	0.7450980392156863	True
S1-387008828	S2-434709895	S2	fuzzy_name_address	1	0.0	0.7435897435897436	True
S1-8813651	S2-794077082	S2	fuzzy_name_address	1	0.0	0.7435897435897436	True
S1-760816941	S2-832009593	S2	fuzzy_name_address	1	0.0	0.7435897435897436	True
S1-126927804	S3-955130682	S3	fuzzy_name_address	1	0.0	0.7415730337078652	True
S1-511355563	S2-168110867	S2	fuzzy_name_address	1	0.0	0.7407407407407407	True
S1-809295456	S3-906514244	S3	fuzzy_name_address	1	0.0	0.74	True
S1-300031623	S2-52719775	S2	fuzzy_name_address	1	0.0	0.74	True
S1-596007326	S2-207940221	S2	fuzzy_name_address	1	0.0	0.7325581395348837	True
S1-610266870	S3-98319410	S3	fuzzy_name_address	1	0.0	0.7301587301587301	True
S1-127222577	S2-836906814	S2	fuzzy_name_address	1	0.0	0.7288135593220338	True
S1-417074218	S2-776251876	S2	fuzzy_name_address	1	0.0	0.7288135593220338	True
S1-930644837	S2-903326793	S2	fuzzy_name_address	1	0.0	0.7285714285714285	True
S1-196578854	S2-955548630	S2	fuzzy_name_address	1	0.0	0.7272727272727273	True
S1-619314161	S2-174841294	S2	fuzzy_name_address	1	0.0	0.7254901960784313	True
S1-411592446	S3-571842163	S3	fuzzy_name_address	1	0.0	0.7215189873417721	True
S1-917085859	S3-873589114	S3	fuzzy_name_address	1	0.0	0.7213114754098361	True
S1-650704989	S3-755168920	S3	fuzzy_name_address	1	0.0	0.7205882352941176	True
S1-1727907	S2-854809941	S2	fuzzy_name_address	1	0.0	0.7169811320754716	True
S1-366329737	S3-21765103	S3	fuzzy_name_address	1	0.0	0.7166666666666667	True
S1-419148679	S3-535341243	S3	fuzzy_name_address	1	0.0	0.7160493827160493	True
S1-813850270	S3-438919623	S3	fuzzy_name_address	1	0.0	0.7142857142857143	True
S1-108314429	S3-511877505	S3	fuzzy_name_address	1	0.0	0.7127659574468085	True
S1-93806322	S2-875972736	S2	fuzzy_name_address	1	0.0	0.7121212121212122	True
S1-342754370	S2-440423232	S2	fuzzy_name_address	1	0.0	0.7068965517241379	True
S1-139532667	S3-905481899	S3	fuzzy_name_address	1	0.0	0.7066666666666667	True
S1-966940882	S2-258792033	S2	fuzzy_name_address	1	0.0	0.7065217391304348	True
S1-803676246	S2-543917630	S2	fuzzy_name_address	1	0.0	0.7051282051282052	True
S1-684624531	S2-613710201	S2	fuzzy_name_address	1	0.0	0.7037037037037037	True
S1-245736163	S3-970219121	S3	fuzzy_name_address	1	0.0	0.7	True
S1-21590818	S3-304210618	S3	fuzzy_name_address	1	0.0	0.7	True
S1-80960427	S3-523112140	S3	fuzzy_name_address	1	0.0	0.7	True
S1-596007326	S3-382370282	S3	fuzzy_name_address	1	0.0	0.7	True
S1-763496609	S3-319770057	S3	fuzzy_name_address	1	0.0	0.6984126984126984	True
S1-597762257	S2-152865025	S2	fuzzy_name_address	1	0.0	0.696969696969697	True
S1-666876590	S2-185860935	S2	fuzzy_name_address	1	0.0	0.6964285714285714	True
S1-803676246	S2-373765134	S2	fuzzy_name_address	1	0.0	0.6962025316455697	True
S1-721254668	S2-82419557	S2	fuzzy_name_address	1	0.0	0.6944444444444444	True
S1-418477552	S2-129963851	S2	fuzzy_name_address	1	0.0	0.6923076923076923	True
S1-800294363	S3-618567505	S3	fuzzy_name_address	1	0.0	0.6923076923076923	True
S1-701741704	S2-755382991	S2	fuzzy_name_address	1	0.0	0.6923076923076923	True
S1-943874235	S2-313204609	S2	fuzzy_name_address	1	0.0	0.6923076923076923	True
S1-504285887	S3-127798021	S3	fuzzy_name_address	1	0.0	0.6851851851851852	True
S1-228678189	S2-163859376	S2	fuzzy_name_address	1	0.0	0.6818181818181818	True
S1-852845726	S3-812427537	S3	fuzzy_name_address	1	0.0	0.6808510638297872	True
S1-232999426	S3-307259379	S3	fuzzy_name_address	1	0.0	0.68	True
S1-892015074	S2-602032584	S2	fuzzy_name_address	1	0.0	0.6792452830188679	True
S1-2106291	S2-530719559	S2	fuzzy_name_address	1	0.0	0.6779661016949152	True
S1-598823125	S2-924199073	S2	fuzzy_name_address	1	0.0	0.6774193548387096	True
S1-455885431	S3-609790585	S3	fuzzy_name_address	1	0.0	0.675	True
S1-619314161	S3-488639167	S3	fuzzy_name_address	1	0.0	0.6727272727272727	True
S1-6381641	S3-826775859	S3	fuzzy_name_address	1	0.0	0.6707317073170732	True
S1-425938131	S3-506252967	S3	fuzzy_name_address	1	0.0	0.6705882352941176	True
S1-557783855	S2-858086386	S2	fuzzy_name_address	1	0.0	0.6666666666666666	True
S1-739118392	S3-893802964	S3	fuzzy_name_address	1	0.0	0.6666666666666666	True
S1-345107626	S2-553873238	S2	fuzzy_name_address	1	0.0	0.6666666666666666	True
S1-510772858	S3-548890520	S3	fuzzy_name_address	1	0.0	0.6666666666666666	True
S1-222806068	S3-444743347	S3	fuzzy_name_address	1	0.0	0.6615384615384615	True
S1-381957415	S2-380947443	S2	fuzzy_name_address	1	0.0	0.66	True
S1-110602510	S3-967353699	S3	fuzzy_name_address	1	0.0	0.6585365853658537	True
S1-64915886	S2-942028948	S2	fuzzy_name_address	1	0.0	0.6571428571428571	True
S1-274090278	S3-902366714	S3	fuzzy_name_address	1	0.0	0.65625	True
S1-304297041	S2-815785043	S2	fuzzy_name_address	1	0.0	0.6547619047619048	True
S1-86094936	S2-28682309	S2	fuzzy_name_address	1	0.0	0.6538461538461539	True
S1-981346708	S2-439331673	S2	fuzzy_name_address	1	0.0	0.6521739130434783	True
S1-8813651	S3-499691865	S3	fuzzy_name_address	1	0.0	0.6521739130434783	True
S1-142288436	S3-165600845	S3	fuzzy_name_address	1	0.0	0.6507936507936508	True
S1-223621109	S2-262241482	S2	fuzzy_name_address	1	0.0	0.6481481481481481	True
S1-160840431	S3-395592972	S3	fuzzy_name_address	1	0.0	0.6470588235294118	True
S1-285660164	S2-51837559	S2	fuzzy_name_address	1	0.0	0.6470588235294118	True
S1-45414958	S2-28838037	S2	fuzzy_name_address	1	0.0	0.6470588235294118	True
S1-253185653	S3-766014540	S3	fuzzy_name_address	1	0.0	0.6451612903225806	True
S1-1727907	S2-213722067	S2	fuzzy_name_address	1	0.0	0.6438356164383562	True
S1-942011133	S2-737712060	S2	fuzzy_name_address	1	0.0	0.6428571428571429	True
S1-334052695	S2-240647892	S2	fuzzy_name_address	1	0.0	0.64	True
S1-126920508	S2-849898364	S2	fuzzy_name_address	1	0.0	0.6379310344827587	True
S1-412010600	S3-865579315	S3	fuzzy_name_address	1	0.0	0.6326530612244898	True
S1-304297041	S2-375598132	S2	fuzzy_name_address	1	0.0	0.6323529411764706	True
S1-609062608	S2-132383100	S2	fuzzy_name_address	1	0.0	0.6309523809523809	True
S1-147465602	S2-942578603	S2	fuzzy_name_address	1	0.0	0.6285714285714286	True
S1-739032625	S2-739252450	S2	fuzzy_name_address	1	0.0	0.627906976744186	True
S1-993527714	S3-250788566	S3	fuzzy_name_address	1	0.0	0.6271186440677966	True
S1-777555607	S2-690785070	S2	fuzzy_name_address	1	0.0	0.625	True
S1-246478198	S2-474030503	S2	fuzzy_name_address	1	0.0	0.6206896551724138	True
S1-944430830	S2-982990716	S2	fuzzy_name_address	1	0.0	0.6190476190476191	True
S1-173971969	S3-165312490	S3	fuzzy_name_address	1	0.0	0.6190476190476191	True
S1-927838010	S2-145658068	S2	fuzzy_name_address	1	0.0	0.6153846153846154	True
S1-17506850	S2-398583958	S2	fuzzy_name_address	1	0.0	0.6140350877192983	True
S1-71265566	S2-352703342	S2	fuzzy_name_address	1	0.0	0.6140350877192983	True
S1-142288436	S3-566311273	S3	fuzzy_name_address	1	0.0	0.6101694915254238	True
S1-856710782	S2-764754463	S2	fuzzy_name_address	1	0.0	0.6086956521739131	True
S1-856710782	S2-576052323	S2	fuzzy_name_address	1	0.0	0.6086956521739131	True
S1-563586539	S2-274257196	S2	fuzzy_name_address	1	0.0	0.6086956521739131	True
S1-360225492	S3-551736539	S3	fuzzy_name_address	1	0.0	0.6071428571428571	True
S1-75134768	S2-170486292	S2	fuzzy_name_address	1	0.0	0.6052631578947368	True
S1-301283839	S2-696791661	S2	fuzzy_name_address	1	0.0	0.6024096385542169	True
S1-142288436	S2-558274907	S2	fuzzy_name_address	1	0.0	0.5972222222222222	True
S1-76214334	S2-891478267	S2	fuzzy_name_address	1	0.0	0.5967741935483871	True
S1-943567301	S2-915544878	S2	fuzzy_name_address	1	0.0	0.59375	True
S1-372253974	S3-954593190	S3	fuzzy_name_address	1	0.0	0.59375	True
S1-357556905	S3-474794186	S3	fuzzy_name_address	1	0.0	0.5862068965517241	True
S1-21376915	S2-115361540	S2	fuzzy_name_address	1	0.0	0.5844155844155844	True
S1-235106542	S3-545794093	S3	fuzzy_name_address	1	0.0	0.5833333333333334	True
S1-499302167	S3-112108004	S3	fuzzy_name_address	1	0.0	0.5833333333333334	True
S1-499302167	S3-112888430	S3	fuzzy_name_address	1	0.0	0.5833333333333334	True
S1-430842276	S2-464096602	S2	fuzzy_name_address	1	0.0	0.5818181818181818	True
S1-556845820	S3-216361855	S3	fuzzy_name_address	1	0.0	0.5813953488372093	True
S1-826696794	S2-703787957	S2	fuzzy_name_address	1	0.0	0.5806451612903226	True
S1-90406410	S2-649681176	S2	fuzzy_name_address	1	0.0	0.58	True
S1-606480359	S2-11895238	S2	fuzzy_name_address	1	0.0	0.5737704918032787	True
S1-253185653	S2-583363911	S2	fuzzy_name_address	1	0.0	0.5714285714285714	True
S1-198026451	S2-882023369	S2	fuzzy_name_address	1	0.0	0.5714285714285714	True
S1-638110492	S2-771208927	S2	fuzzy_name_address	1	0.0	0.5652173913043478	True
S1-126393436	S3-11871325	S3	fuzzy_name_address	1	0.0	0.5633802816901409	True
S1-354336647	S2-665838512	S2	fuzzy_name_address	1	0.0	0.5625	True
S1-198026451	S3-474324703	S3	fuzzy_name_address	1	0.0	0.5588235294117647	True
S1-869118709	S2-101031958	S2	fuzzy_name_address	1	0.0	0.5555555555555556	True
S1-110602510	S2-486730997	S2	fuzzy_name_address	1	0.0	0.55	True
