source1_entity_id	true_target_id	target_source	s1_name	target_name	s1_address	target_address	s1_country	target_country
S1-539879230	S2-83796020	S2	Novent Owl PLLC	Novent [Owl]	Des Plaines, IL, 9308 Home Court	9308 Home Court, DES PLAINES CITY, IL	US	US
S1-716830359	S2-795817041	S2	Spicer Star Environmental Services LLC	SPICER STAR ENVIRONMENTAL SERVICES	Fl 0, MO, Saint Louis, 9327 Atwood Drive	9327 ATWOOD DR, ST LOUIS, MO	US	US
S1-716830359	S3-762649005	S3	Spicer Star Environmental Services LLC	Spicer-Star Environmental Seraices LLC	Fl 0, MO, Saint Louis, 9327 Atwood Drive	932 Atwood Dr, Fl 0, Stlouis, Missouri	US	US
S1-680008372	S2-474048096	S2	Solar Solutions Private Limited	Solar Solutions Limited Center	8124, Sector - C, Pocket - 8 Vasant Kunj, New Delhi, South West Delhi, Delhi	8124, SECTOR - C, POCKET - 8 VASANT KUNJ, NEW DELHI, Delhi	India	India
S1-966027321	S2-4379937	S2	Probst & Duran Newhold LLC	NYLADREX	Boston, 31 Floyd Street, MA	31D FLOYD STREET, BOSTON, MA	US	US
S1-966027321	S2-180000980	S2	Probst & Duran Newhold LLC	Probst & Duran	Boston, 31 Floyd Street, MA	31D FLOYD STREET, BOSTON, MA	US	US
S1-966027321	S3-472664232	S3	Probst & Duran Newhold LLC	dprobst.com	Boston, 31 Floyd Street, MA	31 Floyd St, Dorchester Center, Massachusetts	US	US
S1-88817160	S3-487916872	S3	Natka Beagle Pinnacle Hologram	Natka Beeatnle Pinnacle Hologram	1040 Cleveland Street, City Of Wisconsin Rapids, WI	Wisconsin, 1040 Cleveland Saint, City Of Wisconsin Rapids	US	US
S1-88817160	S3-566739305	S3	Natka Beagle Pinnacle Hologram	Natka Beagle Pinnacle	1040 Cleveland Street, City Of Wisconsin Rapids, WI	1040 Cleveland Street, City Of Wisconsin Rapids, Wisconsin	US	US
S1-726860670	S2-8703194	S2	Oneil National Sprott, Inc	Oneil National	18 Morning Dew Drive, Asheville, NC	NC, ASHEVILLE, MORNING DEW DR	US	US
S1-726860670	S3-165705146	S3	Oneil National Sprott, Inc	Oneil National Inc Sprott, | www.oneilnati.com	18 Morning Dew Drive, Asheville, NC	18 Morning Dew Dr, Asheville, North Carolina	US	US
S1-674323954	S2-785756386	S2	Patriot First Publishing Inc	PATRIOT PUBLISHING INC CENTER	132 Sugar Toms Lane, Oyster Bay, NY	132 SUGAR TOMS LN, E NORICH, NY	US	US
S1-447452795	S2-995233298	S2	Blue Network Corporation	The Blue Netw0rk Corporation	177 1st Avenue, Nashville, TN	177 1TH AVENUE, NASHVILLE, TN	US	US
S1-447452795	S3-366674728	S3	Blue Network Corporation	Blue Network Córporation	177 1st Avenue, Nashville, TN	17 First Ave, PO Box 3405, Nashville, Tennessee	US	US
S1-401761505	S3-17464132	S3	Moran Staffing LLC	Moran Seaffng LLC	1902 Shamrock Road, Dothan, AL	1902 Shamrock Rd, Dothan, Alabama	US	US
S1-258353664	S2-454076205	S2	Porur Vyapar Private Limited	Porur Vyápar Private Limited	No.137, Gandhi Street, 2Nd Main Road Subhashri Nagar, Mugalivakkam, Porur, Chennai, Tamil Nadu	NO.137, GANDHI STREET, 2ND MAIN ROAD SUBHASHRI NAGAR, MUGALIVAKKAM, PORUR, Tamil Nadu	India	India
S1-851799346	S2-589971753	S2	Mountain Animal Hospital Associates	Mountain Animal Hospital Service	5389 Ferndale Road, Ferndale, WA	5389-5393 FERNDALE RD, FERNDALE, WA	US	US
S1-851799346	S3-874215876	S3	Mountain Animal Hospital Associates	Mountain Animal Hospital	5389 Ferndale Road, Ferndale, WA	5389 Ferndale Rd, Ferndale, Washington	US	US
S1-748540962	S2-851919581	S2	Swastik Sun Investment Private Limited	स्वस्तिक सन इन्वेस्टमेंट प्राइवेट लिमिटेड	H.No. B 1 Plot No. 8 1St Floor Extended Lal Dora Santnagar Parwati Anch, Al Burari, New Delhi, Central Delhi, Delhi	H.NO. B 1 PLOT NO. 8 1ST FLOOR EXTENDED LAL DORA SANTNAGAR PARWATI ANCH, NEW DELHI, CENTRAL DELHI, दिल्ली	India	India
S1-942449735	S2-315830123	S2	Construction Information (India) Pvt Ltd	Smt CONSTRUCTION INFORMATION (INDIA) PVT LTD.	Plot No - 86/132, Khata No - 206/143, At - Bijepur, Post -Khariar, Dist - Nuapada, Khariar, Kalahandi, Orissa	PLOT NO - 86/132, KHATA NO - 206/143, AT - BIJEPUR, POT -KHARIAR, DIST - NUAPADA, KHARIAR, Odisha	India	India
S1-603318865	S2-790845556	S2	Shoshana Rude Express Limited LLC	SHOSHANA RDSBNE EXPRESS LIMITED LLC	21215 Cold Spring Lane, Cornelius, NC	CORNELISU, 21215. COLD SPRING LANE, NC	US	US
S1-603318865	S2-866753929	S2	Shoshana Rude Express Limited LLC	SHOSHANARUDEEXPRESS.COM	21215 Cold Spring Lane, Cornelius, NC	21215. COLD SPRING LN, CORNELISU, NC	US	US
S1-603318865	S2-74958655	S2	Shoshana Rude Express Limited LLC	SHOSHANA RUDE LIMITED LLC SERVICE	21215 Cold Spring Lane, Cornelius, NC	21215. COLD SPRING LN, CORNELISU, NC	US	US
S1-603318865	S2-911000333	S2	Shoshana Rude Express Limited LLC	Shoshana Rude Limited LLC Center	21215 Cold Spring Lane, Cornelius, NC	21215. COLD SPRING LN, CORNELISU, NC	US	US
S1-603318865	S3-883123992	S3	Shoshana Rude Express Limited LLC	@shoshanarude	21215 Cold Spring Lane, Cornelius, NC	021215 Cold Spring Lane, Cornelius, North Carolina	US	US
S1-755546342	S2-229541468	S2	Behavioral Health Clean Group	*** Behavioral Health Cfaan Group	4316 163rd Street, Cleveland, OH	CLEVELAND, 4316 163RD ST, OH	US	US
S1-755546342	S3-989714910	S3	Behavioral Health Clean Group	Behavioral Health Clean	4316 163rd Street, Cleveland, OH	4316 163st Street, Cleveland, Ohio	US	US
S1-216986373	S2-535002552	S2	Calderon Hancock LLC	Calderon LLC Center	Springfield, 633 Pleasant Street, OR	SPRINGFIELD TOWNSHIP, OR, 33 PLEASANT ST	US	US
S1-553712807	S2-103542778	S2	Meon	meon.com	2221 24th Street, Muskogee, OK	2221-2223 24TH ST, MUSKOGEE, OK	US	US
S1-553712807	S3-420952715	S3	Meon	Motn	2221 24th Street, Muskogee, OK	2221 1/2 24th St, Muskogee, Oklahoma	US	US
S1-553712807	S3-577159843	S3	Meon	Mon	2221 24th Street, Muskogee, OK	2221 1/2 24th St, Muskogee, Oklahoma	US	US
S1-553712807	S3-695431639	S3	Meon	... Meon Inc.	2221 24th Street, Muskogee, OK	2221 1/2 24th St, Muskogee, Oklahoma	US	US
S1-520361644	S2-541060866	S2	Clementine Brouwer, CPA	CLEMENTINE BROUWER,	W1973 Vans Court, Town Of Freedom, WI	1973 VANS COURT, KAUKAUNA, WI	US	US
S1-684012770	S3-319677962	S3	PCO Golden Oncology, Inc.	PCO Golden	4204 Applegate Lane, Suitland, MD	4204 Applegate Lane, Suitland, Maryland	US	US
S1-382234885	S2-804983462	S2	Guinn Elite Royalty LLC	GUINN ROYALTY-LLC SERVICES	7922 Heim Road, Chandler, IN	7922 Heim Rd, CHANDLER, IN	US	US
S1-119783341	S2-225659591	S2	Sun Consulting Limited	Limited Sun Cnonsulcing	Ix/6372, Ground Floor, Netaji Gali, Gandhi Nagar, East Delhi, Delhi	IX/##6372, GROUND FLOOR, NETAJI GALI, GANDHI NAGAR, EAST DELHI, दिल्ली	India	India
S1-376882708	S2-178034188	S2	Unified Aerospace Studios	Unified Aerospace	1121 500, Unit 18, Salt Lake City, UT	1121 500, SALT LAKE CITY, UT	US	US
S1-521250108	S2-974321962	S2	Tiff Clemons Secure Zeo LLC	Tiff Cierons Secure Zeo LLC	119 Freeman Court, Houma, LA	119 Freeman Ct, HOUMA, LA	US	US
S1-521250108	S3-654422236	S3	Tiff Clemons Secure Zeo LLC	Tiff C1emons Secure Zeo	119 Freeman Court, Houma, LA		US	US
S1-521250108	S3-375213782	S3	Tiff Clemons Secure Zeo LLC	Tiff Clemos Secure Zeo LLC	119 Freeman Court, Houma, LA		US	US
S1-170295653	S2-468484708	S2	Miley Integrated Citigroup P.C.	Miley Integrated Integrated	1507 Lyndhurst Drive, Chattanooga, TN	#1507 LYNDHURST DR, CHATTAANOOGA, TN	US	US
S1-170295653	S2-337368978	S2	Miley Integrated Citigroup P.C.	P.C. MILEY INTEGRATED CITIGROUP	1507 Lyndhurst Drive, Chattanooga, TN	#1507 LYNDHURST DR, CHATTAANOOGA, TN	US	US
S1-772116613	S2-202071703	S2	Behavioral Health Silver Clinic Inc	Behavioral Health Silver	13822 Northvalley Drive, Hagerstown, MD	MD, 13822 NORTHVALEY DR, HAGERSTOWN	US	US
S1-633779655	S2-334509084	S2	Aspen Zhejiang LLC	Aspen Zejgang LLC	24304 33rd Avenue, WA, Spanaway	4304 33RD AVENUE, SPANAWAY, WA	US	US
S1-633779655	S2-24729487	S2	Aspen Zhejiang LLC	Aspen Zhmg LLC	24304 33rd Avenue, WA, Spanaway		US	US
S1-705632806	S2-122815656	S2	Ideal Industries Group	Ideal Industries	Shop No.4 & 5, Kamala Nagar Chs Ltd M.G.Road, Near Bohara Colony, Kandivali West, Mumbai City, Maharashtra	SHOP NO.4-4 & 5, KAMALA NAGAR CHS LTD M.G.ROAD, NEAR BOHARA COLONY, KANDIVALI WEST, Maharashtra	India	India
S1-705632806	S3-436055408	S3	Ideal Industries Group	Ideal Industries Gróup	Shop No.4 & 5, Kamala Nagar Chs Ltd M.G.Road, Near Bohara Colony, Kandivali West, Mumbai City, Maharashtra	Shop No.##4 & 5, Mumbai City, MH	India	India
S1-705632806	S3-801656369	S3	Ideal Industries Group	Ideal  Group Industries	Shop No.4 & 5, Kamala Nagar Chs Ltd M.G.Road, Near Bohara Colony, Kandivali West, Mumbai City, Maharashtra	Door No ##4 & 5, MH	India	India
S1-481652414	S3-160842029	S3	Trinity Presbyterian Church	Trinity Church Presbyterian	1013 3rd Avenue, Unit #5, Puyallup, WA	001013 Third Avenue, Unit #5, Puyallup, Washington	US	US
S1-993527714	S3-250788566	S3	George Saul Inc	Úmbrayuma	Unit UNIT 367, 1400 Great Wolf Drive, WI, Village Of Lake Delton	1400 Great Wolf Dr, Unit UNIT 367, Village Of Lake Delton, Wisconsin	US	US
S1-993527714	S3-623091575	S3	George Saul Inc	georgesaul.com	Unit UNIT 367, 1400 Great Wolf Drive, WI, Village Of Lake Delton	1400 Great Wolf Drive, Unit UNIT 367, Baraboo, Wisconsin	US	US
S1-169008536	S2-458855873	S2	Urban Projects	আরবান প্রজেক্টস	C/O Alauddin Molla Noorpur Ramnagar 24 Parganas, Diamond Harbour - I, South 24 Parganas, West Bengal	H.NO 366 C/O ALAUDDIN MOLLA NOORPUR RAMNAGAR 24 PARGANAS, DIAMOND HARBOUR - I, SOUTH 24 PARGANAS, West Bengal	India	India
S1-169008536	S2-121375598	S2	Urban Projects	আরবান প্রজেক্টস	C/O Alauddin Molla Noorpur Ramnagar 24 Parganas, Diamond Harbour - I, South 24 Parganas, West Bengal	#366 C/O ALAUDDIN MOLLA NOORPUR RAMNAGAR 24 PARGANAS, DIAMOND HARBOUR - I, SOUTH 24 PARGANAS, West Bengal	India	India
S1-169008536	S2-875082763	S2	Urban Projects	URBAN PROJECTS CO	C/O Alauddin Molla Noorpur Ramnagar 24 Parganas, Diamond Harbour - I, South 24 Parganas, West Bengal	#366 C/O ALAUDDIN MOLLA NOORPUR RAMNAGAR 24 PARGANAS, DIAMOND HARBOUR - I, West Bengal	India	India
S1-736761428	S2-981647527	S2	Rodriguez, Guest & Brooks	RODRIGUEZ, GUEST-BROOKS CENTER	450431 316 Drive, Afton, OK	450431 316 DR, AFTON, OK	US	US
S1-470699785	S2-592507040	S2	Krystyna's Energy Inc	krystynasenergy.com	NY, Unit Apartment 206, 183 Main Street, Fredonia	NY, FREDONIA, MAIN ST	US	US
S1-470699785	S3-363342939	S3	Krystyna's Energy Inc	Krystyna's Eergy  Inc	NY, Unit Apartment 206, 183 Main Street, Fredonia	18 Main Street, Fredonia, New York	US	US
S1-612138552	S2-644003281	S2	Harini & Co	harini.com	15/1-1, Malviya Nagar, New Delhi, Delhi	15/1-1, MALVIYA NAGAR, दिल्ली	India	India
S1-388874339	S2-553020339	S2	Tovaia, L.L.C.	Tovaia,	17 Walter Avenue, Norwalk, CT	17. WALTER AVE, NORWALK, CT	US	US
S1-388874339	S3-974459632	S3	Tovaia, L.L.C.	#tovaia	17 Walter Avenue, Norwalk, CT	17 Walter Avenue, Norwalk Township, Connecticut	US	US
S1-645713459	S2-573195841	S2	Ellis, Chavis and Renfro Hyperliquid Partners	ELLIS, CHAVIS AND RENFRO HYPERLIQUID PARTNERS LP	4759 Mayfield Road, South Euclid, OH	SOUTH EUCLID, OH, MAYFIELD ROAD	US	US
S1-360225492	S2-505416090	S2	Best Shivam Solutions Private Limited	Best Shivam Solutions Limited Center	Plot No: Idco Plot No. 19/A Ganeshwarpur, Januganj, Balasore, Orissa	PLOT NO: IDCO PLOT NO. 19/A GANESHWARPUR, JANUGANJ, Odisha	India	India
S1-360225492	S2-886189208	S2	Best Shivam Solutions Private Limited	Best Smemm Solutions Private Límited	Plot No: Idco Plot No. 19/A Ganeshwarpur, Januganj, Balasore, Orissa	PLOT NO: IDCO PLOT NO. 19/A GANESHWARPUR, JANUGANJ, ଓଡ଼ିଶା	India	India
S1-360225492	S3-551736539	S3	Best Shivam Solutions Private Limited	ବେଷ୍ଟ୍ ଶିବମ୍ ସଲ୍ୟୁସନ୍ସ୍ ପ୍ରାଇଭେଟ୍ ଲିମିଟେଡ୍	Plot No: Idco Plot No. 19/A Ganeshwarpur, Januganj, Balasore, Orissa	Balasore, OD, Plot No: Idco Plot No. B3/19/a Ganeshwarnur, Januganj	India	India
S1-150829563	S3-898502053	S3	Verron Software, LLC	@verronsoftware	25432 Park Avenue, Buckeye, AZ	25432 Park Ave, Buckeye, Arizona	US	US
S1-801212938	S2-500161656	S2	Keystone Infrastructure Brands L.L.C.	Keystone Infeetsurcute Brands L.L.C.	1147 11th Alley, Eugene, OR	1147 11ST ALLEY, PMB 8594, EUGNEE, OR	US	US
S1-401074421	S3-597319704	S3	Chau Minerals LLC	chau minera1s llc	1620 Belmont Street, Unit B, Washington, DC	1620 Belmont Street, # B, Washingtont Ownship, District of Columbia	US	US
S1-44634215	S3-827819513	S3	Dj Works Pvt Ltd	Dj Pvt Ltd Center	D-754, Jagdamba Nagar Heerapura, Ajmer Road, Jaipur, Rajasthan	D-754, Jagdamba Nagar Heerapura, Ajmer Road, Jaipur, राजस्थान	India	India
S1-44634215	S3-739270078	S3	Dj Works Pvt Ltd	Dj W0rks Pvt Ltd	D-754, Jagdamba Nagar Heerapura, Ajmer Road, Jaipur, Rajasthan	D-754, Jaipur, RJ	India	India
S1-920710760	S3-149496856	S3	Kalyankari Sangh Care	Kalyankari Sangh Cfagie	D-81-Old-D-422 Siddharth Nagar, Jaipur, Rajasthan	D-81-old-d-422. Siddharth Nagar, Jaipur, राजस्थान	India	India
S1-436985273	S3-150259143	S3	Corner Pilates	cornerpilates.com	KY, 116 Redwood Drive, Frankfort	0116 Redwood Drive, Frankfort, Kentucky	US	US
S1-807405756	S2-592192257	S2	Bonilla Painting LLC	BONILLA PAINTING	1340 Paxton Circle, Tuscaloosa, AL	1340 PAXTON CIR, TUSCALOOSA, AL	US	US
S1-807405756	S3-652641893	S3	Bonilla Painting LLC	bonillapainting.com	1340 Paxton Circle, Tuscaloosa, AL	Paxton Cir, Tuscaloosa, Alabama	US	US
S1-807405756	S3-410965322	S3	Bonilla Painting LLC	Bonilla Páinting	1340 Paxton Circle, Tuscaloosa, AL	1340 Paxton Circle, Tuscaloosa, Alabama	US	US
S1-945770627	S2-252609050	S2	Eicher Classic Private Limited	M/s Eicher Classic Prvdate Limited	Survey No. 101 Near Dosti Bekary Neharunagar Pimpri, Pune, Maharashtra	NO 101 NEAR DOSTI BEKARY NEHARUNAGAR PIMPRI, PUNE, महाराष्ट्र	India	India
S1-945770627	S2-905400537	S2	Eicher Classic Private Limited	M/s eicher classic private limited	Survey No. 101 Near Dosti Bekary Neharunagar Pimpri, Pune, Maharashtra	SURVEY NO. 101 NEAR DOSTI BEKARY NEHARUNAGAR PIMPRI, PUNE, महाराष्ट्र	India	India
S1-945770627	S3-283907351	S3	Eicher Classic Private Limited	Eicher Claslac Private Limited	Survey No. 101 Near Dosti Bekary Neharunagar Pimpri, Pune, Maharashtra	Door No 101 Nera Dosti Bekary Neharunagar Pimpri, Pune, MH	India	India
S1-863544866	S2-396904695	S2	Grand & Sons Private Limited	Smt Grand & Sons Prfaet Limited	D-516, Site C Surajpur, Housing Greater Noida, Noida, Gautam Buddha Nagar, Uttar Pradesh	Uttar Pradesh, D-516, SITE C SURAJPUR, HOUSING GREATER NOIDA, NOIDA	India	India
S1-863544866	S2-657748814	S2	Grand & Sons Private Limited	Grand & Sons Pvahie Limited	D-516, Site C Surajpur, Housing Greater Noida, Noida, Gautam Buddha Nagar, Uttar Pradesh	Uttar Pradesh, D-516, SITE C SURAJPUR, HOUSING GREATER NOIDA, NOIDA	India	India
S1-863544866	S3-519972100	S3	Grand & Sons Private Limited	Grand & Sons Limited Center	D-516, Site C Surajpur, Housing Greater Noida, Noida, Gautam Buddha Nagar, Uttar Pradesh	D-516, Site C Surajpur, Housing Greater Noida, Noida, Gautam Buddha Nagar, UP	India	India
S1-553547335	S3-460603708	S3	Ted Bailey Fusion LLC	Ted Baly Fusion LLC	4475 Sandpiper Circle, Gunbarrel, CO	4475 Sandpiper Cir, Boulder, Colorado	US	US
S1-522840559	S2-779790058	S2	Tulsa Pediatric Dentistry Continental Medicine	TULSA PEDIATRIC DENTISTRY CONTINENTAL	7085 Foxtail Lane, Tulsa, OK	085 FOXTAIL LN, TULSA, OK	US	US
S1-522840559	S3-696703583	S3	Tulsa Pediatric Dentistry Continental Medicine	tulsa pediatric pediatric dentistry continental medicine	7085 Foxtail Lane, Tulsa, OK	Foxtail Ln, Oklahoma, Tulsa	US	US
S1-522840559	S3-172990447	S3	Tulsa Pediatric Dentistry Continental Medicine	tulsapediatricdentistry.com	7085 Foxtail Lane, Tulsa, OK	7085 Foxtail Line, Tulsa, Oklahoma	US	US
S1-607311453	S2-131117201	S2	Family Horizon Associates LLC	LLC Family Horizon Ássociates	Springfield, MO, 737 Westbypass	737-B WESTBYPASS, SPRINGFIELD, MO	US	US
S1-900882482	S2-111766996	S2	Vision Medicine	Vision Medicine Inc	NY, 32 Carthage Drive, Unit Apartment 1, Rochester	32 CARTHAGE DR, ROCHESTER, NY	US	US
S1-900882482	S2-322147227	S2	Vision Medicine	Vision (Service)	NY, 32 Carthage Drive, Unit Apartment 1, Rochester	ROCHESTER, NY, 32 CATHAGE DR	US	US
S1-900882482	S3-198311832	S3	Vision Medicine	Vision  Medicine	NY, 32 Carthage Drive, Unit Apartment 1, Rochester	32 Carthage Drive, PO Box 1405, Rochester, New York	US	US
S1-157183174	S2-290784701	S2	Vinny Fernandez Advisory Associates	vinnyfernandezadvisory.com	142 W Grandiflora Drive, Wallace, NC	149 WEST GRANDIFLORA DR, NC, WALLACE CTIY	US	US
S1-157183174	S2-362831930	S2	Vinny Fernandez Advisory Associates	Fernandez, Vinny Advisory Service	142 W Grandiflora Drive, Wallace, NC	149 W GRANDIFLORA DR, WALLACE CTIY, NC	US	US
S1-638466806	S3-913224787	S3	Radhey Basket Private Limited	M/s radheybasket.com	Panchratna Office No. 624/1 Karve Road Erandawane, Pune, Maharashtra	Panchratna Office No. B3/624/1 Karve Road Erandawane, Pune, MH	India	India
S1-110295930	S2-915385449	S2	PF Bread LLC	PF Brrda LLC	Jonesborough, TN, 492 Taylor Bridge Road	492 1/2 TAYLOR BRIDGE RD, JONESBOROUGH, TN	US	US
S1-130034572	S3-779413536	S3	Piedmont Alliance V PC	Piedmont Álliance V PC-Council	Weddington, 1224 Willow Oaks Trail, NC	1224 Willow Oaks Trl, Weddington, North Carolina	US	US
S1-236312382	S2-734049056	S2	Kelly Advisory, Inc	Kelly Advisorc, Inc	301 1st Street, Chokio, MN	301 FIRST ST, CHOKIO, MN	US	US
S1-236312382	S2-69010626	S2	Kelly Advisory, Inc	Kelly Adhiors,y Inc	301 1st Street, Chokio, MN	301 1ST ST, CHOKIO, MN	US	US
S1-718976444	S2-746094731	S2	Mumbai Bharat Pvt. Ltd.	Mumbai Bhárat Pvt. Ltd.	702 Sneh Building, Anandnagar Near Mohan Soc, Dahisar East, Mumbai, Mumbai City, Maharashtra	702 SNEH BUILDING, ANANDNAGAR NEAR MOHAN SOC, DAHISAR EAST, MUMBAI, Maharashtra	India	India
S1-809295456	S2-797920614	S2	Indrya (india) Pvt Ltd	Indrya (india) Pvt Ltd. - [5457443576]	1835C Ward Bhausingi Road, Kolhapur, Karvir, Kolhapur, Maharashtra	Maharashtra, 1835C. WARD BHAUSINGI ROAD, KOLHAPUR, KARVIR	India	India
S1-809295456	S3-432783832	S3	Indrya (india) Pvt Ltd	Indrya (iidtl) Pvt Ltd	1835C Ward Bhausingi Road, Kolhapur, Karvir, Kolhapur, Maharashtra	#1835C Ward Bhausingi Road, Kolhapur, Karvir, Kolhapur, MH	India	India
S1-809295456	S3-906514244	S3	Indrya (india) Pvt Ltd	Fáyeflux	1835C Ward Bhausingi Road, Kolhapur, Karvir, Kolhapur, Maharashtra	No 1835C Ward Bhausingi Road, Kolhapur, Karvir, Kolhapur, MH	India	India
S1-85024477	S3-998267662	S3	MIG Exports LLP	MIG LLP Services	Shyam Kutir, 25/ 58 (Part, Lane 15, Vishwas Nagar, Shahdara, Delhi	Shyam Kutir, 25/ 58 (Part, Lane 15, Vishwas Nagar, Shahdara, दिल्ली	India	India
S1-136894582	S2-22011915	S2	Economic Development United Fellowship	ECONOMIC DEVELOPMENT UNITED	3841 Forsyth Park Court, Greenville, NC	003841 FORSYTH PARK COURT, NC, GREENVILLE	US	US
S1-136894582	S3-975464331	S3	Economic Development United Fellowship	Economic Dvéegpemnt United Fellowship	3841 Forsyth Park Court, Greenville, NC	Winterville, North Carolina, 3841 Forsyth Park Ct	US	US
S1-621761582	S2-179489971	S2	Dynamic Properties Pvt Ltd	డైనమిక్ ప్రాపర్టీస్ ప్రైవేట్ లిమిటెడ్	39-17-48/1, Main Road, Near 48 Busstop, Visakhapatnam (Urban), Visakhapatnam, Vishakhapatnam, Andhra Pradesh	39-17-48/1, VISHAKHAPATNAM, Andhra Pradesh, VIZAG, MAIN ROAD, NEAR 48 BUSSTOP, VISAKHAPATNAM (URBAN)	India	India
S1-621761582	S3-770029994	S3	Dynamic Properties Pvt Ltd	డైనమిక్ ప్రాపర్టీస్ ప్రైవేట్ లిమిటెడ్	39-17-48/1, Main Road, Near 48 Busstop, Visakhapatnam (Urban), Visakhapatnam, Vishakhapatnam, Andhra Pradesh	39-17-48/1, Vizag, Vishakhapatnam, ఆంధ్రప్రదేశ్	India	India
S1-621761582	S3-476922507	S3	Dynamic Properties Pvt Ltd	Dynamic ప్రాపర్టీస్ Pvt Ltd	39-17-48/1, Main Road, Near 48 Busstop, Visakhapatnam (Urban), Visakhapatnam, Vishakhapatnam, Andhra Pradesh	39-17-48/1, Main Road, Near 48 Busstop, Visakhapatnam (Urban), Vishakhapatnam, Vizag, ఆంధ్రప్రదేశ్	India	India
S1-753180274	S2-122241825	S2	Helios LLC	Helios  LLC Center	306 Wrights Lane, Bldg BRIAN GRIFFITH DENTISTRY, Prestonsburg, KY	WRIGHTS LN, PRESTONSBURG, KY	US	US
S1-753180274	S3-434505955	S3	Helios LLC	Helos LLC	306 Wrights Lane, Bldg BRIAN GRIFFITH DENTISTRY, Prestonsburg, KY	Prestonsburg, Bldg Brian Griffith Dentistry, Kentucky, Wrights Lane	US	US
S1-883468618	S2-587576840	S2	Tmr (india) Private Limited	TMR (IBAAI) PRIVATE LIMITED	Plot No. A 390 391, Riico Growth Centre, Swaroopganj, Hamirgarh, Bhilwara, Rajasthan	#728 PLOT NO. A 390 391, RIICO GROWTH CENTRE, SWAROOPGANJ, HAMIRGARH, BHILWARA, Rajasthan	India	India
S1-883468618	S2-922415720	S2	Tmr (india) Private Limited	Sri Tmr (india) Private Ltd	Plot No. A 390 391, Riico Growth Centre, Swaroopganj, Hamirgarh, Bhilwara, Rajasthan	NO 728 PLOT NO. A 390 391, RIICO GROWTH CENTRE, SWAROOPGANJ, HAMIRGARH, BHILWARA, Rajasthan	India	India
S1-883468618	S3-149911356	S3	Tmr (india) Private Limited	tmrindia.com	Plot No. A 390 391, Riico Growth Centre, Swaroopganj, Hamirgarh, Bhilwara, Rajasthan	Plot No. A 0390 391, Bhilwara, RJ	India	India
S1-269039848	S2-141962181	S2	Holy Community Church	HOLY COMMUNITY	5546 Cincinnati Dayton Road, Middletown, OH	5546 CINCINNATI DAYTON ROAD, OH, MIDDLETOWN	US	US
S1-269039848	S2-523777271	S2	Holy Community Church	HOLY CHURCH COMMUNITY	5546 Cincinnati Dayton Road, Middletown, OH	OH, 5546 CINCINNATI DAYTON ROAD, MIDDLETOWN	US	US
S1-269039848	S3-241756735	S3	Holy Community Church	community holy church	5546 Cincinnati Dayton Road, Middletown, OH	5546 Cinicnnati Dayton Road, Middletown, Ohio	US	US
S1-497340561	S3-487527885	S3	Moore Food LLC	LLC Moore Fóod	1008 Henry Street, IA, Mt Pleasant	1008 Henry St, Mt Pleasant, Iowa	US	US
S1-569100881	S3-179636980	S3	Resorts Traders Pvt Ltd	Resorts Tbdeor Pvt Ltd	Office No.9, Miragaothan Mahajanwadi, National Highway, Mira Road East, Thane, Mumbai, Mumbai City, Maharashtra	Office No.9, Miragaothan Mahajanwadi, National Highway, Mira Road East, Thane, Mumbai, Mumbai City, MH	India	India
S1-569100881	S3-433648441	S3	Resorts Traders Pvt Ltd	Resorts Tráders Pvt Ltd	Office No.9, Miragaothan Mahajanwadi, National Highway, Mira Road East, Thane, Mumbai, Mumbai City, Maharashtra	Mumbai City, MH, Office No.9, Mumbai, Miragaothan Mahajanwadi, National Highway, Mira Road East, Thane	India	India
S1-335752330	S2-897778962	S2	Ranna Brill Certified Vulcan Upper Allen Township	rannabrillcertified.com	413 Reservoir Road, Upper Allen Township, PA	RESERVOIR RD, MECHANICSBURG, PA	US	US
S1-253185653	S2-583363911	S2	Red Agro Private Limited	రెడ్ ఆగ్రో ప్రైవేట్ లిమిటెడ్	305, 3Rd Floor, Krishna Complex Tilak Road, Abids, Hyderabad, Telangana	తెలంగాణ, ABIDS, BLOCK A-167 305, HYDERABAD, 3RD FLOOR, KRISHNA COMPLEX TILAK ROAD	India	India
S1-253185653	S3-766014540	S3	Red Agro Private Limited	రెడ్ ఆగ్రో ప్రైవేట్ లిమిటెడ్	305, 3Rd Floor, Krishna Complex Tilak Road, Abids, Hyderabad, Telangana	Abids, 3Rd Floor, Krishna Complex Tilak Road, తెలంగాణ, 305/7, Hyderabad	India	India
S1-463548524	S2-442263631	S2	Swastik Shyam Enterprises Private Limited	स्वस्तिक श्याम एंटरप्राइजेज प्राइवेट लिमिटेड	Flat No-501, B-Wing, Barcelona, Off Madh Road, Bhd Madh Church, Malad (W, Est), Mumbai, Mumbai City, Maharashtra	FLAT NO-501, MUMBAI, MUMBAI CITY, Maharashtra	India	India
S1-463548524	S3-772586861	S3	Swastik Shyam Enterprises Private Limited	Swastik Shyam Énterprises Private Limited	Flat No-501, B-Wing, Barcelona, Off Madh Road, Bhd Madh Church, Malad (W, Est), Mumbai, Mumbai City, Maharashtra		India	India
S1-801306682	S3-936653629	S3	Perfect Foundation	Perfect F0undation	Chennai, No.388/8, 200 Feet Road, S.Kolathur, Tamil Nadu, Chennai	No.388, 200 Feet Road, S.kolathur, Chennai, TN	India	India
S1-369859179	S2-368442166	S2	United & Brothers Center	Sri United & Brothers Cénter	C/O Malasiya Brothers, Temple Road, Rishabdeo, Udaipur., Udaipur, Rajasthan	C/O MALASIYA BROTHERS, TEMPLE ROAD, RISHABDEO, UDAIPUR., Rajasthan	India	India
S1-369859179	S2-531916510	S2	United & Brothers Center	United & Center Center	C/O Malasiya Brothers, Temple Road, Rishabdeo, Udaipur., Udaipur, Rajasthan	C/O MALASIYA BROTHERS, TEMPLE ROAD, RISHABDEO, UDAIPUR., Rajasthan	India	India
S1-369859179	S3-950205392	S3	United & Brothers Center	United & Brothers Center (Ltd)	C/O Malasiya Brothers, Temple Road, Rishabdeo, Udaipur., Udaipur, Rajasthan	Temple Road, Rishabdeo, C/o Malasiya Brothers, Udaipur., Udaipur, RJ	India	India
S1-720468760	S2-495098095	S2	B & G Exchange	B & G Exchange Ltd	354 Claremont Road, Kingsport, TN	365 CLAREMONT RD, KINGSPORT, TN	US	US
S1-720468760	S2-703072292	S2	B & G Exchange	B &	354 Claremont Road, Kingsport, TN	365 CLAREMONT ROAD, KINGSPORT, TN	US	US
S1-630223771	S2-494260820	S2	All International LLP	ऑल इंटरनेशनल एलएलपी	Office 105, Flr-1, Sujata Chambers, Abhaychand Gandhi Marg, Mirchi Gully Masjid Stn Man, Dvi, Mumbai, Mumbai City, Maharashtra	OFFICE 0105, FLR-1, SUJATA CHAMBERS, ABHAYCHAND GANDHI MARG, MIRCHI GULLY MASJID STN MAN, DVI, BOMBAY, MUMBAI CITY, Maharashtra	India	India
S1-630223771	S3-697578371	S3	All International LLP	ऑल इंटरनेशनल एलएलपी	Office 105, Flr-1, Sujata Chambers, Abhaychand Gandhi Marg, Mirchi Gully Masjid Stn Man, Dvi, Mumbai, Mumbai City, Maharashtra	Office C-105, Mumbai (SUBURBAN), MH, Mumbai City	India	India
S1-630223771	S3-815538600	S3	All International LLP	ऑल इंटरनेशनल एलएलपी	Office 105, Flr-1, Sujata Chambers, Abhaychand Gandhi Marg, Mirchi Gully Masjid Stn Man, Dvi, Mumbai, Mumbai City, Maharashtra	Office C-105, Mumbai Ii, MH	India	India
S1-630223771	S3-587424087	S3	All International LLP	All LLP Center	Office 105, Flr-1, Sujata Chambers, Abhaychand Gandhi Marg, Mirchi Gully Masjid Stn Man, Dvi, Mumbai, Mumbai City, Maharashtra	Office C-105, Mumbai Ii, MH	India	India
S1-706591875	S2-727699390	S2	Congregation Lutheran Church	THE CONGREGATION LUTHERAN CHURCH	Unit 22, 7905 Crows Nest Court, Laurel, MD	7585 CROWS NEST COURT, LAUREL, MD	US	US
S1-706591875	S2-811072158	S2	Congregation Lutheran Church	congregation lutheran lutheran church	Unit 22, 7905 Crows Nest Court, Laurel, MD	008156 CROWS NEST CT, LAUREL, MD	US	US
S1-949279814	S2-109268847	S2	Z+ Maintenance P.C.	Z+  MAlNTENANCE	3606 Cr 382, San Antonio, TX	TX, SAN ANTONIO, 003606 CR 382	US	US
S1-949279814	S3-67297857	S3	Z+ Maintenance P.C.	Z+ P.C. Services	3606 Cr 382, San Antonio, TX	03606 Cr 382, San Antonio, Texas	US	US
S1-949279814	S3-825466531	S3	Z+ Maintenance P.C.	Z+ Maintenncea P.C.	3606 Cr 382, San Antonio, TX	Texas, 03606 Cr 382, San Antonio	US	US
S1-949279814	S3-550224749	S3	Z+ Maintenance P.C.	P.C. Z+ Manenmnnce	3606 Cr 382, San Antonio, TX	03606 Cr 382, San Antonio, Texas	US	US
S1-587645790	S2-38237599	S2	Bjr Impex Private Limited	@bjrimpex	C Block Jaldarourkela, Sundargarh, Orissa	H.NO #838 C BLOCK JALDAROURKELA, SUNDARGARH, Odisha	India	India
S1-587645790	S2-974162610	S2	Bjr Impex Private Limited	PRIVATE BJR IMDXE LIMITED	C Block Jaldarourkela, Sundargarh, Orissa	H.NO #838 C BLOCK JALDAROURKELA, SUNDARGARH, ଓଡ଼ିଶା	India	India
S1-796167853	S2-950844908	S2	Goodman, Danielson & Payton LLC	GOODMAN, DANIELSON PAYTON LLC PARTNERS	114 Lamme Street, Bozeman, MT	114 LAMME ST, BOZEMAN, MT	US	US
S1-805440050	S2-933545019	S2	Williams Automotive LLC	williamsautomotive.com	1157 Officers Row, WA, Vancouver	VANCOUVVER, 001157 OFFICERS ROW, WA	US	US
S1-805440050	S3-342987981	S3	Williams Automotive LLC	williamsautomotive.com	1157 Officers Row, WA, Vancouver	1157 Officers Row, Vancouver, Washington	US	US
S1-603442937	S2-285957614	S2	Skill Agro Private Limited	Calonexflux	3/101 Shree Krishan Avenyu Face, Limbodi, Indore, Madhya Pradesh	3/101 SHREE KRISHAN AVENYU FACE, INDORE, Madhya Pradesh	India	India
S1-603442937	S2-133657619	S2	Skill Agro Private Limited	Skill Agro Limited Partners	3/101 Shree Krishan Avenyu Face, Limbodi, Indore, Madhya Pradesh		India	India
S1-491232871	S2-325343485	S2	Marthena Mowrer, P.A.	MARTHENA MOWRER, P.A. [LTD]	AR, 2703 55th Street, Rogers, Unit Apt 203	2703 55TH ST, ROGERS, AR	US	US
S1-378652653	S2-213067343	S2	Gulf Network Inc	GULF NETORK INC	22022 Shale Barren Court, Cypress, TX	22022 SHALE BARREN CT, TX, CYPRESS	US	US
S1-509723568	S2-700137150	S2	3339 Highland Plaza Holdings	3339 Híghland Plaza Holdings	Goshen, 1050 2202, AL	1050 2202, GOSHN, AL	US	US
S1-509723568	S2-824343493	S2	3339 Highland Plaza Holdings	3339 Highland Holdings Center	Goshen, 1050 2202, AL		US	US
S1-509723568	S3-953703492	S3	3339 Highland Plaza Holdings	Plaza Hiland 3339 Holdings	Goshen, 1050 2202, AL	2202, Goshen, Alabama	US	US
S1-749675254	S2-289217751	S2	Great Advanced Airport LLC	Great Advanced Áirport LLC	3400 Skipping Rock Way, VA, Richmond City	3400 SKIPPING ROCK WAY, RICHOMND, VA	US	US
S1-932539298	S2-780145988	S2	Escobedo Smart of Williamson	*** ESCOBEDO SMART OF WBILMIASON	NY, Williamson, 6475 Salmon Creek Road	6475-6479 SALMON CREEK ROAD, null, WILLIAMSON CITY, NY	US	US
S1-932539298	S2-373243961	S2	Escobedo Smart of Williamson	WILLIAMSON SMART OF ESCOBEDO	NY, Williamson, 6475 Salmon Creek Road	6475-6479 SALMON CREEK RD, null, WILLIAMSON CITY, NY	US	US
S1-380060263	S3-659600787	S3	Devashish Plaza Private Limited	Dr Devashish Pláza Prisvate Limited	B-3 Horning Stars T Road Mahim, Mumbai, Maharashtra	B-3 Horning Stars T Road Mahim, Mumbai, MH	India	India
S1-629417405	S2-928426462	S2	Moore Bitwise Inc	Moore Inc Center	337 Oakland Avenue, Michigan City, IN	337 OAKLAND AVE, MICHHIGAN CITY CITY, IN	US	US
S1-629417405	S3-606982601	S3	Moore Bitwise Inc	Moore Inc Services	337 Oakland Avenue, Michigan City, IN	0337 Oakland Ave, Michigan City, Indiana	US	US
S1-629417405	S3-438606634	S3	Moore Bitwise Inc	moorebitwise.com	337 Oakland Avenue, Michigan City, IN	0337 Oakland Avenue, Michigan City, Indiana	US	US
S1-629417405	S3-786131946	S3	Moore Bitwise Inc	Moore Bítwise Inc	337 Oakland Avenue, Michigan City, IN	Michigan City, 0337 Oakland Ave, Indiana	US	US
S1-996523584	S2-1855391	S2	Common Consultants Care	COMMON CONSULTANTS CENTER	House No 2244 Sector-28, Faridabad, Haryana	HOUSE NO G-2244 SECTOR-28, FARIDABAD, हरियाणा	India	India
S1-996523584	S2-62440221	S2	Common Consultants Care	Mr Common Consultants Center	House No 2244 Sector-28, Faridabad, Haryana	HOUSE NO G-2244 SECTOR-28, FARIDABAD, Haryana	India	India
S1-422936323	S2-673863355	S2	Ivenic Enterprises	IVENIC ENTERPRISES  CO #11599	101 Sessions Avenue, Enterprise, AL	101 Sessions Ave, ENTERPRISE, AL	US	US
S1-970518712	S2-239226917	S2	Trident Welfare Society	Sóciety Welfare Trident	9/2113, Gali No.-7 Kailash Nagar, New Delhi, East Delhi, Delhi	9/2113, GALI NO.-7 KAILASH NAGAR, EAST DELHI, NEW DELHI, Delhi	India	India
S1-89093509	S2-778006451	S2	Saini Drinks Limited	Saini Drínks Limited	D 35 Pocket C Mayur Vihar Phase Ii, East Delhi, Delhi	D 65 POCKET C MAYUR VIHAR PHASE II, दिल्ली	India	India
S1-89093509	S3-3598545	S3	Saini Drinks Limited	Sri sainidrinks.com	D 35 Pocket C Mayur Vihar Phase Ii, East Delhi, Delhi	D G-35 Pocket C Mayur Vihar Phase Ii, Preet Vihar, DL	India	India
S1-590082446	S2-410696375	S2	First Food Private Limited	ফার্স্ট ফুড প্রাইভেট লিমিটেড	20, Baranashi Ghosh Street, Kolkata, Kolkata, Howrah, West Bengal	##20, BARANASHI GHOSH STREET, KOLKATA, West Bengal, CALCUTTA, HOWRAH	India	India
S1-590082446	S3-949636981	S3	First Food Private Limited	Mr First Fooo Private Limited	20, Baranashi Ghosh Street, Kolkata, Kolkata, Howrah, West Bengal	20, Kolkata, Howrah, WB	India	India
S1-965549055	S2-147779226	S2	Wilson Toyo LLC	WILSON LLC-TOYO	120 Lake Drive, Stevensville, MD	0120 LAKE DR, STEVENSVILLE, MD	US	US
S1-965549055	S3-537422052	S3	Wilson Toyo LLC	LLC Wilson Tafo	120 Lake Drive, Stevensville, MD	120C Lake Dr, Stevensville, Maryland	US	US
S1-213642432	S2-736580785	S2	Pramukh & Brothers Private Limited	PRAMUKH + BROTHERS PRIVATE	No. 161-D, 3Rd Floor, Ag-1, Vikaspuri, New Delhi, Delhi	#161-D , 3RD FLOOR, AG-1, VIKASPURI, Delhi	India	India
S1-213642432	S3-980864339	S3	Pramukh & Brothers Private Limited	M/s PRAMUKH & BROTHERS PRIVATE LIMITED	No. 161-D, 3Rd Floor, Ag-1, Vikaspuri, New Delhi, Delhi	Vikaspuri, New Delhi, दिल्ली, 161-D, 3Rd Floor, Ag-1	India	India
S1-279736597	S2-308959476	S2	Atlantic Coalition II LLC	#ATLANTICCOALITION	210 Beech Street, Newport, KY	210 BEECH STREET, NEWPORT KY, KY	US	US
S1-479239049	S2-433659051	S2	Palakkad Techno Private Limited	Palakkad Techno Prívate Limited	No.12/189, Kelath Parambil (H), Kondurkara P.O Karakkad, Kalladipatta (Via), Palakkad, Kerala	NO 0012/189 , KELATH PARAMBIL (H), KONDURKARA P.O KARAKKAD, KALLADIPATTA (VIA), PALAKKAD, Kerala	India	India
S1-571777559	S2-105253566	S2	Blue Power Private Limited	ब्लू पावर प्राइवेट लिमिटेड	Plot No 78 Ajmer Road, Sukhadiya Nagar, Bhilwara, Bhilwara, Rajasthan	#78 AJMER ROAD, BHILWARA, Rajasthan	India	India
S1-630839433	S2-555688690	S2	Chiropractic Associates Inc.	Chiropractic Asmocgiatse Inc.	511 55th Street, Renton, WA	WA, RENTON, 511 55TH ST	US	US
S1-630839433	S3-278300899	S3	Chiropractic Associates Inc.	Chiropractic Associates	511 55th Street, Renton, WA	Renton, Washington, 511 55st St	US	US
S1-630839433	S3-782924393	S3	Chiropractic Associates Inc.	chiropracticassociates.com	511 55th Street, Renton, WA	Washington, Renton, 511 55st Street	US	US
S1-943567301	S2-915544878	S2	Mary Murphy, O.D., P.C.	Noviumbra	581 Noble Commons Circle, Supply, NC	581 NOBLE COMMONS CIR, SPUPLY, NC	US	US
S1-943567301	S2-661902662	S2	Mary Murphy, O.D., P.C.	Mary Múrphy,	581 Noble Commons Circle, Supply, NC	NOBLE COMMONS CIRCLE, SPUPLY, NC	US	US
S1-943567301	S3-854383990	S3	Mary Murphy, O.D., P.C.	Mary Mburpgh, O.D., P.C.	581 Noble Commons Circle, Supply, NC	581 Noble Commons Cir, Supply, North Carolina	US	US
S1-60550637	S2-666969591	S2	Mizner Creative Rocket	MIZNER MIZNER CRCEVE ROCKET	1 Squadron Boulevard, Unit Unit B-5, Clarkstown, NY	1 SQUARON BOULEVARD, NEW CITY, NY	US	US
S1-654697159	S2-693894963	S2	Sector & Co of Noida	SECTOR & CO OF  NOIA	D-72, Sector-55 Noida Gautam Budh Nagar, Noida, Gautam Buddha Nagar, Uttar Pradesh	D-##72, SECTOR-55 NOIDA GAUTAM BUDH NAGAR, NOIDA, Uttar Pradesh	India	India
S1-654697159	S2-741247894	S2	Sector & Co of Noida	SECTOR & CO OF NOIDA [LTD]	D-72, Sector-55 Noida Gautam Budh Nagar, Noida, Gautam Buddha Nagar, Uttar Pradesh	Uttar Pradesh, D-##72, SECTOR-55 NOIDA GAUTAM BUDH NAGAR, NOIDA	India	India
S1-90128015	S2-682521929	S2	Valley Charter School	Valley Charter Schóol	VA, Prince William County, 1541 Colonial Drive, Unit UNIT 303	1541 COLONIAL DRIVE, PRINCE WILLIAM COUNTY, VA	US	US
S1-90128015	S2-232725993	S2	Valley Charter School	@valleycharter	VA, Prince William County, 1541 Colonial Drive, Unit UNIT 303	1541 COLONIAL DRIVE, WOODBRIDGE, VA	US	US
S1-90128015	S3-291341707	S3	Valley Charter School	Valley Chadttr School #87623	VA, Prince William County, 1541 Colonial Drive, Unit UNIT 303	1541-1545 Colonial Drive, Unit UNIT 303, Woodbridge, Virginia	US	US
S1-90128015	S3-989736227	S3	Valley Charter School	Valley Chárter School	VA, Prince William County, 1541 Colonial Drive, Unit UNIT 303	1541-1545 Colonial Dr, # UNIT 303, Woodbridge, Virginia	US	US
S1-523999331	S2-277831095	S2	Smith Smart Archimedes LLC	llc smith smart archimedes	2925 Cynthia Street, Lohman, MO	2925 CYNTHIA ST, LOHMAN, MO	US	US
S1-523999331	S3-417418539	S3	Smith Smart Archimedes LLC	smíthsmartarchimedes.com #98796	2925 Cynthia Street, Lohman, MO	2925 Cynthia Street, Lohman, Missouri	US	US
S1-270844042	S3-908786246	S3	Chellam Management Limited	Chellam Limited Center	C/O Omparkash S/O Umrao V.P.O. Makdola (42), Farukh Nagar, Gurgaon, Haryana	C/o Omparkash S/o Umrao V.p.o. Makdola (42), Gurugram, हरियाणा	India	India
S1-445131173	S2-750127379	S2	Luque Prairie Evolution Clinic	LUQUEPRAIRIEEVOLUTION.COM	8261 Henry Circle, Anchorage, AK	8261 HENRY CIR, ANCHORAGE, AK	US	US
S1-445131173	S3-647073921	S3	Luque Prairie Evolution Clinic	Luque Prairie Ev0lution	8261 Henry Circle, Anchorage, AK	8261 Henry Cir, Anchorage, Alaska	US	US
S1-488506845	S2-891565967	S2	Olanora Centers	0lanora  Centers	VA, 156 School Lane, James City County	15 SCHOOL LN, JAMES CITY COUNTY, VA	US	US
S1-715992753	S3-4416198	S3	Golden North Construction	ગોલ્ડન નોર્થ Construction	Plot No. 10-15, Opp. Shanti Metal Jamnagar Rajkot Highway, Hapa, Jamnagar, Gujarat	ગુજરાત, Jamnagar, Plot No. 10-15, Opp. Shanti Metal Jamnagar Rajkot Highway, Hapa, Jamnagar	India	India
S1-521605108	S2-894458324	S2	Mayur & Co	Mayur &	S-1, Dda Local Shopping Compex, Mayur Vihar, Phase-1, Delhi, East Delhi, Delhi	S-1, DDA LOCAL SHOPPING COMPEX, MAYUR VIHAR, PHASE-1, DELHI, Delhi	India	India
S1-521605108	S2-60081071	S2	Mayur & Co	Mayur &	S-1, Dda Local Shopping Compex, Mayur Vihar, Phase-1, Delhi, East Delhi, Delhi	Delhi, S-1, DDA LOCAL SHOPPING COMPEX, MAYUR VIHAR, PHASE-1, DELHI	India	India
S1-521605108	S3-725998443	S3	Mayur & Co	Mayur Co Services	S-1, Dda Local Shopping Compex, Mayur Vihar, Phase-1, Delhi, East Delhi, Delhi	S-1, Delhi, East Delhi, DL	India	India
S1-624045976	S2-236298058	S2	City Medical Centre	City Medical Centre Corporation	Andhra Pradesh, Revenue Ward 23, Vijaya Lakshmi Puram, Bapatla, Guntur, 14-5-26		India	India
S1-624045976	S2-598799903	S2	City Medical Centre	CITY CENTRE-CENTER	Andhra Pradesh, Revenue Ward 23, Vijaya Lakshmi Puram, Bapatla, Guntur, 14-5-26	Andhra Pradesh, NULL, 14-5-26., REVENUE WARD 23, VIJAYA LAKSHMI PURAM, BAPATLA	India	India
S1-624045976	S3-331534349	S3	City Medical Centre	City Mgoscal (Centre)	Andhra Pradesh, Revenue Ward 23, Vijaya Lakshmi Puram, Bapatla, Guntur, 14-5-26	14-5-26, Bapatla, AP	India	India
S1-842497118	S2-324185926	S2	Atlantic Chiron	Atlantic Services	3744 Blue Trace Lane, Farmers Branch, TX	3744  BLUE TRACE LANE, PO BOX 7894, DALLAS CDP, TX	US	US
S1-476022166	S2-444206904	S2	Elite Environmental Worldwide	ELITE ENVIRONMENTAL WORLDWIDE CORPORATION	87 Conner Road, Campbell County, VA	87-D Conner Rd, CAMPBELL COUNTY, VA	US	US
S1-476022166	S2-532550066	S2	Elite Environmental Worldwide	Elite Environmental	87 Conner Road, Campbell County, VA	87-D CONNER ROAD, CAMPBELL COUNTY, VA	US	US
S1-476022166	S3-128810427	S3	Elite Environmental Worldwide	Elite Environmental Wórldwide	87 Conner Road, Campbell County, VA		US	US
S1-642038314	S2-302967077	S2	Proum	Proum Proum LP	2248 Nelson Drive, Niskayuna, NY	#2248 NELSON DR, PO BOX 9054, SCHENECTADY, NY	US	US
S1-856710782	S2-764754463	S2	Sunrise Technologies Limited	ಸನ್‌ರೈಸ್ ಟೆಕ್ನಾಲಜೀಸ್ ಲಿಮಿಟೆಡ್	No.60, 7Th Cross, 8Th Main Bikasipura, Bangalore, Karnataka	NO.060, 7TH CROSS, 8TH MAIN BIKASIPURA, BANGALORE, BANASHANKARI SIXTH STAGE, Karnataka	India	India
S1-856710782	S2-576052323	S2	Sunrise Technologies Limited	ಸನ್‌ರೈಸ್ ಟೆಕ್ನಾಲಜೀಸ್ ಲಿಮಿಟೆಡ್	No.60, 7Th Cross, 8Th Main Bikasipura, Bangalore, Karnataka	NO.060, 7TH CROSS, 8TH MAIN BIKASIPURA, BANGALORE, BANASHANKARI SIXTH STAGE, Karnataka	India	India
S1-856710782	S2-781834882	S2	Sunrise Technologies Limited	SUNRISE  LIMITED SERVICES	No.60, 7Th Cross, 8Th Main Bikasipura, Bangalore, Karnataka	NO.060 , 7TH CROSS, 8TH MAIN BIKASIPURA, BANGALORE, Karnataka	India	India
S1-856710782	S3-584218851	S3	Sunrise Technologies Limited	ಸನ್‌ರೈಸ್ ಟೆಕ್ನಾಲಜೀಸ್ ಲಿಮಿಟೆಡ್	No.60, 7Th Cross, 8Th Main Bikasipura, Bangalore, Karnataka	No.060, Bangalore, KA, Bangalore	India	India
S1-719919136	S2-680886210	S2	Al Blue Consultancy Limited	अल ब्लू कंसल्टेंसी लिमिटेड	24/7-A, Second Floor Tilak Nagar, New Delhi, West Delhi, Delhi	SECOND FLOOR TILAK NAGAR, 24/7-A, NEW DELHI, WEST DELHI, Delhi	India	India
S1-719919136	S3-882766547	S3	Al Blue Consultancy Limited	Al Blue Limited Services	24/7-A, Second Floor Tilak Nagar, New Delhi, West Delhi, Delhi	24/7-A, Second Floor Tilak Nagar, DL	India	India
S1-470841570	S3-796589634	S3	Cultural Institute	>> Cultural  Iastitue	4065 Boulevard Place, Indianapolis, IN	Boulevard Pl, Indianapolis, Indiana	US	US
S1-401372098	S2-58252265	S2	Apex Inc	INC APEX	108 Richardson Street, Bethany, WV	108 RICHARDSON ST, BETHANY, WV	US	US
S1-905986016	S2-720053582	S2	Office of Parks and Recreation	Office of Paoars and Recreation	18567 Split Rock Lane, Germantown, MD	018567 SPLIT ROCK LN, GERMANTOWN, MD	US	US
S1-905986016	S3-603596675	S3	Office of Parks and Recreation	Office of Parks and	18567 Split Rock Lane, Germantown, MD	18567 Split Rock Lane, Gremantown CDP, Maryland	US	US
S1-406771676	S2-181732711	S2	Helly India	Sri Helly  Iamdma	Subham, 1, Rawdon Street, 4Th Floor, Kolkata, Howrah, West Bengal	SUBHAM, 1, RAWDON STREET, 4TH FLOOR, KOLKATA, West Bengal	India	India
S1-406771676	S2-979306523	S2	Helly India	HELLY IHODAI	Subham, 1, Rawdon Street, 4Th Floor, Kolkata, Howrah, West Bengal	SUBHAM, 1, RAWDON STREET, 4TH FLOOR, KOLKATA, পশ্চিমবঙ্গ	India	India
S1-406771676	S2-444028004	S2	Helly India	Helly  Services	Subham, 1, Rawdon Street, 4Th Floor, Kolkata, Howrah, West Bengal	SUBHAM, 1, RAWDON STREET, 4TH FLOOR, KOLKATA, West Bengal	India	India
S1-406771676	S3-798614022	S3	Helly India	hellyindiacom	Subham, 1, Rawdon Street, 4Th Floor, Kolkata, Howrah, West Bengal	Subham, 1, Rawdon Street, 4Th Floor, Howrah, Kolkata, WB	India	India
S1-406771676	S3-488060305	S3	Helly India	Helly-Ieda	Subham, 1, Rawdon Street, 4Th Floor, Kolkata, Howrah, West Bengal	Subham, Howrah, Kolkata, WB	India	India
S1-92502000	S2-145893170	S2	Gadin (India) Electricals Public Limited	Limited Gadin (India) Electricals Center	30 Apaki Industrial Premises Co-Op Socy. Ltd., Sidhpura Ind Estate Masranilane, Mumbai, Mumbai City, Maharashtra	C-30 APAKI INDUSTRIAL PREMISES CO-OP SOCY. LTD., SIDHPURA IND ESTATE MASRANILANE, MUMBAI, MUMBAI CITY, Maharashtra	India	India
S1-92502000	S2-715239216	S2	Gadin (India) Electricals Public Limited	Gadin (India) Elerctricgals Public Limited	30 Apaki Industrial Premises Co-Op Socy. Ltd., Sidhpura Ind Estate Masranilane, Mumbai, Mumbai City, Maharashtra	C-30 APAKI INDUSTRIAL PREMISES CO-OP SOCY. LTD., SIDHPURA IND ESTATE MASRANILANE, MUMBAI, महाराष्ट्र	India	India
S1-122618676	S2-943937483	S2	Rodgers Westin Inc	Rodgers Weecein Inc	936 Emmer Street, Rolesville, NC	936 EMMER ST, ROLESVILLE, NC	US	US
S1-122618676	S3-759688877	S3	Rodgers Westin Inc	Rodgers Westdtin Inc	936 Emmer Street, Rolesville, NC	North Carolina, #936 Emmer St, NULL, Rolesvville CDP	US	US
S1-122618676	S3-638630155	S3	Rodgers Westin Inc	Rodgers Wéstin-Inc	936 Emmer Street, Rolesville, NC	#936 Emmer Street, NULL, Rolesvville CDP, North Carolina	US	US
S1-770963722	S3-361547720	S3	Howard, Smith and Anderson, Inc	Howard, Smith & Anderson, Inc Center	71 Hemlock Place, Middletown, CT	71 Hemlock Place, Middletown, Connecticut	US	US
S1-774320076	S2-143676231	S2	Jeniece Siddique Glass Inc	JENIECE SIDDIQUE GLASS	Unit 229, Columbus, 2687 Livingston Avenue, OH	LIVINGSTON AVE, COLUMBUS, OH	US	US
S1-896341705	S2-425247356	S2	First Cathedral Partners	First  Cathedra1 Partners	4697 Carolina Avenue, Marion County, OR	4697 CAROLINA AVE, MARION COUNTY, OR	US	US
S1-896341705	S3-700135399	S3	First Cathedral Partners	First Partners Services	4697 Carolina Avenue, Marion County, OR	4697 Carolina Ave, Marion County, Oregon	US	US
S1-896341705	S3-341486346	S3	First Cathedral Partners	First (Cathedral)	4697 Carolina Avenue, Marion County, OR	4697 Carolina Ave, Marion County, Oregon	US	US
S1-295624434	S2-546623041	S2	Stace F. Bausch, DO, DDS PC	Stace PC Baulsch, DO, DDS F.	81 Park Street, Mendon, MA	81 PARK STRET, MENDON, MA	US	US
S1-295624434	S2-727152885	S2	Stace F. Bausch, DO, DDS PC	STACE F. BIUNH DO DDS PC	81 Park Street, Mendon, MA	MENDON, 81 Park St, MA	US	US
S1-161210403	S3-210777351	S3	Hyderabad Ventures Pvt Ltd	Hyderabad Pvt Ltd  Center	Plot No: 26H To 26K, Tsiic Industrial Park Muppireddy Palli Village, Manoharabad Ma, Ndal, Hyderabad, Medak, Telangana	Plot No: G-26h To 26K, Siddipet, TG	India	India
S1-266640251	S2-370167958	S2	Game Consultancy Private Limited	GAME CONSULTANCY LIMITED PRIVATE	Delhi, South Delhi, Kh No-185, Lane No-3 U/G/Fr/S, Saidulajab, Delhi, B-39	DOOR NO 865 B-39, KH NO-185, LANE NO-3 U/G/FR/S, SAIDULAJAB, DELHI, Delhi	India	India
S1-272091966	S3-633771519	S3	Begley's Value Pet Care	Begley's Vfgdcue Pet  Care	5909 Brambleberry Way, Raleigh, NC	5909 Brafbleberry Way, Raleigh, North Carolina	US	US
S1-111273522	S3-866387269	S3	Main Street Diner Inc	Main Street Diner Inc Center	605 Main Street, Elmore City, OK	605 Main Street, Elmore City, Oklahoma	US	US
S1-111273522	S3-204467704	S3	Main Street Diner Inc	Inc Main Street Didb	605 Main Street, Elmore City, OK	605 Mein St, Elmore City, Oklahoma	US	US
S1-103952189	S3-38125808	S3	Liex PC	Liex LLC	9448 Lovat Road, Fulton, MD	9448 Lovat Rd, Fulton, Maryland	US	US
S1-419304665	S2-717447003	S2	Akola Glove LLP	Akola Gec LLP	168 Tambaour Road, Near Goverment Hospital, Biswan, Sitapur, Uttar Pradesh	DOOR NO 168 TAMBAOUR ROAD, NEAR GOVERMENT HOSPITAL, BISWAN, Uttar Pradesh	India	India
S1-419304665	S3-474166180	S3	Akola Glove LLP	M/s Akola Gliove LLP	168 Tambaour Road, Near Goverment Hospital, Biswan, Sitapur, Uttar Pradesh	Tambaour Road, Biswan, UP	India	India
S1-187558029	S2-273759983	S2	Asset Building Charities	A5SET CHARITIES BUILDING	2103 Milwaukee Avenue, Minneapolis, MN	2103 MILWAUKEE AVE, MINNEAPOLIS, MN	US	US
S1-187558029	S3-816315044	S3	Asset Building Charities	Asset Building  Charities LLC Enterprises	2103 Milwaukee Avenue, Minneapolis, MN		US	US
S1-492467148	S2-946846997	S2	Cure Bike Shop	Cure Bike Smcop	1317 University City Boulevard, Unit APT 5, Blacksburg Town, VA	1317 UNIVERSITY CITY BOULEVARD, PO BOX 3338, BLACKSBURG, VA	US	US
S1-616755144	S3-608438229	S3	Keystone LLC	LLC Keytoen	72 R M Way, Mead, OK	72 R M Way, Mead, Oklahoma	US	US
S1-487865990	S2-306957783	S2	Cothran and Higgins	COTHRAN  AND HIGGINS CENTER	Portage, IN, 5520 6	5520 6, PORTAGE, IN	US	US
S1-487865990	S2-211243383	S2	Cothran and Higgins	COTHRAN HIGGINS  AND	Portage, IN, 5520 6	5520 6, PORTAGE, IN	US	US
S1-487865990	S2-298341397	S2	Cothran and Higgins	COTHRAN & HIGGFNS	Portage, IN, 5520 6	5520 6, PORTAGE, IN	US	US
S1-492381760	S3-803824140	S3	Second Controls Limited	... Second-Limited Center	Sector K, Plot No. 10 To 15 Parvati Co-Op Industrial Estate, Yadrav, Ichalkaranji, Kolhapur, Maharashtra	Plot No. 10 To 15 Parvati Co-op Industrial Estate, Yadrav, Kolhapur, महाराष्ट्र, Secotr K, Ichalkaranji	India	India
S1-492381760	S3-663182781	S3	Second Controls Limited	Límited Second Controls	Sector K, Plot No. 10 To 15 Parvati Co-Op Industrial Estate, Yadrav, Ichalkaranji, Kolhapur, Maharashtra	Scetor K, Plot No. 10 To 15 Parvati Co-op Industrial Estate, Yadrav, Ichalkaranji, Kolhapur, MH	India	India
S1-790887991	S3-120467533	S3	Agni College	Agni Cbnele | www.agnicbnel.com	37/3, Kala Complex Fourth Avenue, Ashok Nagar, Chennai, Tamil Nadu	37/3, Kala Complex Fourth Avenue, Ashok Nagar, Chennai City Region, Chennai, தமிழ்நாடு	India	India
S1-790887991	S3-931397252	S3	Agni College	Agni Center	37/3, Kala Complex Fourth Avenue, Ashok Nagar, Chennai, Tamil Nadu	37/3, Chennai City Region, Chennai, TN	India	India
S1-790887991	S3-800901355	S3	Agni College	Agni Services	37/3, Kala Complex Fourth Avenue, Ashok Nagar, Chennai, Tamil Nadu	37/3, Kala Complex Fourth Avenue, Ashok Nagar, Chennai City Region, Chennai, தமிழ்நாடு	India	India
S1-790887991	S3-806830827	S3	Agni College	Agni  Colleeg	37/3, Kala Complex Fourth Avenue, Ashok Nagar, Chennai, Tamil Nadu	37/3, Kala Complex Fourth Avenue, Ashok Nagar, Chennai City Region, Chennai, TN	India	India
S1-160840431	S2-428692546	S2	AI Stellar Co	The AI Stellar Co	1112 Lancaster Way, Sacramento, CA	112 LANCASTER WAY, SACRAMENTO, CA	US	US
S1-160840431	S3-395592972	S3	AI Stellar Co	AI Co Services	1112 Lancaster Way, Sacramento, CA	Lancaster Way, Sacramento, California	US	US
S1-160840431	S3-985457283	S3	AI Stellar Co	Center AI Co	1112 Lancaster Way, Sacramento, CA	1112 Lancaster Way, Sacramento, California	US	US
S1-246478198	S2-474030503	S2	Modern Marketing Private Limited	మోడర్న్ మార్కెటింగ్ ప్రైవేట్ లిమిటెడ్	5-8-49/2/1/A, Gadwal Compound, Nampally, Hyderabad, Telangana	5-8-49/2/1/A, GADWAL COMPOUND, NAMPALLY, HYDERABAD, Andhra Pradesh	India	India
S1-246478198	S2-296004580	S2	Modern Marketing Private Limited	మోడర్న్ మార్కెటింగ్ ప్రైవేట్ లిమిటెడ్	5-8-49/2/1/A, Gadwal Compound, Nampally, Hyderabad, Telangana	5-8-49/2/1/A, HYDERABAD, Andhra Pradesh	India	India
S1-246478198	S3-441780973	S3	Modern Marketing Private Limited	MODERN MARKETING PRIVATE LIMITED LIMITED	5-8-49/2/1/A, Gadwal Compound, Nampally, Hyderabad, Telangana	5-8-49/2/1/A, Hyderabad, Osmangunj, Andhra Pradesh	India	India
S1-102971431	S3-694900421	S3	Delhi Hospitality Private Limited	Delhi Hopitaihfty Private Limited	West Delhi, Delhi, 25/2-W-1 West Patel Nagar	H.no 0025/2-W-1 West Patel Nagar, West Delhi, Shadipur, DL	India	India
S1-63719584	S2-741398426	S2	Marissa N. Westbrook, Ph.D.	MARISSA N. WESTBR0OK, PH.D.	132 White Pine Lane, West Jefferson, NC	132 WHITE PINE LN, WEST JEFFERSON, NC	US	US
S1-63719584	S3-717623560	S3	Marissa N. Westbrook, Ph.D.	Ph.D. N. Wéstbrook, Marissa	132 White Pine Lane, West Jefferson, NC	West Jefferson, North Carolina, 32 White Pine Lane	US	US
S1-63719584	S3-513217341	S3	Marissa N. Westbrook, Ph.D.	Evoxylo	132 White Pine Lane, West Jefferson, NC	32 White Pine Ln, West Jefferson, North Carolina	US	US
S1-148845479	S2-479448163	S2	Nowaczyk Continental Neurosciences, Inc.	Nowaczyk Neurosciences, Inc. Services	524 Fifth Avenue, City Of Stevens Point, WI	524 FIFTH AVE, SEVENS POINT, WI	US	US
S1-904479856	S2-990269864	S2	Annmarie Pierson Creative Property LLC	ANNMARIE PIERSON CREATIVE LLC PARTNERS	11834 Big Leaf Way, Redmond, WA	11834 BIG LEAF WAY, PO BOX 7252, REDMOND, WA	US	US
S1-904479856	S2-282702620	S2	Annmarie Pierson Creative Property LLC	ANNMARIE PIARBSN CREATIVE PROPERTY LLC	11834 Big Leaf Way, Redmond, WA	11834 BIG LEAF WAY, PO BOX 7252, REDMOND, WA	US	US
S1-349458496	S2-632154757	S2	Clear Construction Holdings	Clear Cofsntraution Holdings	3706 Nanz Ave, KY, Saint Matthews	3706. NANZ AVE, SAINT MATTHEWS, KY	US	US
S1-349458496	S2-420526916	S2	Clear Construction Holdings	CLEAR CONSTRUCTION	3706 Nanz Ave, KY, Saint Matthews	3706. NANZ AVE, ST MATTHEWS, KY	US	US
S1-349458496	S2-617520271	S2	Clear Construction Holdings	CLEAR CÓNSTRUCTlON CÓNSTRUCTION HOLDINGS	3706 Nanz Ave, KY, Saint Matthews	3706. NANZ AVE, SAINT MATTHEWS, KY	US	US
S1-349458496	S3-203912723	S3	Clear Construction Holdings	Clear Construction	3706 Nanz Ave, KY, Saint Matthews	3706 Nanz Ave, Louisville, Kentucky	US	US
S1-220020462	S2-633582175	S2	Red Pizza	... redpizza.com	15 Wells Avenue, East Hartford, CT	EAST HARTFORD, CT, 15- WELLS AVENUE	US	US
S1-220020462	S3-623969286	S3	Red Pizza	Red-Pizza Partners	15 Wells Avenue, East Hartford, CT	East Hartford, 15 Wells Avenue, Connecticut	US	US
S1-240050566	S3-509765407	S3	Frontier Holdings	Frontier	216 Jefferson Pike, Lavergne, TN	216 Jefferson Pike, Lavergne, Tennessee	US	US
S1-240050566	S3-168601769	S3	Frontier Holdings	Frontier LLC	216 Jefferson Pike, Lavergne, TN	216 Jefferson Pike, Lavergne, Tennessee	US	US
S1-975769032	S2-227999847	S2	Barahona Metropolitan Public	Barahona Public Center	338 Woodcrest Street, Rialto, CA	RIALTO, CA, 33 WOODCREST ST	US	US
S1-975769032	S2-484295141	S2	Barahona Metropolitan Public	Barahona Métropolitan Public	338 Woodcrest Street, Rialto, CA	33 WOODCREST STREET, RIALTO, CA	US	US
S1-975769032	S3-286504481	S3	Barahona Metropolitan Public	8ARAHONA METROPOLITAN PUBLIC	338 Woodcrest Street, Rialto, CA	338-B Woodcrest Street, Rialto, California	US	US
S1-205103751	S2-860894930	S2	Fresh Classic Alussa Inc	FRESH  CLASSIC	150 Pinecone Lane, Springboro, OH	SPRINGBORO, 150 PINECONE LANE, OH	US	US
S1-205103751	S2-42445297	S2	Fresh Classic Alussa Inc	Fresh Classic	150 Pinecone Lane, Springboro, OH	SPRINGBORO, 150 PINECONE LN, OH	US	US
S1-176550551	S2-281514146	S2	Val L. Roberts, MD	VAL  L. ROBERTS, MD INC	IL, Swansea, 3933 Michael John Drive	##3933 MICHAEL JOHN DR, SWANSEA, IL	US	US
S1-176550551	S3-183577431	S3	Val L. Roberts, MD	Val L. Róberts, MD	IL, Swansea, 3933 Michael John Drive	3933-3937 Michael John Dr, Swansea, Illinois	US	US
S1-202517222	S2-492267791	S2	Mcbride Preparatory Academy	Mcbride Preparatory Academy Co	2200 Kraft Drive, Unit STE 1325, Blacksburg Town, VA	KRAFT DRIVE, BLACKSBURG, VA	US	US
S1-739611320	S2-578701465	S2	Southern Northland LLC	Southem Northland LLC	101 N Sierra Woods Drive, Rockport, TX		US	US
S1-739611320	S3-299678089	S3	Southern Northland LLC	Southern Nmorthland LLC	101 N Sierra Woods Drive, Rockport, TX	101 1/2 N Sierra Woods Dr, Rockpoort, Texas	US	US
S1-638110492	S2-771208927	S2	Super Care Limited	सुपर केयर लिमिटेड	Kalkaji, New Delhi, Delhi, J-86	J-86, NEW DELHI, KALKAJI, Delhi	India	India
S1-444149322	S3-633921162	S3	White, Helge W., DDS	White, Heg W., DDS	12007 Rock Spring Dr, Coldstream, KY	12007 Rock Spring Dr, Louisville, Kentucky	US	US
S1-344557977	S2-237548317	S2	Smart Industries Private Limited	स्मार्ट इंडस्ट्रीज प्राइवेट लिमिटेड	D-32, New Ashok Nagar New Delhi, New Delhi, East Delhi, Delhi	GAZIPUR DELHI, Delhi, <NULL>, NEW DELHI, D-32	India	India
S1-116247627	S2-474566266	S2	Smart Agricultural Works Associates	SMART AGRICULTURAL	1255 Maple Avenue, Southport, NY	1255 MAPLE AVE, SOUTHPORT, NY	US	US
S1-116247627	S3-399225632	S3	Smart Agricultural Works Associates	>> Smart Agricultural Works	1255 Maple Avenue, Southport, NY	Maple Avenue, Elmira, New York	US	US
S1-868064087	S2-848113409	S2	Kashish Fuel Private Limited	>> Kashish Fue1 Private Limited	Chennai, Tamil Nadu, 3/171 Silicon Valley Q Block I. T. Highway Old Mahapalipuram Road, Thuraipakkam	DOOR NO 3/171 SILICON VALLEY Q BLOCK I. T. HIGHWAY OLD MAHAPALIPURAM ROAD, MADRAS, CHENNAI, Tamil Nadu	India	India
S1-868064087	S2-512704372	S2	Kashish Fuel Private Limited	Kashish Private  Limited Services	Chennai, Tamil Nadu, 3/171 Silicon Valley Q Block I. T. Highway Old Mahapalipuram Road, Thuraipakkam	3/171 SILICON VALLEY Q BLOCK I. T. HIGHWAY OLD MAHAPALIPURAM ROAD, THURAIPAKKAM, CHENNAI, தமிழ்நாடு	India	India
S1-748364403	S2-166464835	S2	Eye Group	Eye Group Group	802 Buffalo Street, Unit 8, Johnson City, TN	JOHNSON CITY, 802 BUFFALO ST, TN	US	US
S1-748364403	S3-355553997	S3	Eye Group	Eye Group	802 Buffalo Street, Unit 8, Johnson City, TN	Buffalo St, # 8, Johnson City, Tennessee	US	US
S1-748364403	S3-949424666	S3	Eye Group	Eye-Group	802 Buffalo Street, Unit 8, Johnson City, TN	802 Buffalo St, Unit 8, Johnson City, Tennessee	US	US
S1-748364403	S3-940222258	S3	Eye Group	Eye Gr0up	802 Buffalo Street, Unit 8, Johnson City, TN	802 Buffalo St, # 8, Johnson City, Tennessee	US	US
S1-748364403	S3-773858535	S3	Eye Group	... Eye Inc	802 Buffalo Street, Unit 8, Johnson City, TN	802 Buffalo St, Unit 8, Johnson City, Tennessee	US	US
S1-392219093	S2-264749802	S2	Md Services Limited	Md-Services Ltd	5Th Floor Bhandari House91, Nehru Place, New Delhi, Delhi	5TH FLOOR BHANDARI HOUSE91, NEHRU PLACE, NEW DELHI, दिल्ली	India	India
S1-392219093	S2-155522921	S2	Md Services Limited	MD SERVICES LTD	5Th Floor Bhandari House91, Nehru Place, New Delhi, Delhi	NO 5TH FLOOR BHANDARI HOUSE91, NEHRU PLACE, Delhi	India	India
S1-392219093	S2-936174468	S2	Md Services Limited	Md (Services)	5Th Floor Bhandari House91, Nehru Place, New Delhi, Delhi		India	India
S1-796967309	S2-157446555	S2	Smit and Phillips LP	SMIT  AND PHILLIPS	4044 Parkhill Court, Springfield, MO	4044 PARKHILL CT, SPRINGFIELD, MO	US	US
S1-796967309	S3-195296771	S3	Smit and Phillips LP	Smit And Phimlllpis LP	4044 Parkhill Court, Springfield, MO	4044 Parkhill Court, Springfield, Missouri	US	US
S1-652302768	S2-853422726	S2	Leone Security Services	LEONE SERVICES SECURITY	2815 Candlers Mountain Road, VA, Lynchburg City	281 CANDLERS MOUNTAIN RD, LYNCHBURG CITY, VA	US	US
S1-652302768	S2-693674949	S2	Leone Security Services	LEONESECURITYSERVICES.COM	2815 Candlers Mountain Road, VA, Lynchburg City	281 CANDLERS MOUNTAIN RD, LYNCHBURG, VA	US	US
S1-684205378	S2-395827949	S2	Primary Care Health	Primary Care Health Ltd	633 Main Street, Cairo, OH	633 MAIN STREET, N/A, CARIO, OH	US	US
S1-684205378	S3-615053758	S3	Primary Care Health	Primary-Care	633 Main Street, Cairo, OH	Main St, Cairo, Ohio	US	US
S1-533445371	S2-932725445	S2	Vea LLC	vea.com	Gig Harbor, WA, 5001 28th Street	GIG HARBOR, 5001 28ST STREET, WA	US	US
S1-820196196	S3-111158665	S3	Mohanlalganj Infra Private Limited	imprivate.com	Beli Kalan, Gosainganj, Mohanlalganj, Lucknow, Uttar Pradesh	Beli Kalan, Lucknow, Lucknow Hq Region, उत्तर प्रदेश, Gosainganj	India	India
S1-820196196	S3-512010478	S3	Mohanlalganj Infra Private Limited	Mohanlalganj  Private Limited Services	Beli Kalan, Gosainganj, Mohanlalganj, Lucknow, Uttar Pradesh		India	India
S1-906572599	S2-141744998	S2	Z & B Entergy	Rizasol	6801 35th Avenue, Fl 1, Lacey, WA	680 35TH AVE, PMB 2233, LACEY, WA	US	US
S1-906572599	S2-665974142	S2	Z & B Entergy	*** Z + B	6801 35th Avenue, Fl 1, Lacey, WA	680 35TH AVENUE, PMB 2233, LACEY, WA	US	US
S1-906572599	S2-791262854	S2	Z & B Entergy	Z B & Center	6801 35th Avenue, Fl 1, Lacey, WA	680 35TH AVE, PMB 2233, LACEY, WA	US	US
S1-906572599	S3-32436043	S3	Z & B Entergy	Z ánd B Entergy	6801 35th Avenue, Fl 1, Lacey, WA	6801 35th Ave, Fl 1, Lacey, Washington	US	US
S1-192327811	S2-622284434	S2	NP Global Company	*** NP Gbohla Company	61 T/F, Third Floor, Vijay Block, East Delhi, Delhi	NO 61 T/F, EAST DELHI, Delhi	India	India
S1-192327811	S2-154698750	S2	NP Global Company	NP Company Center	61 T/F, Third Floor, Vijay Block, East Delhi, Delhi	61 T/F, THIRD FLOOR, VIJAY BLOCK, EAST DELHI, दिल्ली	India	India
S1-192327811	S3-282250085	S3	NP Global Company	#npglobal	61 T/F, Third Floor, Vijay Block, East Delhi, Delhi	Door No 61 T/f, Third Floor, Vijay Block, East Delhi, DL	India	India
S1-906281937	S2-175536134	S2	Ada G. Curtis, CPA Partners	Ada G Curtis, CPA Partners Inc - 1029122255	1903 Las Palmaritas Drive, Unit 225, Phoenix, AZ	1903 LAS PALMARIATS DRIVE, WASHINGTON, AZ	US	US
S1-906281937	S2-232038324	S2	Ada G. Curtis, CPA Partners	Ada G. Curtis, CPA Pártners	1903 Las Palmaritas Drive, Unit 225, Phoenix, AZ	PHOENIX, AZ, 1903 LAS PALMARITAS DR	US	US
S1-906281937	S3-51258129	S3	Ada G. Curtis, CPA Partners	Ada G. Cbi CPA Partners	1903 Las Palmaritas Drive, Unit 225, Phoenix, AZ	1903 Las Palmaritas Drive, PMB 2474, Phoenxi, Arizona	US	US
S1-906281937	S3-810053263	S3	Ada G. Curtis, CPA Partners	Ada G. Curtis, CPA	1903 Las Palmaritas Drive, Unit 225, Phoenix, AZ	PMB 2474, Phoenxi, Arizona, 1903 Las Palmaritas Dr	US	US
S1-465739288	S3-435599270	S3	Chong's Hospitality LLC	Chongshospitality.Com	1884 Pine Meadow Court, Gurnee, IL	01884 Pine Meadow Court, Gurnee, Illinois	US	US
S1-106671505	S3-394281590	S3	H+ Marketing	H+ H+ Marketnig	1764 Heritage Drive, Clarksville, TN	1764 Heritage Drive, Clarksville, Tennessee	US	US
S1-126927804	S2-434788498	S2	Future Healthcare Pvt Ltd	फ्यूचर हेल्थकेयर प्रा. लि.	Unit No. 14, Krishna Commercial Centre, 6, Udyog Nagar, Near Kamat Club, Goregaon, (West), Mumbai, Maharashtra	UNIT NO. 14, N/A, (WEST), MUMBAI, Maharashtra	India	India
S1-126927804	S3-136895392	S3	Future Healthcare Pvt Ltd	Future Healhciare Pvt Ltd	Unit No. 14, Krishna Commercial Centre, 6, Udyog Nagar, Near Kamat Club, Goregaon, (West), Mumbai, Maharashtra	(West), महाराष्ट्र, Krishna Commercial Centre, 6, Udyog Nagar, Near Kamat Club, Goregaon, Mumbai, Unit No. 14	India	India
S1-126927804	S3-773054197	S3	Future Healthcare Pvt Ltd	फ्यूचर हेल्थकेयर प्रा. लि.	Unit No. 14, Krishna Commercial Centre, 6, Udyog Nagar, Near Kamat Club, Goregaon, (West), Mumbai, Maharashtra	Unit No. 14, (West), Mumbai, महाराष्ट्र	India	India
S1-126927804	S3-955130682	S3	Future Healthcare Pvt Ltd	फ्यूचर हेल्थकेयर प्रा. लि.	Unit No. 14, Krishna Commercial Centre, 6, Udyog Nagar, Near Kamat Club, Goregaon, (West), Mumbai, Maharashtra	Krishna Commercial Centre, 6, Udyog Nagar, Near Kamat Club, Goregaon, Mumbai, MH, (West), Unit No. 14	India	India
S1-469535575	S2-573675228	S2	Mangal Construction Associates	MANGAL  ASSOCIATES CENTER	Gautam Buddha Nagar, Noida, Ats Dolce, Gh-12A, Zeta-I, Flat No. - 5Gf1, Uttar Pradesh	FLAT NO. - 5GF1, ATS DOLCE, GH-12A, ZETA-I, NOIDA, Uttar Pradesh	India	India
S1-469535575	S3-447914349	S3	Mangal Construction Associates	M/s Mangal Construction	Gautam Buddha Nagar, Noida, Ats Dolce, Gh-12A, Zeta-I, Flat No. - 5Gf1, Uttar Pradesh	UP, Noida, Ats Dolce, Gh-12a, Zeta-i, Flat No. - 5Gf1	India	India
S1-98442615	S2-946689486	S2	Adroit Chemicals Pvt Ltd	ADROIT CHEMICALS PVT	Flat No 115, Siri Jewel Apt, Engineers Enclave, Rtc Colony R, Madeenaguda, Hyderabad, Telangana	#115 , SIRI JEWEL APT, ENGINEERS ENCLAVE, RTC COLONY R, MADEENAGUDA, HYDERABAD, తెలంగాణ	India	India
S1-95925372	S2-188174914	S2	Temple Presbyterian Church	Temple Presbyterian Church LP	11802 Hickory Drive, Fort Washington, MD	11802-11804 HICKORY DRIVE, FORT WASHINGTON, MD	US	US
S1-95925372	S3-672754987	S3	Temple Presbyterian Church	Temple Presbyterian Center	11802 Hickory Drive, Fort Washington, MD	1802 Hickory Dr, Fort Washington, Maryland	US	US
S1-95925372	S3-764234530	S3	Temple Presbyterian Church	Temple Partners Presbyterian	11802 Hickory Drive, Fort Washington, MD	1802 Hickory Dr, Fort Washington, Maryland	US	US
S1-95925372	S3-963721402	S3	Temple Presbyterian Church	Zephdrex	11802 Hickory Drive, Fort Washington, MD	Hickory Dr, Fort Washington, Maryland	US	US
S1-493363382	S2-42425488	S2	Mitchell Rock of Phoenix, LLC	MITCHELL ROCK OF PHOENLX, LLC	17950 68th Street, Unit 1044, Phoenix, AZ	17950 68TH ST, BOULDER HILLS, AZ	US	US
S1-953470089	S3-613209073	S3	Tirupati Systems Limited	Tirupati Ssyetms Limited	C/O Mangesh Waman Nirantar, Shop No. G-1, F-Building, Kasliwal Suvarnayog, Garkhed, A, Aurangabad, Maharashtra	Aurangabad, महाराष्ट्र, C/o Mangesh Waman Nirantar, Aurangabad	India	India
S1-953470089	S3-430129367	S3	Tirupati Systems Limited	तिरुपति सिस्टम्स लिमिटेड	C/O Mangesh Waman Nirantar, Shop No. G-1, F-Building, Kasliwal Suvarnayog, Garkhed, A, Aurangabad, Maharashtra	C/o Mangesh Waman Nirantar, Shop No. G-1, F-building, Kasliwal Suvarnayog, Garkhed, A, Aurangabad, महाराष्ट्र	India	India
S1-55790876	S2-1424393	S2	Darcy Hyperliquid Inc	@darcyhyperliquid	62 Fountain Lane, Avondale, WV	62 FOUNTAIN LANE, N/A, AVONDALE, WV	US	US
S1-737977090	S3-951146800	S3	Clay, Randall and Ely Sony	Clay, Randall and Ely Center	506 11th Street, West Memphis, AR	West Memphis, 506 Eleventh St, Arkansas	US	US
S1-580432162	S3-57098900	S3	Stephens and Billington LLC	Stephens and Bllnfingno LLC	7530 Kane Court, Northfield, OH	7530 Kane Court, Sagamore Hills Twp, Ohio	US	US
S1-511863452	S3-499842675	S3	Pediatric Dentistry Prime Center Center	Pediatric  Dentistry Pirme Center Center	Grove City, OH, 4749 Barnwood Drive		US	US
S1-511863452	S3-495488937	S3	Pediatric Dentistry Prime Center Center	pediatricdentistryprime.com	Grove City, OH, 4749 Barnwood Drive	Ohio, 4734 Barnwood Dr, Grove City	US	US
S1-959671957	S2-654019677	S2	Prachi (India) Industries Private Limited	Shri Prachi (India) Private Limited Services	Flat Number 8, Plot Number 320/323 Diamond Appartment, Pune, Maharashtra	FLAT NUMBER G-8, PLOT NUMBER 320/323 DIAMOND APPARTMENT, PUNE, Maharashtra	India	India
S1-402902918	S2-83701827	S2	Bright Trading Services, LLC	Bright Tráding Services, LLC	465 Westgate Parkway, AL, Dothan	0465 WESTGATE PKWY, DOTHAN, AL	US	US
S1-402902918	S3-989499302	S3	Bright Trading Services, LLC	Bright Trtding Services, LLC	465 Westgate Parkway, AL, Dothan	Alabama, 46 Westgate Pkwy, Dothan	US	US
S1-402902918	S3-733915628	S3	Bright Trading Services, LLC	brighttradingservices.com	465 Westgate Parkway, AL, Dothan	46 Westgate Parkway, Dothan, Alabama	US	US
S1-402902918	S3-176192568	S3	Bright Trading Services, LLC	L.L.C. Bright Tráding Services,	465 Westgate Parkway, AL, Dothan	Dothan, 46 Westgate Parkway, Alabama	US	US
S1-279014952	S2-800340691	S2	Kt Animation Private Limited	Kt Acnrtion Private Limited	Flat No-124, Cate Iii Sfs Hauz Khas, New Delhi, South West Delhi, Delhi	FLAT NO-##124, CATE III SFS HAUZ KHAS, NEW DELHI, Delhi	India	India
S1-42848680	S3-793186130	S3	Pune Organic Private Limited	Pune Ogrlic Private Limited	10 Chaitanya 32 Snehnag Sane Guruji Road, Sadashiv Peth, Pune, Maharashtra	Pune, MH, 1 Chaitanya 32 Snehnag Sane Guruji Road	India	India
S1-59409377	S2-664205347	S2	Alyss Lopez Dbdr Corp	alysslopezdbdr.com	2220 Jackson Avenue, Hempstead, NY	JACKSON AVE, HEMPSTEAD, NY	US	US
S1-971115873	S2-538042585	S2	Hernandez Better Karman LLC	HERNANDEZ BETTER KARMAN	325 Pr 640, Matagorda, TX	25 PR 640, MATAGORDA, TX	US	US
S1-971115873	S3-882368365	S3	Hernandez Better Karman LLC	hernandez better kárman llc	325 Pr 640, Matagorda, TX	325 Pr 640, Matagorda, Texas	US	US
S1-627406325	S2-990016149	S2	Ivc Institute of Technology	Mr Ivc Institute of Technology Corp	Srno 56/4/1, Vision One Society, Shop No 105, Pune, Pune City, Pune, Maharashtra		India	India
S1-627406325	S2-574244569	S2	Ivc Institute of Technology	Ivc Institute of	Srno 56/4/1, Vision One Society, Shop No 105, Pune, Pune City, Pune, Maharashtra	SRNO 56/4/1, VISINO ONE SOCIETY, SHOP NO 105, PUNE, PUNE CITY, Maharashtra	India	India
S1-627406325	S2-447576344	S2	Ivc Institute of Technology	Ivc Institute of Technology Co	Srno 56/4/1, Vision One Society, Shop No 105, Pune, Pune City, Pune, Maharashtra	SRNO 56/4/1, VISION ONE SOCIETY, SHOP NO 105, PUNE, PUNE CITY, Maharashtra	India	India
S1-627406325	S3-268680764	S3	Ivc Institute of Technology	Institute Ivc of Technology	Srno 56/4/1, Vision One Society, Shop No 105, Pune, Pune City, Pune, Maharashtra	Vision One Society, Shop No 105, Pune, Block E-652 Srno 56/4/1, Pune, MH, Pune City	India	India
S1-486510827	S2-611691432	S2	Creative Developers Private Limited	क्रिएटिव डेवलपर्स प्राइवेट लिमिटेड	2, Floor-5, 72 Keshari Bhavan, Shaikh Memon Street, Zaveri Bazar, Kalbadevi, Mumbai, Mumbai City, Maharashtra	HN 358/2 2, FLOOR-5, 72 KESHARI BHAVAN, SHAIKH MEMON STREET, ZAVERI BAZAR, KALBADEVI, MUMBAI CITY, MUMBAI, Maharashtra	India	India
S1-486510827	S2-939995191	S2	Creative Developers Private Limited	क्रिएटिव डेवलपर्स प्राइवेट लिमिटेड	2, Floor-5, 72 Keshari Bhavan, Shaikh Memon Street, Zaveri Bazar, Kalbadevi, Mumbai, Mumbai City, Maharashtra	HN 358/2 2, FLOOR-5, 72 KESHARI BHAVAN, SHAIKH MEMON STREET, ZAVERI BAZAR, KALBADEVI, MUMBAI, MUMBAI CITY, महाराष्ट्र	India	India
S1-486510827	S3-87991948	S3	Creative Developers Private Limited	Creative डेवलपर्स Private Limited	2, Floor-5, 72 Keshari Bhavan, Shaikh Memon Street, Zaveri Bazar, Kalbadevi, Mumbai, Mumbai City, Maharashtra	2, Floor-5, 72 Keshari Bhavan, Shaikh Memon Street, Zaveri Bazar, Kalbadevi, Mumbai, Mumbai City, MH	India	India
S1-198026451	S2-817939067	S2	Shivam Producer Private Limited	शिवम प्रोड्यूसर प्राइवेट लिमिटेड	Karnal, Shop No. 34 Sbs Market, Haryana, Karnal	NO 34  SBS MARKET, Haryana, KARNAL	India	India
S1-198026451	S2-190691939	S2	Shivam Producer Private Limited	शिवम Producer प्राइवेट लिमिटेड	Karnal, Shop No. 34 Sbs Market, Haryana, Karnal	SHOP NO. 34  SBS MARKET, KARNAL, Haryana	India	India
S1-198026451	S2-882023369	S2	Shivam Producer Private Limited	शिवम प्रोड्यूसर प्राइवेट लिमिटेड	Karnal, Shop No. 34 Sbs Market, Haryana, Karnal	KARNAL, Haryana, H.NO 34  SBS MARKET	India	India
S1-198026451	S3-474324703	S3	Shivam Producer Private Limited	शिवम प्रोड्यूसर प्राइवेट लिमिटेड	Karnal, Shop No. 34 Sbs Market, Haryana, Karnal	Shop No. #34 Sbs Market, Karnal, HR	India	India
S1-775313117	S2-53189220	S2	Shir's Catering	Shir's Caettntg Caettntg	185 Tickle Road, Westport, MA	185 TICKLE RD, WESTPORT, MA	US	US
S1-775313117	S3-966279117	S3	Shir's Catering	Shir'S Canreing	185 Tickle Road, Westport, MA	00185 Tickle Road, Westport, Massachusetts	US	US
S1-432962984	S2-677326475	S2	Gonzalez Safe Harbors LLC	GONZALEZ SAFE HÁRBORS LLC	174 Stover Road, De Queen, AR	174 STOVER RD, DE  QUEEN CDP, AR	US	US
S1-796183067	S2-345660864	S2	Gillett, Agyeman and Gagliardo Maywood LLC	LLC Gillett, Amggean and Gagliardo Maywood	7108 2nd Street, Fl 1, Scottsdale, AZ	AZ, 7108 Second Street, SCOTTSDALE	US	US
S1-66358218	S2-461546340	S2	Marsh & Hicks Inc	Marsh  & Hgks Inc	1204 Nottingham Drive, Cary, NC	NC, 1204 NOTTINGHAM DR, CARY	US	US
S1-66358218	S3-845831671	S3	Marsh & Hicks Inc	Avisyn	1204 Nottingham Drive, Cary, NC	1204-B Nottingham Dr, Cary, North Carolina	US	US
S1-767371184	S2-134604219	S2	Khush Memorial Trust	Khush Trust Services	House No 8-B Jr Coconest, Marasur, Anekal, Bangalore, Karnataka	HOUSE NO 9-8-B JR COCONEST, MARASUR, ANEKAL, Karnataka	India	India
S1-767371184	S3-573306616	S3	Khush Memorial Trust	Khush Mem0rial Trust	House No 8-B Jr Coconest, Marasur, Anekal, Bangalore, Karnataka	House No 8-B Jr Coconest, Anekal, Bangalore, KA	India	India
S1-767371184	S3-664274940	S3	Khush Memorial Trust	Khush Trust Center	House No 8-B Jr Coconest, Marasur, Anekal, Bangalore, Karnataka	Anekal, House No 8-B Jr Coconest, KA	India	India
S1-878053360	S2-804320116	S2	Optlaex Holdings Associates	Optlaex Holdings Ássociates	509 Main Street, Lebanon, OH	509 MAIN ST, LEBANON, OH	US	US
S1-273979066	S2-721800239	S2	Ernakulam Services LLP	Ernakulam Services	#540 A1, First Floor Hera Heights North Janatha Road, Mamangalam Po, Ernakulam, Kerala	#540 A1, FIRST FLOOR HERA HEIGHTS NORTH JANATHA ROAD, MAMANGALAM PO, ERNAKULAM, കേരളം	India	India
S1-273979066	S3-654214623	S3	Ernakulam Services LLP	Ernakulam Service LLP	#540 A1, First Floor Hera Heights North Janatha Road, Mamangalam Po, Ernakulam, Kerala		India	India
S1-858511549	S2-808515212	S2	Swastik Logistics Private Limited	స్వస్తిక్ లాజిస్టిక్స్ ప్రైవేట్ లిమిటెడ్	Sy No. 33/1, D No. 2-54/4, Vanasthali Hills, Thattiannaram, Pedamberpet, Hayathnagar, Hyderabad, Telangana	SY NO. D/33/1, HAYATHNAGAR, Andhra Pradesh	India	India
S1-858511549	S3-923282919	S3	Swastik Logistics Private Limited	స్వస్తిక్ లాజిస్టిక్స్ ప్రైవేట్ లిమిటెడ్	Sy No. 33/1, D No. 2-54/4, Vanasthali Hills, Thattiannaram, Pedamberpet, Hayathnagar, Hyderabad, Telangana	Sy No. 33/1, Hyderabad, Hayathnagar, TG	India	India
S1-631840437	S2-457837268	S2	Romero and Almendares Enbridge LLC	Romero and Almtdrecs Enbridge LLC	4695 Shagbark Court, City Of Brookfield, WI	04695 SHAGBARK COURT, CITY OF BROOKFIELD, WI	US	US
S1-631840437	S2-475034762	S2	Romero and Almendares Enbridge LLC	Romero  and Almendares	4695 Shagbark Court, City Of Brookfield, WI	04695 SHAGBARK CT, CITY OF BROOKFIELD, WI	US	US
S1-631840437	S2-816744528	S2	Romero and Almendares Enbridge LLC	Romero and Almendares Énbridge LLC	4695 Shagbark Court, City Of Brookfield, WI	04695 SHAGBARK CT, WI, BROOKFIELD	US	US
S1-631840437	S3-664554414	S3	Romero and Almendares Enbridge LLC	Romero and Aonebadfes Enbridge LLC	4695 Shagbark Court, City Of Brookfield, WI	4695 Shagbark Court, Brookfield, Wisconsin	US	US
S1-932827505	S2-914676536	S2	Jk Technologies Private Limited	Dr ... Jk Technologies Private	A-107, Sector-63, G B Nagar, Noida, Gautam Buddha Nagar, Uttar Pradesh	GAUTAM BUDDHA NAGAR, Uttar Pradesh, DOOR NO 291 A-107, NOIDA, SECTOR-63, G B NAGAR	India	India
S1-932827505	S2-195311830	S2	Jk Technologies Private Limited	JK TECHNOLOGIES LIMITED [PRIVATE]	A-107, Sector-63, G B Nagar, Noida, Gautam Buddha Nagar, Uttar Pradesh	DOOR NO 291 A-107, SECTOR-63, G B NAGAR, NOIDA, Uttar Pradesh	India	India
S1-932827505	S2-204169449	S2	Jk Technologies Private Limited	jktechnologies.com	A-107, Sector-63, G B Nagar, Noida, Gautam Buddha Nagar, Uttar Pradesh	उत्तर प्रदेश, 291 A-107, GAUTAM BUDDHA NAGAR, NOIDA	India	India
S1-932827505	S3-159129859	S3	Jk Technologies Private Limited	M/s Jk Private Limited Service	A-107, Sector-63, G B Nagar, Noida, Gautam Buddha Nagar, Uttar Pradesh	Block G-161 A-107, Sector-63, G B Nagar, Noida, Gautam Buddha Nagar, उत्तर प्रदेश	India	India
S1-78166516	S2-72589029	S2	Faque Capital Partners	Faque Partners Capital	275 Midway Oval, Groton, CT	MIDWAY OVAL, GROTON, CT	US	US
S1-417526535	S2-566526014	S2	Vanguard Allstate Inc	Center Vanguard Inc	22899 George Lane, Staunton, IL	STAUNTON, IL, 022899 GEORGE LN, PO BOX 2478	US	US
S1-417526535	S3-498182561	S3	Vanguard Allstate Inc	vanguardallstate.com	22899 George Lane, Staunton, IL	22899 George Ln, Staunton CITY, Illinois	US	US
S1-417526535	S3-888501071	S3	Vanguard Allstate Inc	Inc Vanguard Állstate	22899 George Lane, Staunton, IL	22899 George Lane, Staunton CITY, Illinois	US	US
S1-823023497	S2-789947086	S2	Pediatric Physicians	Pediatric  Physicians LLC	1221 Spruce Drive, Zebulon, NC	SPRUCE DR, ZEBULON, NC	US	US
S1-823023497	S2-274803263	S2	Pediatric Physicians	PEDIATRIC  PHYSICIANS	1221 Spruce Drive, Zebulon, NC	1221 SPUCE DR, ZEBULON, NC	US	US
S1-823023497	S3-758121487	S3	Pediatric Physicians	pediatricphysicians.com	1221 Spruce Drive, Zebulon, NC	221 Spruce Dr, Zebulon, North Carolina	US	US
S1-823023497	S3-624803702	S3	Pediatric Physicians	Pediatric Physicians	1221 Spruce Drive, Zebulon, NC	221 Spruce Dr, Zebulon, North Carolina	US	US
S1-156883486	S3-71161271	S3	Gainey, Shanahan and Brown Chs Inc	gaineybrownshanahan.com	604 Grand Lake Boulevard, West Chicago, IL	604 Grand Lake Boulevard, West Chicago, Illinois	US	US
S1-847883289	S2-922995499	S2	Shoemaker, Hattie N., MD	Shoemaker, Hattie N., Partners	8807 Tyson Road, Springfield Township, PA	8807 TYSON ROAD, GLENSIDE, PA	US	US
S1-619895264	S3-673953617	S3	Dudley Invesco	Dudley Ihnvcesco	2807 7th Avenue, Birmingham, AL	#2807 7th Ave, Birmingham, Alabama	US	US
S1-881535873	S2-642463929	S2	Azamgarh Marketing Private Limited	azamgarhmarketing.com	C/O Ajai Kumar Rai, Village Lachirampur Hafizpur, Post- Heerapatti, Azamgarh, Uttar Pradesh	PLOT 58 C/O AJAI KUMAR RAI, VILLAGE LACHIRAMPUR HAFIZPUR, POST- HEERAPATTI, AZAMGARH, Uttar Pradesh	India	India
S1-881535873	S3-820808792	S3	Azamgarh Marketing Private Limited	Azamgarh Marreing Private Limited	C/O Ajai Kumar Rai, Village Lachirampur Hafizpur, Post- Heerapatti, Azamgarh, Uttar Pradesh	C/o Ajai Kumar Rai, Azamgarh, UP	India	India
S1-881535873	S3-724794232	S3	Azamgarh Marketing Private Limited	Azamgarh Private Limited Service	C/O Ajai Kumar Rai, Village Lachirampur Hafizpur, Post- Heerapatti, Azamgarh, Uttar Pradesh	C/o Ajai Kuamr Rai, Azamgarh, UP	India	India
S1-346159233	S2-758274301	S2	Mumbai Oils Private Limited	MUMBAI OILS PRIVATE	C/O-Samarpana Salama, Pipalpali, Barapader, Manamunda, Boudh, Orissa	C/O-SAMARPANA SALAMA, PIPALPALI, BARAPADER, MANAMUNDA, ଓଡ଼ିଶା	India	India
S1-84838337	S2-871721018	S2	Little Hair Studio	Little [Hair]	20458 Crosslin Road, Earlsboro, OK	##20458 CROSSLIN RD, EARLSBORO, OK	US	US
S1-84838337	S2-774689342	S2	Little Hair Studio	Litt1e  Hair-Studio	20458 Crosslin Road, Earlsboro, OK		US	US
S1-84838337	S3-532973078	S3	Little Hair Studio	Little Hair Studio Service Enterprises	20458 Crosslin Road, Earlsboro, OK		US	US
S1-669754446	S2-695643425	S2	Bangalore Renewable Limited	Bangal0re Rénewable [Ltd]	Sree Kanaka Papamma Road Indraprastha Road, Ramamurthy Nagar, No 45, Karnataka, Bangalore	#45 , SREE KANAKA PAPAMMA ROAD INDRAPRASTHA ROAD, RAMAMURTHY NAGAR, BANGALORE, ಕರ್ನಾಟಕ	India	India
S1-169036830	S2-964771680	S2	C 5 H Ingredients Inc	C 5 H INGLREDTIETS INC	232 Hoot Owl Circle, Quinlan, TX	232A HOOT OWL CIR, QUINLAN, TX	US	US
S1-411592446	S2-624627616	S2	Star Services Private Limited	స్టార్ సర్వీసెస్ ప్రైవేట్ లిమిటెడ్	H.No.1-4-172, Plot No.20A, Lakeview Residency Colony, Sainikpuri, Secunderabad, Hyderabad, Telangana	H.NO 1-4-172, PLOT NO.20A, LAKEVIEW RESIDENCY COLONY, SAINIKPURI, HYDERABAD, SECUNDERABAD, Telangana	India	India
S1-411592446	S2-365375416	S2	Star Services Private Limited	స్టార్ సర్వీసెస్ ప్రైవేట్ లిమిటెడ్	H.No.1-4-172, Plot No.20A, Lakeview Residency Colony, Sainikpuri, Secunderabad, Hyderabad, Telangana	NO 1-4-172, PLOT NO.20A, LAKEVIEW RESIDENCY COLONY, SAINIKPURI, SECUNDERABAD, HYDERABAD, Telangana	India	India
S1-411592446	S3-265838928	S3	Star Services Private Limited	స్టార్ సర్వీసెస్ ప్రైవేట్ లిమిటెడ్	H.No.1-4-172, Plot No.20A, Lakeview Residency Colony, Sainikpuri, Secunderabad, Hyderabad, Telangana	H.no.1-4-17, Plot No.20a, Lakeview Residency Colony, Sainikpuri, Secunderabad, Hyderabad, తెలంగాణ	India	India
S1-411592446	S3-571842163	S3	Star Services Private Limited	స్టార్ సర్వీసెస్ ప్రైవేట్ లిమిటెడ్	H.No.1-4-172, Plot No.20A, Lakeview Residency Colony, Sainikpuri, Secunderabad, Hyderabad, Telangana	H.no 1-4-17, Plot No.20a, Lakeview Residency Colony, Sainikpuri, Hyderabad, తెలంగాణ, Secunderabad	India	India
S1-330281696	S2-448188089	S2	New International Private Limited	न्यू इंटरनेशनल प्राइवेट लिमिटेड	B-148, Vikas Vihar Vikas Nagar, Uttam Nagar, New Delhi, West Delhi, Delhi	Delhi, SOUTH WEST DELHI, WEST DELHI, B-148	India	India
S1-330281696	S3-790582857	S3	New International Private Limited	न्यू इंटरनेशनल प्राइवेट लिमिटेड	B-148, Vikas Vihar Vikas Nagar, Uttam Nagar, New Delhi, West Delhi, Delhi	B-148, New Delhi, Uttam Nagar, दिल्ली	India	India
S1-330281696	S3-939469736	S3	New International Private Limited	New Ínternational Private Limited	B-148, Vikas Vihar Vikas Nagar, Uttam Nagar, New Delhi, West Delhi, Delhi	B-148, Vikas Vihar Vikas Nagar, Uttam Nagar, New Delhi, Uttam Nagar, DL	India	India
S1-363414052	S2-857674782	S2	Meify, Inc	INC. MEIFY,	1202 Schreier Road, Unit B, Rossford, OH	1202 SCHREIER RD, ROSSFORD, OH	US	US
S1-363414052	S3-821671998	S3	Meify, Inc	Mieaiyf, Inc	1202 Schreier Road, Unit B, Rossford, OH	Ohio, Rossfoord, Unit B, 1202 Schreier Rd	US	US
S1-830790643	S2-651909087	S2	Global Technologies Private Limited	గ్లోబల్ టెక్నాలజీస్ ప్రైవేట్ లిమిటెడ్	54-18-35 Flat No C, Vmc Revenue Ward 3, Vijayawada (Urban), Krishna, Andhra Pradesh	54-18-35 FLAT NO C, VMC REVENUE WARD 3, KRISHNA, VIJAYAWADA (URBAN), Andhra Pradesh	India	India
S1-944430830	S2-857219094	S2	Real Trading	రియల్ ట్రేడింగ్	Plot 120, Sy No 41 Kavuri Hills Phase-1, Jubilee Hills, Hyderabad, Telangana	PLOT 20, SY NO 41 KAVURI HILLS PHASE-1, JUBILEE HILLS, HYDERABAD, Telangana	India	India
S1-944430830	S2-982990716	S2	Real Trading	రియల్ ట్రేడింగ్	Plot 120, Sy No 41 Kavuri Hills Phase-1, Jubilee Hills, Hyderabad, Telangana	HYDERABAD, PLOT 20, HYDERABAD, తెలంగాణ, SY NO 41 KAVURI HILLS PHASE-1, JUBILEE HILLS	India	India
S1-944430830	S3-122364418	S3	Real Trading	realtrading.com	Plot 120, Sy No 41 Kavuri Hills Phase-1, Jubilee Hills, Hyderabad, Telangana	Hyderabad, Plot 120, Hyderabad, TG	India	India
S1-304099102	S2-534917407	S2	Creative Software Solutions Associates	Creative Software Solutions	13 Prospect Drive, Sidney, NY	##13 PROSPECT DRIVE, SIDNEY TTOWNSHIP, NY	US	US
S1-917085859	S2-869027552	S2	Shivam Systems LLP	शिवम सिस्टम्स एलएलपी	Palwal, 561, Housing Board Colony, Faridabad, Nakul Farm, Haryana, Hathin	हरियाणा, FARIDABAD, NAKUL FARM	India	India
S1-917085859	S3-873589114	S3	Shivam Systems LLP	शिवम सिस्टम्स एलएलपी	Palwal, 561, Housing Board Colony, Faridabad, Nakul Farm, Haryana, Hathin	Nakul Farm, Palwal, 561, Housing Board Colony, Faridabad, Hathin, HR	India	India
S1-917085859	S3-371104942	S3	Shivam Systems LLP	5hivam Systems [LLP]	Palwal, 561, Housing Board Colony, Faridabad, Nakul Farm, Haryana, Hathin	Faridabad, Palwal, 561, Housing Board Colony, Hathin, Nakul Farm, हरियाणा	India	India
S1-355110377	S2-741696974	S2	Anchor Medical Systems PC	ANCHOR MEDICAL	258 Meadowbrook Lane, Nelson County, VA	##258 MEADOWBROOK LN, ROSELAND, VA	US	US
S1-580992307	S2-277764304	S2	Creative Baba It Private Limited	क्रिएटिव बाबा आईटी प्राइवेट लिमिटेड	D220, S/Floor Defence Colony, New Delhi, South Delhi, Delhi	HN 638 D220, S/FLOOR DEFENCE COLONY, NEW DELHI, SOUTH DELHI, Delhi	India	India
S1-580992307	S2-567617772	S2	Creative Baba It Private Limited	क्रिएटिव Baba आईटी प्राइवेट लिमिटेड	D220, S/Floor Defence Colony, New Delhi, South Delhi, Delhi	HN 638 D220, S/FLOOR DEFENCE COLONY, NEW DELHI, SOUTH DELHI, Delhi	India	India
S1-580992307	S2-609372791	S2	Creative Baba It Private Limited	क्रिएटिव बाबा आईटी प्राइवेट लिमिटेड	D220, S/Floor Defence Colony, New Delhi, South Delhi, Delhi	HN 638 D220, NEW DELHI, SOUTH DELHI, दिल्ली	India	India
S1-580992307	S3-938870340	S3	Creative Baba It Private Limited	क्रिएटिव बाबा आईटी प्राइवेट लिमिटेड	D220, S/Floor Defence Colony, New Delhi, South Delhi, Delhi	D20, S/floor Defence Colony, Dadri, Distt G. B. Nagar, South Delhi, दिल्ली	India	India
S1-408835967	S2-671531215	S2	Panchavati Foods-Delhi	Panchavati Fooos-rDlhi	75- B Lajpat Nagar -Ii, Delhi, New Delhi, Delhi	75- B LAJPAT NAGAR -II, DELHI, Delhi	India	India
S1-408835967	S2-686036612	S2	Panchavati Foods-Delhi	PANCHAVATI FOODS-DELHI CORP	75- B Lajpat Nagar -Ii, Delhi, New Delhi, Delhi	75- B LAJPAT NAGAR -II, DELHI, Delhi	India	India
S1-694979060	S3-43468098	S3	Raj One Technology Pvt Ltd	ਰਾਜ ਵਨ ਟੈਕਨਾਲੋਜੀ ਪ੍ਰਾ. ਲਿ.	C/O M/S Jindal Industries, Vill Alamgarh Abohar, Abohar, Firozpur, Punjab	C/o M/s Jindal Industries, Abohar, Firozpur, ਪੰਜਾਬ	India	India
S1-797931932	S2-300941826	S2	Electronic Wellness Networks, Inc	ELECTRONIC WÉLLNESS	11903 Oak Street, Jenks, OK	OK, JENKS, 11903 OAK STREET	US	US
S1-797931932	S3-977612403	S3	Electronic Wellness Networks, Inc	Electronic Wellness Inc Services	11903 Oak Street, Jenks, OK	Jenks, Oklahoma, Oak St	US	US
S1-797931932	S3-295523677	S3	Electronic Wellness Networks, Inc	Electronic Wellness	11903 Oak Street, Jenks, OK	11903 Oak St, Jenks, Oklahoma	US	US
S1-310744384	S2-127810516	S2	Taluka Savli Global Limited	TALUKA SAVLI GLOBAL	Plot No. 112, Manjusar Gidc Village: Alindra, Post - Lamdapura, Taluka Savli, Vadodara, Gujarat	NO 112 , MANJUSAR GIDC VILLAGE: ALINDRA, POST - LAMDAPURA, TALUKA SAVLI, Gujarat	India	India
S1-780893579	S3-676674812	S3	Godbole City Corp	Zephwex	Building No. 61/245- B2, Zeia Arcade, Church Landing Road, Pallimukku, Kochi, Ernakulam, Kerala	Building No. ##61/245- B2, Kochi, Ernakulam, കേരളം	India	India
S1-796227187	S3-941018876	S3	Foot & Ankle Allied Center LLC	Foot & Ankle Allied Center LLC Council	1216 Preston Avenue, Charlottesville City, VA	216 Preston Avenue, Charlottesville ICTY, Virginia	US	US
S1-796227187	S3-637901841	S3	Foot & Ankle Allied Center LLC	Llc Foot & Ankle Allied Center	1216 Preston Avenue, Charlottesville City, VA	Virginia, Charlottesville, 216 Preston Avenue	US	US
S1-93806322	S2-875972736	S2	New Media Private Limited	நியூ மீடியா பிரைவேட் லிமிடெட்	Arabikula Street, Chinnakadai Veethi, No. 4, Tamil Nadu, Tiruchirappalli, Trichy	H.NO 4, ARABIKULA STREET, CHINNAKADAI VEETHI, TRICHY, TIRUCHIRAPPALLI, தமிழ்நாடு	India	India
S1-93806322	S2-688963050	S2	New Media Private Limited	நியூ மீடியா பிரைவேட் லிமிடெட்	Arabikula Street, Chinnakadai Veethi, No. 4, Tamil Nadu, Tiruchirappalli, Trichy	NO 4, ARABIKULA STREET, CHINNAKADAI VEETHI, TIRUCHIRAPPALLI, TRICHY, Tamil Nadu	India	India
S1-93806322	S3-473682994	S3	New Media Private Limited	நியூ மீடியா பிரைவேட் லிமிடெட்	Arabikula Street, Chinnakadai Veethi, No. 4, Tamil Nadu, Tiruchirappalli, Trichy	No. 4, Arabikula Street, Chinnakadai Veethi, Trichy, TN	India	India
S1-6381641	S2-612490145	S2	Tirupati Technology LLP	Tirupati టెక్నాలజీ LLP	Plot No.407, Sri Swamy Ayyappa Society, Co-Operative Society, Madhapur, Hyderabad, Telangana	POT NO.407/1 , SRI SWAMY AYYAPPA SOCIETY, CO-OPERATIVE SOCIETY, MADHAPUR, HYDERABAD, తెలంగాణ	India	India
S1-6381641	S3-894616241	S3	Tirupati Technology LLP	Tirupati Technortoyg LLP	Plot No.407, Sri Swamy Ayyappa Society, Co-Operative Society, Madhapur, Hyderabad, Telangana	Door No 407, Rangareddi, Hyderabad, తెలంగాణ	India	India
S1-6381641	S3-826775859	S3	Tirupati Technology LLP	తిరుపతి టెక్నాలజీ ఎల్‌ఎల్‌పీ	Plot No.407, Sri Swamy Ayyappa Society, Co-Operative Society, Madhapur, Hyderabad, Telangana	Door No 407, Sri Swamy Ayyappa Society, Co-operative Society, Madhapur, Rangareddi, Hyderabad, TG	India	India
S1-674558177	S2-470692802	S2	Synergic Lifestyle Private Limited	Synergic Lictcseatmle  Private Limited	5Th Floor, Kailash-B, 5, Sumangalam Society Opp. Drive In Cinema, Drive In Road, Ahmedabad, Gujarat	H.NO 5TH FLOOR, KAILASH-B, 5, SUMANGALAM SOCIETY OPP. DRIVE IN CINEMA, DRIVE IN ROAD, AHMEDABAD, Gujarat	India	India
S1-674558177	S2-22383296	S2	Synergic Lifestyle Private Limited	Shri SYNERGIC LIFESTYLE PRHRITE LIMITED	5Th Floor, Kailash-B, 5, Sumangalam Society Opp. Drive In Cinema, Drive In Road, Ahmedabad, Gujarat	H.NO 5TH FLOOR, KAILASH-B, 5, SUMANGALAM SOCIETY OPP. DRIVE IN CINEMA, DRIVE IN ROAD, AHMEDABAD, ગુજરાત	India	India
S1-773889195	S3-202893869	S3	Prime Money	primemoney.com	17560 Ellis Road, Tahlequah, OK	17560 Ellis Rd, Tahlequah, Oklahoma	US	US
S1-951871591	S2-259547680	S2	Poddar College	PODDAR-COLLEGE CO	C/O Lajje, Nr -Main Rasta, Village - Shahpur, Sector-128, Noida, Gautam Buddha Nagar, Uttar Pradesh	null, PLOT 557 C/O LAJJE, NR -MAIN RASTA, VILLAGE - SHAHPUR, SECTOR-128, NOIDA, Uttar Pradesh	India	India
S1-951871591	S3-764399082	S3	Poddar College	Poddar Coilmlege	C/O Lajje, Nr -Main Rasta, Village - Shahpur, Sector-128, Noida, Gautam Buddha Nagar, Uttar Pradesh	Door No 745 C/o Lajje, Nr -Main Rasta, Village - Shahpur, Sector-128, UP, Gautam Buddha Nagar	India	India
S1-438047370	S2-430134168	S2	Saidee Arora Bright Currencyshares Inc	SAIDEEARORABRIGHT.COM	3417 Oxford Street, Midlothian, TX	3417 OXFORD ST, MIDLOTHIAN TOWNSHIP, TX	US	US
S1-747808656	S3-192954209	S3	Shotts Imperial LLC	Shotts Imrefpreail LLC	118 Sparrow Ridge Road, Kent, NY	118 Sparrow Ridge Road, Carmel CITY, New York	US	US
S1-194603851	S2-782753496	S2	South Family Practice	South Family Services	5185 Devon Drive, North Olmsted, OH	5185 DEVON DRIVE, NULL, NORTH OLMSTED, OH	US	US
S1-194603851	S2-65907350	S2	South Family Practice	South Family	5185 Devon Drive, North Olmsted, OH	5185 DEVON DR, NULL, NORTH OLMSTED, OH	US	US
S1-861378966	S3-623491608	S3	Matrix Sangh	matrixsangh.com	House No. A-408A New Ashok Nagar, New Delhi, Delhi	House No. A-408a New Ashok Nagar, New Delhi, DL	India	India
S1-549370199	S2-457391478	S2	Gonzales Holdings Group Inc	Ggzamles Holdings Group-Inc	220 Ruthann Drive, Lucasville, OH	220  RUTHANN DR, LUCASVILLE, OH	US	US
S1-549370199	S2-455951727	S2	Gonzales Holdings Group Inc	GONZALES.COM	220 Ruthann Drive, Lucasville, OH	220  RUTHANN DR, LUCASVILLE, OH	US	US
S1-852845726	S3-812427537	S3	Ram Consulting Private Limited	রাম কনসাল্টিং প্রাইভেট লিমিটেড	40/1 Madan Biswas Lane Salkia Lp 172/2, Howrah, West Bengal	40/1 Madn Biswas Lane Salkia Lp 172/2, Howrah, WB	India	India
S1-852845726	S3-718006269	S3	Ram Consulting Private Limited	ramconsulting.com	40/1 Madan Biswas Lane Salkia Lp 172/2, Howrah, West Bengal	40/1 Madan Biswas Lane Salkia Lp 172/2, Howrah, WB	India	India
S1-657025372	S2-744647893	S2	Ertha M. Swanson, DPM, P.C.	Ertha M. Swanfon DPM P.C.	810 Park Avenue, Dunn, NC	81 Park Ave, DUNN, NC	US	US
S1-657025372	S3-964679244	S3	Ertha M. Swanson, DPM, P.C.	ERTHA P.C. 5WANSON, DPM, M.	810 Park Avenue, Dunn, NC	810 Park Ave, PMB 790, Dunn, North Carolina	US	US
S1-657025372	S3-851016597	S3	Ertha M. Swanson, DPM, P.C.	erthamswanson.com	810 Park Avenue, Dunn, NC	810 Park Avenue, Dunn, North Carolina	US	US
S1-173906255	S2-457325091	S2	Curatolo, Juergens and Arrington	Curatolo, Juergens and	410 Mission Trail, Wimberley, TX	TX, 00410 MISSION TRAIL, WIMBERLEY	US	US
S1-349719765	S2-594587388	S2	Eye Medicine of Stow	OF EYE MEDICINE STOW	5397 Diana Lynn Drive, Stow, OH	05397 DIANA LYNN DR, PMB 2433, STOW CITY, OH	US	US
S1-349719765	S3-300364657	S3	Eye Medicine of Stow	Eye Medicine of Center	5397 Diana Lynn Drive, Stow, OH	5397 Diana Lynn Dr, Stow, Ohio	US	US
S1-72369296	S3-505060124	S3	Enterprises Mittal Developers Private Limited	Limited Enterprises Mittal Developers Partners	Haryana, Orchid Centre, Near, Iilm Institute, Sec 53, Tf, Dlf Qe, Gurgaon	Tf, Dlf Qe, Gurgaon, HR	India	India
S1-908498505	S2-410769724	S2	LO Venture LLC	LO Vr LLC	620 2nd Street, City Of Baraboo, WI	CITY OF BARABOO, 620 SECOND ST, WI	US	US
S1-908498505	S3-70675543	S3	LO Venture LLC	Fayelyra	620 2nd Street, City Of Baraboo, WI	620 Second Street, Baraboo, Wisconsin	US	US
S1-803808238	S2-516215794	S2	Prairie Tidewater Inc	Prairie Tgdewaner lnc	5414 Glover Park Drive, Upper Marlboro, MD	GLOVER PARK DR, UPPER MARLBORO, MD	US	US
S1-803808238	S2-335742246	S2	Prairie Tidewater Inc	prairietidewater.com	5414 Glover Park Drive, Upper Marlboro, MD	5414 GLOVER PARK DR, UPPER MARLBORO, MD	US	US
S1-803808238	S3-938803714	S3	Prairie Tidewater Inc	ptidewater.com	5414 Glover Park Drive, Upper Marlboro, MD	5414 Glover Park Drive, Upper Marlboro Township, Maryland	US	US
S1-98579303	S3-690119410	S3	Indian Technologies	ইন্ডিয়ান টেকনোলজিস	Flat 19/1/16, Nabin Chandra Das Road, Kolkata, Kolkata, Howrah, West Bengal	Flat 19/1/16, Howrah, Kolkata, WB	India	India
S1-98579303	S3-719484948	S3	Indian Technologies	Indian Services	Flat 19/1/16, Nabin Chandra Das Road, Kolkata, Kolkata, Howrah, West Bengal	Flat 19/1/16, Kolkata, Howrah, পশ্চিমবঙ্গ	India	India
S1-473606105	S2-393612026	S2	Kinna Stewart Centurion LLC	Kinna Stewart	34800 Lake Shore Boulevard, Unit 101~104, Eastlake, OH	EASTLAKE, 34800 LAKE SHORE BLVD, OH	US	US
S1-473606105	S2-912072471	S2	Kinna Stewart Centurion LLC	KINNA STÉWART CENTURION LLC	34800 Lake Shore Boulevard, Unit 101~104, Eastlake, OH	34800 LAKE SHORE BLVD, EASTLAKE, OH	US	US
S1-851769617	S2-417300244	S2	Ear Nose & Throat Group LLC	Ear Group & Throat Nose LLC	225 Mcalpine Drive, Fl 0, Saint Louis, MO	00225 MCALPINE DR, SAINT LOUIS, MO	US	US
S1-851769617	S3-887912056	S3	Ear Nose & Throat Group LLC	The Ear Nose & Throat Group LLC	225 Mcalpine Drive, Fl 0, Saint Louis, MO	225 Mcalpine Dr, Fl 0, Glasgow Village, Missouri	US	US
S1-851769617	S3-385801783	S3	Ear Nose & Throat Group LLC	earnosethroat.com	225 Mcalpine Drive, Fl 0, Saint Louis, MO	225 Mcalpine Dr, Floor 0, Saint Louis, Missouri	US	US
S1-51590630	S2-518150773	S2	Cobalt Inc	COILSBTL INC INC	936 Cascades Drive, Mckinney, TX	936 1/2 Cascades Drive, MCKINNEY, TX	US	US
S1-51590630	S2-724618521	S2	Cobalt Inc	CO8ALT	936 Cascades Drive, Mckinney, TX	TX, 936 1/2 CASCADES DRIVE, MCKINNEY	US	US
S1-571115458	S3-279912704	S3	Highland Fund LLC	Highland-Fund-LLC - 6411764380	CT, 62 Lake Drive, Madison	62 Lake Dr, Madison, Connecticut	US	US
S1-88905792	S2-331575983	S2	Sunderban Welfare Society	SUNDERBAN WELFARE SOCIETY CO	Lucknow, T C- 46, Lucknow, Uttar Pradesh, Vibhuti Khand, Gomti Nagar, Lucknow	T C- 46, VIBHUTI KHAND, GOMTI NAGAR, LUCKNOW, LUCKNOW, Uttar Pradesh	India	India
S1-88905792	S2-557990591	S2	Sunderban Welfare Society	Sri Sunderban Welfare	Lucknow, T C- 46, Lucknow, Uttar Pradesh, Vibhuti Khand, Gomti Nagar, Lucknow	T C- 46, VIBHUTI KHAND, GOMTI NAGAR, LUCRNOW, LUCKNOW, Uttar Pradesh	India	India
S1-88905792	S3-664530964	S3	Sunderban Welfare Society	M/s sunderban welfare society	Lucknow, T C- 46, Lucknow, Uttar Pradesh, Vibhuti Khand, Gomti Nagar, Lucknow		India	India
S1-91085118	S2-581064933	S2	Eastern Trading Private Limited	ईस्टर्न ट्रेडिंग प्राइवेट लिमिटेड	Flat No. 204, Building 47, Sector 54/56/58 Seawood, Thane, Maharashtra	THANE, Maharashtra, NO 04, THANE	India	India
S1-91085118	S2-147057908	S2	Eastern Trading Private Limited	ईस्टर्न ट्रेडिंग प्राइवेट लिमिटेड	Flat No. 204, Building 47, Sector 54/56/58 Seawood, Thane, Maharashtra	FLAT NO. 04, THANE, Maharashtra	India	India
S1-91085118	S2-136435287	S2	Eastern Trading Private Limited	EASTERN PRIVATE LIMITED CENTER - 3924719815	Flat No. 204, Building 47, Sector 54/56/58 Seawood, Thane, Maharashtra	NO 04 , BUILDING 47, SECTOR 54/56/58 SEAWOOD, THANE, Maharashtra	India	India
S1-460136045	S2-983138087	S2	Lakshmi It Private Limited	ଲକ୍ଷ୍ମୀ ଆଇଟି ପ୍ରାଇଭେଟ୍ ଲିମିଟେଡ୍	Puri, Orissa, Puri, Station Road	STATION ROAD, PURI, ଓଡ଼ିଶା	India	India
S1-460136045	S3-24612219	S3	Lakshmi It Private Limited	ଲକ୍ଷ୍ମୀ ଆଇଟି ପ୍ରାଇଭେଟ୍ ଲିମିଟେଡ୍	Puri, Orissa, Puri, Station Road	Station Road, Puri, OD	India	India
S1-460136045	S3-979319828	S3	Lakshmi It Private Limited	Lakshmi It Prvie Limited	Puri, Orissa, Puri, Station Road	Station Road, Puri, OD	India	India
S1-235106542	S3-545794093	S3	Prime Software Pvt Ltd	പ്രൈം സോഫ്റ്റ്‌വെയർ പ്രൈവറ്റ് ലിമിറ്റഡ്	V/167 Mattel Kottappuram Mulavana Po, Kundarakottappuram, Kollam, Kerala	Door No 144 V/167 Mattel Kottappuram Mulavana Po, Kollam, KL	India	India
S1-908800416	S3-506993631	S3	Northern Hamilton Inc	Northern Hamritlon Inc	146 12th Street, Unit A, New Philadelphia, OH	146 12rd St, # A, NE Wphiladelphia, Ohio	US	US
S1-767396971	S2-582466752	S2	Alba Boon Pvt. Ltd.	Mr ALBA BRN PVT. (LTD.)	501 'A' Wing Vithal Apartmentnew Link Road Kandarpada Dahisar (W), Mumbai, Maharashtra, Mumbai	501 'A' WING VTHAL APARTMENTNEW LINK ROAD KANDARPADA DAHISAR (W), MUMBAI, Maharashtra	India	India
S1-709074730	S3-540948829	S3	Superior Defense Industries Clinic	superiordefenseindustries.com	25400 Pink Hill Road, Independence, MO	25400-25404 Pink Hill Road, Independence, Missouri	US	US
S1-411563198	S2-316054715	S2	Ram & Co	Ram &	206, Caxton House, 2E Jhandewalan Extention Near Videocon Tower, New Delhi, Delhi	Delhi, 206, CAXTON HOUSE, 2E JHANDEWALAN EXTENTION NEAR VIDEOCON TOWER, NEW DELHI	India	India
S1-92729851	S2-65120700	S2	Capital Council Inc	Capital Council Inc. | www.capitalco.com	221 Main Street, Florence, KY		US	US
S1-92729851	S3-149647877	S3	Capital Council Inc	Capital Cunctl  Inc	221 Main Street, Florence, KY	22 Main St, Florence, Kentucky	US	US
S1-92729851	S3-806776548	S3	Capital Council Inc	Inc Capital Cóuncil	221 Main Street, Florence, KY	22 Main Street, Kentucky, Florence	US	US
S1-92729851	S3-222366324	S3	Capital Council Inc	capitalcouncil.com	221 Main Street, Florence, KY	22 Main Street, Florence, Kentucky	US	US
S1-537121104	S3-257356142	S3	EM Beneficial Pvt. Ltd.	Em Béneficial Pvt. Ltd.	Ground Floor 1448, Sector-6, Karnal, Haryana	Ground Floor 448, Sector-6, Karnal, HR	India	India
S1-537121104	S3-77732141	S3	EM Beneficial Pvt. Ltd.	EM Bedneficll Pvt. (Ltd.)	Ground Floor 1448, Sector-6, Karnal, Haryana	Ground Floor 448, Sector-6, Karnal, हरियाणा	India	India
S1-526349990	S3-408891606	S3	Peak Cloud Concepts	Peak Cloud Coicrpts	736 Ardmore Lane, Shelbyville, KY	736 Ardmore Ln, Shelbyville, Kentucky	US	US
S1-960126068	S2-433145651	S2	Corner Ice Cream	CORNER ICE CREAM CÓRPORATION	1015 Country Club Drive, La Porte, TX		US	US
S1-960126068	S3-10350880	S3	Corner Ice Cream	Corner  Ice	1015 Country Club Drive, La Porte, TX	1015 Country Club Dr, PMB 8907, La Porte, Texas	US	US
S1-973233920	S3-110090880	S3	Data Materials Networks	Data Networks Service	609 Hickory Street, Ottawa, KS	Hickory Street, Otatwa, Kansas	US	US
S1-973233920	S3-792460305	S3	Data Materials Networks	Data Materials Service	609 Hickory Street, Ottawa, KS	09 Hickory Street, Otatwa, Kansas	US	US
S1-27541239	S2-199341916	S2	Nexus Anchor Rain	NEXUS ACORMHR RAIN	1111 Church Street, Unit 2007, Nashville, TN	CHURCH STREET, NASHVILLE, TN	US	US
S1-220334720	S3-549256647	S3	Western Medical Center LLC	centerwesternmedical.c0m	20118 Baldwin Beach Express, Robertsdale, AL	20117 Baldwin Beach Express, Robertsdale, Alabama	US	US
S1-220334720	S3-587066061	S3	Western Medical Center LLC	Western Médical Center LLC - 6383976981	20118 Baldwin Beach Express, Robertsdale, AL	Baldwin Beach Express, Robertsdale, Alabama	US	US
S1-220334720	S3-801172627	S3	Western Medical Center LLC	Western Médícal Center LLC (ID: 16154)	20118 Baldwin Beach Express, Robertsdale, AL	20117 Baldwin Beach Express, Summerdale, Alabama	US	US
S1-126393436	S2-79357125	S2	Al Trading Private Limited	अल ट्रेडिंग प्राइवेट लिमिटेड	Maharashtra, Mumbai, T G Shah Buildingsecond Floor Pydhonie Chowk, Mumbai	T G SHAH BUILDINGSECOND FLOOR PYDHONIE CHOWK, NULL, MUMBAI, Maharashtra	India	India
S1-126393436	S2-983300543	S2	Al Trading Private Limited	M/s al trading private limited	Maharashtra, Mumbai, T G Shah Buildingsecond Floor Pydhonie Chowk, Mumbai	T G SHAH BUILDINGSECOND FLOOR PYDHONIE CHOWK, MUMBAI, NULL, महाराष्ट्र	India	India
S1-126393436	S3-11871325	S3	Al Trading Private Limited	अल ट्रेडिंग प्राइवेट लिमिटेड	Maharashtra, Mumbai, T G Shah Buildingsecond Floor Pydhonie Chowk, Mumbai	Plot 468 T G Shah Buildingsecond Floor Pydhonie Chowk, Bombay, Mumbai, MH	India	India
S1-418477552	S2-129963851	S2	Big Care Private Limited	बिग केयर प्राइवेट लिमिटेड	19/266, Gandhi Nagar, Aligrah, Uttar Pradesh	19/266, ALIGRAH, GANDHI NAGAR, Uttar Pradesh	India	India
S1-418477552	S3-139267332	S3	Big Care Private Limited	बिग केयर प्राइवेट लिमिटेड	19/266, Gandhi Nagar, Aligrah, Uttar Pradesh	UP, Gandhi Nagar, 19/266, Aligrah	India	India
S1-958740646	S2-802979052	S2	Happy Ice Cream	HAPPY ICE CREAM LP	TX, Dublin, 425 Eagle Street	425 EAGLE STREET, DUBLIN, TX	US	US
S1-958740646	S3-897268381	S3	Happy Ice Cream	Happy Ice	TX, Dublin, 425 Eagle Street	Dublin CDP, 425 Eagle St, Texas	US	US
S1-509571057	S2-622370392	S2	Keystone Summit Platforms	SMMAT KEY5TONE PLATFORMS	356 Racetrack Road, Unit #13, KY, Henderson	356 RACETRACK ROAD, HENDERSON, KY	US	US
S1-412010600	S2-879790094	S2	Anc Trading Private Limited	ANC PRIVATE LIMITED CENTER	Nashik, Shop No.1 Ganesh Nagar Tq Kalwan Dist Nashik, Nashik, Maharashtra	SHOP NO.1 GANESH NAGAR TQ KALWAN DIST NASHIK, NASHIK, Maharashtra	India	India
S1-412010600	S3-865579315	S3	Anc Trading Private Limited	Synfayezeta	Nashik, Shop No.1 Ganesh Nagar Tq Kalwan Dist Nashik, Nashik, Maharashtra	#1 Ganesh Nagar Tq Kalwan Dist Nashik, Nashik, MH	India	India
S1-412010600	S3-90937601	S3	Anc Trading Private Limited	Anc Trading Prtcsate Limited	Nashik, Shop No.1 Ganesh Nagar Tq Kalwan Dist Nashik, Nashik, Maharashtra	#1 Ganesh Nagar Tq Kalwan Dist Nashik, Nashik, MH	India	India
S1-570361411	S2-603890088	S2	Shyam Ventures Private Limited	ਸ਼ਿਆਮ ਵੈਂਚਰਜ਼ ਪ੍ਰਾਈਵੇਟ ਲਿਮਟਿਡ	#771, Sector 91 Sas Nagar, Mohali, Punjab	771, MOHALI, Punjab	India	India
S1-570361411	S2-592744157	S2	Shyam Ventures Private Limited	ਸ਼ਿਆਮ ਵੈਂਚਰਜ਼ ਪ੍ਰਾਈਵੇਟ ਲਿਮਟਿਡ	#771, Sector 91 Sas Nagar, Mohali, Punjab	#771, MOHALI, ਪੰਜਾਬ	India	India
S1-570361411	S3-935890494	S3	Shyam Ventures Private Limited	Shyam Ventures Ptaiddate  Limited	#771, Sector 91 Sas Nagar, Mohali, Punjab	771, Mohali, ਪੰਜਾਬ	India	India
S1-453223583	S2-859167627	S2	Varshika Services Private Limited	VARSHIKA SÉRVICES PRIVATE LIMITED	Bh. Ranibag Street, Amrut Sweet Vari Galima, Porbandar, Gujarat		India	India
S1-453223583	S3-948308596	S3	Varshika Services Private Limited	Varshika Services Private	Bh. Ranibag Street, Amrut Sweet Vari Galima, Porbandar, Gujarat	Bh. Ranibag Stret, Amrut Sweet Vari Galima, Porbandar, GJ	India	India
S1-453223583	S3-123982953	S3	Varshika Services Private Limited	Varshika Services	Bh. Ranibag Street, Amrut Sweet Vari Galima, Porbandar, Gujarat	Bh. Ranibag Street, Amrut Sweet Vari Galima, Porbandar, GJ	India	India
S1-744424482	S2-661071850	S2	Nelson Classic Ship Inc	Nelson Ship  Inc Center	4715 Overview Drive, Fayetteville, NC	004715 OVERVIEW DR, FAYETTEVILLE, NC	US	US
S1-277391322	S2-836295706	S2	Dynamic Textile Networks LLC	DYNAMIC-TEXTILE NETWORKS	18848 250 Road E, Danvers, IL	IL, DANVERS, 18848 250 RD E	US	US
S1-716346194	S2-406412466	S2	Enus Creative Peace Associates	Enus Creative Peace Assciates	754 Quinnipiac Lane, Unit Unit B, Stratford, CT	754 QUINNIPIAC LANE, STRATFORD, CT	US	US
S1-218059706	S2-316373867	S2	Desai Systems Private Limited	Desai Systems  Pirvimte Limited	Fernhill Gardens, Flat No.'Ga', Sector 6 Hsr Layout, Venkogi Rao Khane, Bangalore, Karnataka	NO. D/897 FERNHILL GARDENS, FLAT NO.'GA', SECTOR 6 HSR LAYOUT, VENKOGI RAO KHANE, BANGALORE, Karnataka	India	India
S1-483140947	S2-305690929	S2	Highland Continental Photonics Inc.	HIGHLAND CONTINENTAL  PHOTONICS	1023 Gravel Lick Road, Sand Gap, KY		US	US
S1-483140947	S3-160719213	S3	Highland Continental Photonics Inc.	Highland Photonics Cóntinental Inc.	1023 Gravel Lick Road, Sand Gap, KY	1023 Gravel Lick Rd, Sand Gap, Kentucky	US	US
S1-483140947	S3-579481799	S3	Highland Continental Photonics Inc.	hcphotonics.com	1023 Gravel Lick Road, Sand Gap, KY	1023 Gravel Lick Rd, Sand Gap, Kentucky	US	US
S1-483140947	S3-216980958	S3	Highland Continental Photonics Inc.	Continentalphotonics.Com	1023 Gravel Lick Road, Sand Gap, KY	Kentucky, Sand Gap, 1023 Gravel Lick Road	US	US
S1-912508322	S2-276782865	S2	Shiv Technologies LLP	ಶಿವ್ ಟೆಕ್ನಾಲಜೀಸ್ ಎಲ್ಎಲ್‌ಪಿ	42, 16Th Cross, 8Th Main Road, Malleswaram, Bengaluru, Bangalore, Karnataka	Karnataka, BENGALURU, 42, BANGALORE	India	India
S1-912508322	S2-974864172	S2	Shiv Technologies LLP	Dr SHIV  TECHNOLOGIES	42, 16Th Cross, 8Th Main Road, Malleswaram, Bengaluru, Bangalore, Karnataka	42, 16TH CROSS, 8TH MAIN ROAD, MALLESWARAM, BENGALURU, Karnataka	India	India
S1-912508322	S3-768166043	S3	Shiv Technologies LLP	Sri shivtechnologies.com	42, 16Th Cross, 8Th Main Road, Malleswaram, Bengaluru, Bangalore, Karnataka	42, 16Th Cross, 8Th Main Road, Malleswaram, Bengaluru, Bangalore, KA	India	India
S1-409256428	S2-711688682	S2	Future Projects Private Limited	ஃபியூச்சர் புராஜெக்ட்ஸ் பிரைவேட் லிமிடெட்	No-10, West Karikalan, Street, Adambakkam, Saidapet, Kanchipuram, Tamil Nadu	NO-10, WEST KARIKALAN, STREET, ADAMBAKKAM, KANCHIPURAM, SAIDAPET, Tamil Nadu	India	India
S1-409256428	S2-942427657	S2	Future Projects Private Limited	FUTURE PROJECTS PRIVTE LIMITED	No-10, West Karikalan, Street, Adambakkam, Saidapet, Kanchipuram, Tamil Nadu	NO-10, WEST KARIKALAN, STREET, ADAMBAKKAM, SAIDAPET, Tamil Nadu	India	India
S1-409256428	S2-639703058	S2	Future Projects Private Limited	ஃபியூச்சர் புராஜெக்ட்ஸ் பிரைவேட் லிமிடெட்	No-10, West Karikalan, Street, Adambakkam, Saidapet, Kanchipuram, Tamil Nadu	WEST KARIKALAN, STREET, ADAMBAKKAM, NO-10, KANCHIPURAM, Tamil Nadu, SAIDAPET	India	India
S1-409256428	S3-503380310	S3	Future Projects Private Limited	Future Projects Private Límited	No-10, West Karikalan, Street, Adambakkam, Saidapet, Kanchipuram, Tamil Nadu	No-10, Saidapet, Kanchipuram, தமிழ்நாடு	India	India
S1-607646145	S2-861230026	S2	Gleda Engle Heritage Fuels Inc	6LEDAENGLEHERITAGE.COM	847 Horseman Drive, Rock Hill, SC	ROCK HILL, 847 HORSEMAN DRIVE, SC	US	US
S1-607646145	S3-974855692	S3	Gleda Engle Heritage Fuels Inc	Gleda Engle Heritage Inc Partners	847 Horseman Drive, Rock Hill, SC	84 Horseman Drive, PO Box 8051, ROCK HILL, South Carolina	US	US
S1-263724589	S2-944820444	S2	Gadaon	6adaon	TX, 900 30, Garland	900 30, GARLAND, TX	US	US
S1-377745466	S2-203037501	S2	B+ Retail Inc	B+ Retail	1712 Montebello Avenue, Phoenix, AZ	PHOENIX, AZ, 1712 MONTEBELLO AVE	US	US
S1-377745466	S3-70942743	S3	B+ Retail Inc	B+ Inc Services	1712 Montebello Avenue, Phoenix, AZ	Arizona, Phoenix, 1712 Montebello Avenue	US	US
S1-377745466	S3-402918963	S3	B+ Retail Inc	B+ Rétail Incorporated	1712 Montebello Avenue, Phoenix, AZ	1712 Montebello Ave, Northeast, Arizona	US	US
S1-377745466	S3-836170816	S3	B+ Retail Inc	B+ Retail INC (ID: 84923)	1712 Montebello Avenue, Phoenix, AZ	1712 Montebello Avenue, Phoenix, Arizona	US	US
S1-974370004	S2-967465960	S2	Smart Builders Private Limited	स्मार्ट बिल्डर्स प्राइवेट लिमिटेड	Faridabad, 122, Haryana, Navloo Colony, Gali No. 1, Near Ballabgarh Metro Station, Faridabad	H.NO 141 122, FARIDABAD, Haryana	India	India
S1-974370004	S2-251897681	S2	Smart Builders Private Limited	स्मार्ट बिल्डर्स प्राइवेट लिमिटेड	Faridabad, 122, Haryana, Navloo Colony, Gali No. 1, Near Ballabgarh Metro Station, Faridabad	DOOR NO 141 122, FARIDABAD, हरियाणा	India	India
S1-334052695	S2-240647892	S2	Guru Constructions Private Limited	गुरु कंस्ट्रक्शंस प्राइवेट लिमिटेड	Plot No 13, Pushpak Nagar, Lokhande Mala, Nashik, Maharashtra	PLOT NO 13, NASHIK, महाराष्ट्र, PUSHPAK NAGAR, LOKHANDE MALA	India	India
S1-819933808	S3-875794551	S3	Alyss's Jewelers	Alyss'S Jeowaelns	901 4th Street, Stillwater, MN	901 4th St, Stillwater, Minnesota	US	US
S1-178384024	S2-569431326	S2	Advait Spinners	ADVAIT SPINNES6	12, House No.-24, Street No-12C, Sepco Township, Durgapur Mc, Bardhaman, West Bengal	PLOT 327 12, HOUSE NO.-24, STREET NO-12C, SEPCO TOWNSHIP, DURGAPUR MC, West Bengal	India	India
S1-178384024	S2-920614126	S2	Advait Spinners	Advait Siiiedsr	12, House No.-24, Street No-12C, Sepco Township, Durgapur Mc, Bardhaman, West Bengal	PLOT 327 12, HOUSE NO.-24, STREET NO-12C, SEPCO TOWNSHIP, DURGAPUR MC, West Bengal	India	India
S1-178384024	S3-183515419	S3	Advait Spinners	advaitspinners.com	12, House No.-24, Street No-12C, Sepco Township, Durgapur Mc, Bardhaman, West Bengal	2-12, House No.-24, Street No-12c, Sepco Township, Durgapur Mc, Bardhaman, WB	India	India
S1-800294363	S2-90945076	S2	Great Investments Private Limited	ಗ್ರೇಟ್ ಇನ್ವೆಸ್ಟ್‌ಮೆಂಟ್ಸ್ ಪ್ರೈವೇಟ್ ಲಿಮಿಟೆಡ್	106, 8Th Main Road Malleswaram West, Bangalore, Karnataka	106, BANGALORE, BENGALURU URBAN, Karnataka	India	India
S1-800294363	S3-618567505	S3	Great Investments Private Limited	ಗ್ರೇಟ್ ಇನ್ವೆಸ್ಟ್‌ಮೆಂಟ್ಸ್ ಪ್ರೈವೇಟ್ ಲಿಮಿಟೆಡ್	106, 8Th Main Road Malleswaram West, Bangalore, Karnataka	Bangalore, KA, Hn 485 106, 8Th Main Road Malleswaram West	India	India
S1-800294363	S3-843752369	S3	Great Investments Private Limited	greatinvestments.com	106, 8Th Main Road Malleswaram West, Bangalore, Karnataka	Hn 485 106, 8Th Main Road Malleswaram West, Bangalore, KA	India	India
S1-505090910	S3-198363277	S3	Main Street Deli	main street deli Enterprises	2538 Wah Avenue, Sacramento, CA		US	US
S1-505090910	S3-131235451	S3	Main Street Deli	Main Street-Dmbi	2538 Wah Avenue, Sacramento, CA	2538 Wah Ave, Sacramento, California	US	US
S1-904228116	S2-844183646	S2	Office of Aging	Office of Agg	2637 Greenbrier Drive, Hinton, WV	2637 GREENBRIER DR, HINTON, WV	US	US
S1-904228116	S3-820751238	S3	Office of Aging	officeaging.com	2637 Greenbrier Drive, Hinton, WV	637 Greenbrier Drive, Hinton, West Virginia	US	US
S1-904228116	S3-52281916	S3	Office of Aging	Office Of Ag	2637 Greenbrier Drive, Hinton, WV	637 Greenbrier Dr, Hinton, West Virginia	US	US
S1-904228116	S3-295583017	S3	Office of Aging	Officeagingcom	2637 Greenbrier Drive, Hinton, WV	West Virginia, Hinton, 637 Greenbrier Dr	US	US
S1-684624531	S2-613710201	S2	Raj Global Private Limited	রাজ গ্লোবাল প্রাইভেট লিমিটেড	C/O Lhadom Wangdi, Patel Road, Behind Sn Bose, Siliguri, Darjiling, Darjeeling, West Bengal	NO. 944 C/O LHADOM WANGDI, PATEL ROAD, BEHIND SN BOSE, SILIGURI, DARJILING, CHAMPASARI, West Bengal	India	India
S1-684624531	S2-553665270	S2	Raj Global Private Limited	RAJ PRIVATE LIMITED CENTER	C/O Lhadom Wangdi, Patel Road, Behind Sn Bose, Siliguri, Darjiling, Darjeeling, West Bengal	NO. 944 C/O LHADOM WANGDI, PATEL ROAD, BEHIND SN BOSE, SILIGURI, DARJILING, পশ্চিমবঙ্গ	India	India
S1-422926253	S2-908239181	S2	Sky Enterprises Pvt Ltd	स्काई एंटरप्राइजेज प्रा. लि.	A- 42, Ground Front Side, Dayal Bagh Faridabad, Faridabad, Haryana	#750- A- 42, GROUND FRONT SIDE, DAYAL BAGH FARIDABAD, FARIDABAD, Haryana	India	India
S1-422926253	S3-182229658	S3	Sky Enterprises Pvt Ltd	स्काई एंटरप्राइजेज प्रा. लि.	A- 42, Ground Front Side, Dayal Bagh Faridabad, Faridabad, Haryana	Faridabad, A- 42, हरियाणा	India	India
S1-600079333	S2-327558167	S2	Environmental Project II Associates	ENVIRONMENTAL PROJECT II ASSOCIATES CO	1651 52nd Street, Sacramento, CA	1651 52ND ST, null, SACRAMENTO, CA	US	US
S1-600079333	S3-554676842	S3	Environmental Project II Associates	Environmental Environmental Project II Associates Corp	1651 52nd Street, Sacramento, CA	1651 52nd Street, Sacramento, California	US	US
S1-600079333	S3-583639408	S3	Environmental Project II Associates	Environmental Project Ii-Associates LLC	1651 52nd Street, Sacramento, CA	1651 52nd St, Sacramento, California	US	US
S1-701741704	S2-629353884	S2	Bay Granite LLC	Bay Gmrainte LLC	AR, Blytheville, 4437 Unnamed	4437 UNNAMED, BLYTHEVILLE, AR	US	US
S1-701741704	S2-372427590	S2	Bay Granite LLC	llc bay granite	AR, Blytheville, 4437 Unnamed	4437 UNNAMED, BLYTHEVILLE, AR	US	US
S1-701741704	S2-755382991	S2	Bay Granite LLC	Novidelta	AR, Blytheville, 4437 Unnamed	4437 Unnamed, BLYTHEVILLE, AR	US	US
S1-701741704	S3-224441801	S3	Bay Granite LLC	Center Bay LLC	AR, Blytheville, 4437 Unnamed	4437-4441 Unnamed, Blytheville, Arkansas	US	US
S1-946922673	S2-808682175	S2	Sar & Co	Sri Sar &	Siliguri, Darjeeling, City Centre Nh-31, Matigara, West Bengal, G-307	G-307, CITY CENTRE NH-31, MATIGARA, SILIGURI, পশ্চিমবঙ্গ	India	India
S1-108314429	S2-628035494	S2	Supreme Dream It	सुप्रीम ड्रीम आईटी	Office No F-39, First Floor Eternity Commercial Premises, Lbs Marg, Teen Hath Naka, Thane, Maharashtra	OFFICE NO F-39., THANE, महाराष्ट्र	India	India
S1-108314429	S3-511877505	S3	Supreme Dream It	सुप्रीम ड्रीम आईटी	Office No F-39, First Floor Eternity Commercial Premises, Lbs Marg, Teen Hath Naka, Thane, Maharashtra	First Floor Eternity Commercial Premises, Lbs Marg, Teen Hath Naka, Thane, MH, Office No F-39, Greater Bombay	India	India
S1-700600281	S2-527617444	S2	Smith and Martin LLC	Smith and Martin LLC Partners	4 Peter Scott Drive, Cornwall, NY	4 PETER SCOTT DRIVE, FIRTHCLIFFE, NY	US	US
S1-700600281	S2-256749526	S2	Smith and Martin LLC	Smith and Mártin	4 Peter Scott Drive, Cornwall, NY	4 PETER SCOTT DR, CORNWALL, NY	US	US
S1-17506850	S2-398583958	S2	Indian Industries Limited	इंडियन इंडस्ट्रीज लिमिटेड	Ghaziabad, C-1601, Uttar Pradesh, Ghaziabad, Laxuria Estate Aditya World City	C-1601, LAXURIA ESTATE ADITYA WORLD CITY, GHAZIABAD, उत्तर प्रदेश	India	India
S1-17506850	S2-254243056	S2	Indian Industries Limited	INDIAN INDIAN INDUSTRIES	Ghaziabad, C-1601, Uttar Pradesh, Ghaziabad, Laxuria Estate Aditya World City	C-1601 , LAXURIA ESTATE ADITYA WORLD CITY, GHAZIABAD, उत्तर प्रदेश	India	India
S1-561721636	S3-955261621	S3	Dlf Qe Producer Private Limited	Dlf Qe Private Limited Services	36 Block C, Sushant Lok, Phase 1, Sec 43, Grugram, Dlf Qe, Gurgaon, Haryana	Dlf Qe, Block C, हरियाणा, Sushant Lok, Phase 1, Sec 43, Grugram	India	India
S1-561721636	S3-435043854	S3	Dlf Qe Producer Private Limited	Dlf Qe Producer Painvare Limited	36 Block C, Sushant Lok, Phase 1, Sec 43, Grugram, Dlf Qe, Gurgaon, Haryana	Block C, Sushant Lok, Phase 1, Sec 43, Grugram, Dlf Qe, HR	India	India
S1-236963798	S2-717890908	S2	RO Atlantic Galaxy Inc	atlanticgalaxy.com	2119 Tipton Street, Seymour, IN	SEYMOUR CTY, IN, #2119 TIPTON ST	US	US
S1-236963798	S2-183439832	S2	RO Atlantic Galaxy Inc	RO Atlantic	2119 Tipton Street, Seymour, IN	#2119 TIPTON ST, SEYMOUR CTY, IN	US	US
S1-236963798	S2-704569052	S2	RO Atlantic Galaxy Inc	RO GALAXY INC SERVICES	2119 Tipton Street, Seymour, IN	#2119 TIPTON ST, SEYMOUR CTY, IN	US	US
S1-236963798	S2-111203101	S2	RO Atlantic Galaxy Inc	RO Atlantic	2119 Tipton Street, Seymour, IN		US	US
S1-196054265	S3-35720000	S3	Healy Endocrinology	healyendocrinology.com	30 Coolidge Road, Winchester, MA	Wichester, Massachusetts, 30 Coolidge Rd	US	US
S1-818679709	S3-872513060	S3	Naylor Pediatrics, Inc	Naylor Pdiatrics, Inc	1225 Hollywood Avenue, Dallas, TX	Texas, 001225 Hollywood Ave, Dallas	US	US
S1-261133992	S2-460362340	S2	Good Power	गुड पावर	Flat No.603/E2, Nr. Rutu Estate, Rutu, Towers, Patli Pada, Ghodbunder Road, Thane, Maharashtra	FLAT NO.6-03/E2, NR. RUTU ESTATE, RUTU, TOWERS, PATLI PADA, GHODBUNDER ROAD, THANE, MUMBAI THANE, Maharashtra	India	India
S1-152556345	S2-616041974	S2	Global Lincoln LLC	Global  Lnicliln LLC	2 Highland Avenue, Orchard Park, NY	2 HIGHLAND AVE, ORCHARD PARK, NY	US	US
S1-803590345	S2-300720438	S2	Horizon LLC	Horizon L.L.C.	1109 Pea Ridge Road, Huntington, WV	HUNTINGTON CITY, 1109 PEA RIDGE ROAD, WV	US	US
S1-803590345	S2-719870548	S2	Horizon LLC	Horizon Enterprises	1109 Pea Ridge Road, Huntington, WV		US	US
S1-803590345	S2-185490046	S2	Horizon LLC	HORIZON LLC CENTER	1109 Pea Ridge Road, Huntington, WV	1109 PEA RIDGE RD, HUNTINGTON CITY, WV	US	US
S1-803590345	S3-728674730	S3	Horizon LLC	Hosinn LLC	1109 Pea Ridge Road, Huntington, WV	1109 Pea Ridge Road, null, Huntington, West Virginia	US	US
S1-184201555	S2-375902869	S2	Y 4 Anchor Series	Y 4  ACHCRO SERIES	25870 Unity Lane, Unit 63, West Harrison, IN	25870 UNITY LN, WEST HARRISON, IN	US	US
S1-184201555	S3-288391793	S3	Y 4 Anchor Series	Y 4 Anchor Srlise	25870 Unity Lane, Unit 63, West Harrison, IN	25870 Unity Ln, Unit 63, West Harrison, Indiana	US	US
S1-216181354	S2-302685491	S2	United Consultants Private Limited	UNITED CONSULTANTS PRVAE LIMITED	1/522A, Survey No 52, Rajput Associates, Kolkhe, Panvel, Raigarh(Mh), Maharashtra	#1/522A, SURVEY NO 52, RAJPUT ASSOCIATES, KOLKHE, PANVEL, Maharashtra	India	India
S1-216181354	S2-225919108	S2	United Consultants Private Limited	United कंसल्टेंट्स प्राइवेट लिमिटेड	1/522A, Survey No 52, Rajput Associates, Kolkhe, Panvel, Raigarh(Mh), Maharashtra	#1/522A, SURVEY NO 52, RAJPUT ASSOCIATES, KOLKHE, PANVEL, Maharashtra	India	India
S1-216181354	S3-317748253	S3	United Consultants Private Limited	यूनाइटेड कंसल्टेंट्स प्राइवेट लिमिटेड	1/522A, Survey No 52, Rajput Associates, Kolkhe, Panvel, Raigarh(Mh), Maharashtra	001/522A, Panvel, महाराष्ट्र	India	India
S1-216181354	S3-685337179	S3	United Consultants Private Limited	यूनाइटेड कंसल्टेंट्स प्राइवेट लिमिटेड	1/522A, Survey No 52, Rajput Associates, Kolkhe, Panvel, Raigarh(Mh), Maharashtra	001/522A, Panvel, Raigarh(mh), MH	India	India
S1-216181354	S3-509236611	S3	United Consultants Private Limited	यूनाइटेड Consultants Private Limited	1/522A, Survey No 52, Rajput Associates, Kolkhe, Panvel, Raigarh(Mh), Maharashtra	001/522A, Panvel, MH	India	India
S1-355649086	S3-804821727	S3	Sigma Brothers Pvt. Ltd.	Sigma Bróthers (ID: 77453)	Agasthi Apartment, P. No. 65 F.No.T-2, Dhighori, Nagpur, Maharashtra	Agasthi Apartment, Nagpur, MH	India	India
S1-355649086	S3-136861981	S3	Sigma Brothers Pvt. Ltd.	Sigma Pvt. Ltd. Center	Agasthi Apartment, P. No. 65 F.No.T-2, Dhighori, Nagpur, Maharashtra	Agasthi Apartment, P. No. 65 F.no.t-2, Dhighori, Nagpur, महाराष्ट्र	India	India
S1-114279394	S2-616220259	S2	Stoddard Hickman House Clinic	Stoddard Hookcgan House Clinic	NY, 285 5th Street, Smithtown	285 FIFTH ST, SMITHTOWN, NY	US	US
S1-754175313	S2-174917371	S2	Alpha Media Private Limited	अल्फा मीडिया प्राइवेट लिमिटेड	28-B, Chand Bihari Nagar Near Khatipura Bridge Khatipura, Jaipur, Rajasthan	28-B, CHAND BIHARI NAGAR NEAR KHATIPURA BRIDGE KHATIPURA, JHUNJHUNU, Rajasthan	India	India
S1-388700492	S2-438708943	S2	Shakti Care Private Limited	शक्ति केयर प्राइवेट लिमिटेड	Plot No.3 Survey No.90/4 &91/2Dam Road Villae Manor Taluka Palghar Dist.Thana 4, 01403, Thane, Maharashtra	Maharashtra, THANE, H.NO #3 SURVEY NO.90/4 &91/2DAM ROAD VILLAE MANOR TALUKA PALGHAR DIST.THANA 4, 01403	India	India
S1-388700492	S3-66026117	S3	Shakti Care Private Limited	careshakti.com	Plot No.3 Survey No.90/4 &91/2Dam Road Villae Manor Taluka Palghar Dist.Thana 4, 01403, Thane, Maharashtra	Plot No.3 Survey No.90/4 &91/2Dam Road Villae Manor Taluka Palghar Dist.thana 4, 01403, Thane, MH	India	India
S1-388700492	S3-784230847	S3	Shakti Care Private Limited	शक्ति केयर प्राइवेट लिमिटेड	Plot No.3 Survey No.90/4 &91/2Dam Road Villae Manor Taluka Palghar Dist.Thana 4, 01403, Thane, Maharashtra	H.no 3 Survey No.90/4 &91/2Dam Road Villae Manor Taluka Palghar Dist.thana 4, 01403, Thane, MH	India	India
S1-323199760	S2-312492348	S2	Automation Constructions (India) Ltd	Automation (India) Ltd Service	30Vasant Marg Vasant Vihar, New Delhi, South West, Delhi	0VASANT MARG VASANT VIHAR, NEW DELHI, Delhi	India	India
S1-134717804	S2-265461500	S2	Guru Hospitality Private Limited	ಗುರು ಹಾಸ್ಪಿಟಾಲಿಟಿ ಪ್ರೈವೇಟ್ ಲಿಮಿಟೆಡ್	Karnataka, 7Th Cross, Msr Homes Naggappareddy Layout, B.Narayanapura, Bangaore, Bangalore, H.No 36	#36, BANGAORE, BANGALORE, Karnataka	India	India
S1-636549603	S2-111347047	S2	Family Physicians Inc	Physicians Family Inc	1024 31st Avenue, Bellwood, IL	1024 31ST AVE, BELLWOOD, IL	US	US
S1-636549603	S3-689111779	S3	Family Physicians Inc	Family Physicians	1024 31st Avenue, Bellwood, IL	1024-A 31rd Ave, Bellwood, Illinois	US	US
S1-379692908	S2-981502709	S2	Adams Frontier Xflh Center	Adams Fróntier Xflh Center	Sacramento, 5449 Sky Parkway, CA	SKY PARKWAY, SACRAMENTO, CA	US	US
S1-379692908	S2-851689288	S2	Adams Frontier Xflh Center	Adams Frontier Xflh Center Inc.	Sacramento, 5449 Sky Parkway, CA	5449  SKY PARKWAY, SACRAMENTO, CA	US	US
S1-379692908	S3-954603323	S3	Adams Frontier Xflh Center	adamsfrontierxflh.com	Sacramento, 5449 Sky Parkway, CA	5449 Sky Pkwy, Sacraamento, California	US	US
S1-238331147	S2-667940175	S2	Sree It Limited	श्री आईटी लिमिटेड	Plot No 21, Office No.101-106, First Floor, Block-G, Vardhman Chamber-Ii, Community Centre, Vikaspuri, New Delhi, West Delhi, Delhi	DOOR NO 21, NEW DELHI, WEST DELHI, Delhi	India	India
S1-238331147	S2-432919674	S2	Sree It Limited	SREE  IT	Plot No 21, Office No.101-106, First Floor, Block-G, Vardhman Chamber-Ii, Community Centre, Vikaspuri, New Delhi, West Delhi, Delhi	NO 21 , OFFICE NO.101-106, FIRST FLOOR, BLOCK-G, VARDHMAN CHAMBER-II, COMMUNITY CENTRE, VIKASPURI, NEW DELHI, Delhi	India	India
S1-238331147	S2-223678752	S2	Sree It Limited	श्री आईटी लिमिटेड	Plot No 21, Office No.101-106, First Floor, Block-G, Vardhman Chamber-Ii, Community Centre, Vikaspuri, New Delhi, West Delhi, Delhi	PLOT NO 21, OFFICE NO.101-106, FIRST FLOOR, BLOCK-G, VARDHMAN CHAMBER-II, COMMUNITY CENTRE, VIKASPURI, WEST DELHI, NEW DELHI, Delhi	India	India
S1-238331147	S3-727417613	S3	Sree It Limited	Sree Ít Limited	Plot No 21, Office No.101-106, First Floor, Block-G, Vardhman Chamber-Ii, Community Centre, Vikaspuri, New Delhi, West Delhi, Delhi	DL, New Delhi, Plot No 22	India	India
S1-851869949	S2-915265864	S2	Custom Wealth Services LLC	Custom Wealth LLC Partners	OH, Columbus, 5559 Orville Avenue	555 ORVILLE AVENUE, PO BOX 3877, COLUMBUS, OH	US	US
S1-851869949	S3-949828938	S3	Custom Wealth Services LLC	Custom Services LLC Services	OH, Columbus, 5559 Orville Avenue	005559 Orville Ave, Columus CDP, Ohio	US	US
S1-745450749	S2-51162005	S2	Oki Therapy (India)	OKI (N) THERAPY	12 Thakurdas Banerjee Road, Kolkata, North 24 Parganas, West Bengal		India	India
S1-235913521	S2-665657152	S2	Boyle Signature Productions LLC	boylesignatureproductionscom	524 Sherwood Drive, Maryville, TN	0524 SHERWOOD DR, MARYVILLE, TN	US	US
S1-235913521	S2-808406582	S2	Boyle Signature Productions LLC	Boyle Sígnature Productions LLC	524 Sherwood Drive, Maryville, TN	0524 SHERWOOD DR, MARYVILLE, TN	US	US
S1-235913521	S3-733999992	S3	Boyle Signature Productions LLC	Boyle Sfarture Productions LLC	524 Sherwood Drive, Maryville, TN	Tennessee, 524- Sherwood Drive, Maryville	US	US
S1-235913521	S3-861470351	S3	Boyle Signature Productions LLC	Boyle 5ignature 5ignature Productions LLC	524 Sherwood Drive, Maryville, TN	524- Sherwood Drive, Maryville, Tennessee	US	US
S1-925403791	S2-39762537	S2	12 30 Bhav	UMBRAUMBRA	50 200, Unit OFFICE, Farmington, UT	50 200, FARMINGTON, UT	US	US
S1-925403791	S2-595572022	S2	12 30 Bhav	12 30	50 200, Unit OFFICE, Farmington, UT	FARMINGTON, 50 200, UT	US	US
S1-457935815	S2-410331822	S2	Liberty Family Office PLLC	LIBERTY FAMILY OFFICE	1028 Horah Street, Salisbury, NC	HORAH STREET, SALISURY, NC	US	US
S1-457935815	S2-921287816	S2	Liberty Family Office PLLC	Liberty Family PLLC Partners	1028 Horah Street, Salisbury, NC	1028 HORAH ST, PO BOX 9354, SALISURY, NC	US	US
S1-457935815	S3-478670612	S3	Liberty Family Office PLLC	libertyfamilyoffice.com	1028 Horah Street, Salisbury, NC	1028 Horah St, Salisbury, North Carolina	US	US
S1-952136084	S2-720022842	S2	Golden Wellness International LLC	Golden International LLC [Partners]	4871 Hannover Avenue, Fl 0, Saint Louis, MO	4871 HANNOVER AVE, SAINT LOUIS, MO	US	US
S1-952136084	S2-899756617	S2	Golden Wellness International LLC	Golden Wellness LLC Partners	4871 Hannover Avenue, Fl 0, Saint Louis, MO		US	US
S1-487154804	S2-219821920	S2	Behavioral Health Medicine LLC	BEHAVIORAL HEALTH MÉDICINE (L.L.C.)	2770 163, Colorado City, TX	2770 1/2 163, COLORADO CITY, TX	US	US
S1-487154804	S3-878827913	S3	Behavioral Health Medicine LLC	Behavioral Health Medicine	2770 163, Colorado City, TX	2770 163, Colorado City, Texas	US	US
S1-487154804	S3-921829800	S3	Behavioral Health Medicine LLC	LLC Behavioral Health Mceoicine	2770 163, Colorado City, TX	Colorado City, 163, Texas	US	US
S1-487154804	S3-509542937	S3	Behavioral Health Medicine LLC	bhmédicine.com	2770 163, Colorado City, TX	2770 163, Colorado City, Texas	US	US
S1-892577020	S2-374058392	S2	Delta Project	Delta Próject	Avon, IN, 562 Dylan Drive	562 DYLAN DRIVE, IN, AVON	US	US
S1-892577020	S3-410067380	S3	Delta Project	Delta Pojdetc	Avon, IN, 562 Dylan Drive	562 Dylan Dr, Indiana, Avoon	US	US
S1-892577020	S3-586392060	S3	Delta Project	Delta Project Enterprises	Avon, IN, 562 Dylan Drive		US	US
S1-892577020	S3-471190214	S3	Delta Project	Delta Project Enterprises	Avon, IN, 562 Dylan Drive		US	US
S1-154848511	S2-842266820	S2	Land & Hightower	Land Hightower Center	2830 Bernower, Unit 8, Massillon, OH	BERNOWER, MASSILLON, OH	US	US
S1-154848511	S2-237840037	S2	Land & Hightower	Land & Hight0wer	2830 Bernower, Unit 8, Massillon, OH	BERNOWER, MASSILLON, OH	US	US
S1-589634567	S2-721478152	S2	D 5 W James LP	D 5 W James LP LP	232 Belt Boulevard, Richmond City, VA	Belt Blvd, RICHMOND CITY, VA	US	US
S1-159514912	S2-511708183	S2	Rev It Up Tavern Inc	REVITUP.COM	2490 Holt Town Road, Newport, TN	2490 HOLT TOWN RD, NEWPORT, TN	US	US
S1-159514912	S2-360866621	S2	Rev It Up Tavern Inc	Zephveratavo	2490 Holt Town Road, Newport, TN	2490 HOLT TOWN RD, NEWPORT, TN	US	US
S1-967514668	S3-474668830	S3	Chiropractic Center of Keller	Chiropractic Keller of Center	3813 Drexmore Road, Keller, TX	3813 Drexore Road, Keller, Texas	US	US
S1-948768038	S2-398185779	S2	Happy Tattoo	Happy  Tattoo (ID: 15403)	17062 Rand Drive, Fountain Hills, AZ	77062 RAND DRIVE, FOUNTAIN HILLS, AZ	US	US
S1-948768038	S3-551969084	S3	Happy Tattoo	Happy Táttoo	17062 Rand Drive, Fountain Hills, AZ		US	US
S1-948768038	S3-991888629	S3	Happy Tattoo	Onyxrizakor	17062 Rand Drive, Fountain Hills, AZ	17062-17064 Rand Dr, Fountain Hills, Arizona	US	US
S1-579617619	S2-665542215	S2	Cardiology Center LLC	CARDIOLOGY CENTER	60 Queen Street, Hempstead, NY	60-64 QUEEN ST, HEMPSTEAD, NY	US	US
S1-579617619	S2-58788523	S2	Cardiology Center LLC	Cardi0logy Center LLC	60 Queen Street, Hempstead, NY	60-64 QUEEN STREET, HEMPSTEAD, NY	US	US
S1-909955989	S2-685701568	S2	New Consultancy LLP	न्यू कंसल्टेंसी एलएलपी	Shop No. 17, Gopal Arcade Poll No. Z-27Ext, Jabalpur, Madhya Pradesh	H.NO 17, JABALPUR, मध्य प्रदेश	India	India
S1-909955989	S3-715056846	S3	New Consultancy LLP	[[Llp]] New C0nsultancy	Shop No. 17, Gopal Arcade Poll No. Z-27Ext, Jabalpur, Madhya Pradesh	Shop No. 17, Gopal Arcade Poll No. Z-27ext, Jabalpur, मध्य प्रदेश	India	India
S1-909955989	S3-239232370	S3	New Consultancy LLP	New Consultancy एलएलपी	Shop No. 17, Gopal Arcade Poll No. Z-27Ext, Jabalpur, Madhya Pradesh	मध्य प्रदेश, Jabalpur, No 17	India	India
S1-909955989	S3-46630603	S3	New Consultancy LLP	New LLP Center	Shop No. 17, Gopal Arcade Poll No. Z-27Ext, Jabalpur, Madhya Pradesh	Shop No. 17, Gopal Arcade Poll No. Z-27ext, Jabalpur, MP	India	India
S1-449072502	S2-490753666	S2	Bihar Solutions Private Limited	PRIVATE BIHAR 5ÓLUTIONS LIMITED	No.80, Balaji Avenue, Govindasamy Layout, Coimbatore South, Coimbatore, Tamil Nadu	DOOR NO 80, BALAJI AVENUE, GOVINDASAMY LAYOUT, COIMBATORE SOUTH, COIMBATORE, Tamil Nadu	India	India
S1-197922151	S2-277572592	S2	Orbelle Quality Inc	Orbelle Qnality Inc	6110 Trotting Place, Greensboro, NC	6110 TROTTING PL, GREENSBORO CDP, NC	US	US
S1-68201540	S3-509801092	S3	Marketing Balaji Label Limited	marketingbalajilabel.com	Kerala, 4Th Floor, Thiruvananthapuram, Capital Tower, Statue, Thiruvananthapuram, Trivandrum	Capital Tower, Statue, Thiruvananthapuram, Trivandrum, കേരളം, #4Th Floor, Thiruvananthapuram	India	India
S1-763496609	S2-868047179	S2	Shakti Consulting Limited	शक्ति कंसल्टिंग लिमिटेड	Flat No. 8, C Wing, Sai Tower Chs Ltd, Ambadi Road, Vasai West, Thane, Maharashtra	NO 8, THANE, Maharashtra	India	India
S1-763496609	S3-319770057	S3	Shakti Consulting Limited	शक्ति कंसल्टिंग लिमिटेड	Flat No. 8, C Wing, Sai Tower Chs Ltd, Ambadi Road, Vasai West, Thane, Maharashtra	Flta No. 8, C Wing, Sai Tower Chs Ltd, Ambadi Road, Vasai West, Thane, MH	India	India
S1-763496609	S3-510672652	S3	Shakti Consulting Limited	shakticonsulting.com	Flat No. 8, C Wing, Sai Tower Chs Ltd, Ambadi Road, Vasai West, Thane, Maharashtra	Door No 8, Thane, MH	India	India
S1-772189406	S2-702365338	S2	Cordelia Lalanne Teucrium LLC	CORDELIA LALANNE TÉUCRIUM	Millcreek, UT, 986 Olympus Ridge Cove	00986 OLYMPUS RIDGE CV, MILLCREEK, UT	US	US
S1-493059116	S2-802677520	S2	Kehoe, Crespo & Tysinger Inc.	Kehoe, Crespo Tysinger Inc. Center	64 Lions Creek Court, Noblesville, IN	IN, NOBLESVILLE, 64 Lions Creek Court	US	US
S1-2106291	S2-530719559	S2	Jai Producer Private Limited	জয় প্রডিউসার প্রাইভেট লিমিটেড	Vishalaxmipur, Ashram More 24 Kakdweep Parganas South Wb, Kakdweep, Parganas South, West Bengal	VISHALAXMIPUR, KAKDWEEP, PARGANAS SOUTH, West Bengal	India	India
S1-939880982	S2-126830779	S2	Montiq Treasury LLC	MONTIQ LLC SERVICE	Columbus, IN, 735 Whitfield Drive	735 WHITFIELD DRIVE, COLUMBUS, IN	US	US
S1-891130183	S3-582732774	S3	Bright Media Pvt Ltd	ब्राइट मीडिया प्रा. लि.	House-045, Baraipatti Baban Rai'S, Gopalganj, Bihar	House-045, Gopalganj, BR	India	India
S1-829420372	S3-601412026	S3	Dental Physicians LLC	Dental Phybcsians LLC	245 Indian Lake Boulevard, Unit E308, Hendersonville, TN		US	US
S1-373457471	S3-587070664	S3	Vadodara Finance Private Limited	vadodarafinance.com	Ark 04Th Floor Subplot No1 Of Plot No A/27, 28 & B/ 29-32 Part Shri Krishna Ind Estate Opp B, Idc Gorwa, Vadodara, Gujarat	Ark 04Th Flor Subplot No1 Of Plot No A/27, 28 & B/ 29-32 Part Shri Krishna Ind Estate Opp B, Idc Gorwa, Vadodara, GJ	India	India
S1-947119891	S2-164888409	S2	Prairie Initiative	PRAIRIEINITIATIVE.COM	15 Bellview Avenue, Brookhaven, NY	#1 BELLVIEW AVENUE, BROOKHAVEN, NY	US	US
S1-547546143	S2-321723977	S2	Delhi It Private Limited	DELHI IT PRIVATE LTD	West Delhi, G-106, Nandram Park Uttam Nagar, Delhi	G-106, NANDRAM PARK UTTAM NAGAR, DELHI, Delhi	India	India
S1-272502295	S2-831592436	S2	Hadria Rice Creative Industries LLC	HRCREATIVE.COM	47-25 170 Street, Fresh Meadows, NY	47-25 170 ST, FRESH MEADOWS, NY	US	US
S1-272502295	S3-594844443	S3	Hadria Rice Creative Industries LLC	Hadriaricecreative.Com	47-25 170 Street, Fresh Meadows, NY	170 Street, Fresh Meadows, New York	US	US
S1-196127879	S2-268832702	S2	Atlantic Diamond Social	ATLANTIC DIAMOND SOCIAL CORP	4309 Feather Dalea Avenue, Albuquerque, NM	430 Feather Dalea Ave, ALBUQUERQUE, NM	US	US
S1-223621109	S2-262241482	S2	Pioneer Projects LLP	पायोनियर प्रोजेक्ट्स एलएलपी	Rohtak, Khewat No. 93, Kh No 197, Rajender Nagar, Plot No 12, Haryana	PLOT NO G-12, KHEWAT NO. 93, KH NO 197, RAJENDER NAGAR, ROHTAK, हरियाणा	India	India
S1-223621109	S3-15370997	S3	Pioneer Projects LLP	Pioneer  Plocits LLP	Rohtak, Khewat No. 93, Kh No 197, Rajender Nagar, Plot No 12, Haryana	Plot No 12, Haryana, Rohtak, HR	India	India
S1-223621109	S3-548341368	S3	Pioneer Projects LLP	>> Pioneer Pjecst LLP	Rohtak, Khewat No. 93, Kh No 197, Rajender Nagar, Plot No 12, Haryana	Plot No 12, Haryana, Rohtak, HR	India	India
S1-524463249	S2-106991844	S2	Zeex Worldwide Inc	Zeex Inc Center	3622 Davis Street, Conroe, TX	3622. DAVIS STREET, TX, CONROE	US	US
S1-987779515	S2-153940374	S2	Landeros, Liza N., D.C.	Landeros, Landeros, Liza D.C. Center	3400 Country Club Road, Tucson, AZ	TCUSON, AZ, 3400 COUNTRY CLUB ROAD	US	US
S1-987779515	S3-306589361	S3	Landeros, Liza N., D.C.	Landeros, Lmaz N., D.C.	3400 Country Club Road, Tucson, AZ	3400 Country Club Rd, Tucson, Arizona	US	US
S1-271585788	S2-139796834	S2	Tirupati Power	तिरुपति पावर	West Delhi, Wz-2D, New Delhi, Nangli Zalib B-1 Janak Puri, Delhi	WZ-2D, NANGLI ZALIB B-1 JANAK PURI, WEST DELHI, NEW DELHI, Delhi	India	India
S1-271585788	S3-219339349	S3	Tirupati Power	तिरुपति पावर	West Delhi, Wz-2D, New Delhi, Nangli Zalib B-1 Janak Puri, Delhi	Wz-2d, West Delhi, DL, New Delhi	India	India
S1-557464657	S2-729358614	S2	Doiron & Alvarez Token LLC	Doiron & Afcvz Token LLC	17607 Lake Melford Avenue, Bowie, MD		US	US
S1-557464657	S3-219424314	S3	Doiron & Alvarez Token LLC	Doiron & A1varez Token LLC	17607 Lake Melford Avenue, Bowie, MD	Lake Melford Avenue, Bowie, Maryland	US	US
S1-350560084	S2-458187946	S2	Yukti (India) Fruits Private Limited	Yukti (India) Fruits [Prívate]	Pakkan House Keecheri, Pappinisseri P.O., Valiapatanam, Kannur, Kerala	DOOR NO 37 PAKKAN HOUSE KEECHERI, PAPPINISSERI P.O., VALIAPATANAM, കേരളം	India	India
S1-467198990	S2-855198038	S2	National Kensington	nationalkensington.com	114 3rd Street, West Terre Haute, IN	114 THIRD ST, IN, WEST TERRE HAUTE	US	US
S1-467198990	S3-367123111	S3	National Kensington	National Service	114 3rd Street, West Terre Haute, IN		US	US
S1-467198990	S3-79855146	S3	National Kensington	National-Center	114 3rd Street, West Terre Haute, IN	114 3nd Street, West Terre Haute, Indiana	US	US
S1-289853373	S2-241168038	S2	Dynamic Investment Pvt Ltd	डायनामिक इन्वेस्टमेंट प्रा. लि.	Flat No.A 202, Swapnadeep Apartment Kacheri Road, Near Station, Karjat, Raigarh, Maharashtra	FLAT NO.A 202, SWAPNADEEP APARTMENT KACHERI ROAD, NEAR STATION, KARJAT, KARJAT  MUMBAI, Maharashtra	India	India
S1-289853373	S2-795503055	S2	Dynamic Investment Pvt Ltd	डायनामिक इन्वेस्टमेंट प्रा. लि.	Flat No.A 202, Swapnadeep Apartment Kacheri Road, Near Station, Karjat, Raigarh, Maharashtra	RAIGARH, Maharashtra, KARJAT  MUMBAI, SWAPNADEEP APARTMENT KACHERI ROAD, NEAR STATION, FLAT NO.A 202	India	India
S1-133037285	S2-407207105	S2	Christ Chapel	Christ [Chape1]	2100 Cameron Drive, Unit APARTMENT G, Dundalk, MD	2100 CAMERON DR, DUNDALK, MD	US	US
S1-133037285	S3-33144658	S3	Christ Chapel	Christ Center	2100 Cameron Drive, Unit APARTMENT G, Dundalk, MD	210 Cameron Dr, # Apartment G, Dundalk, Maryland	US	US
S1-328105321	S2-418264359	S2	Saint Louis Ligand	Saint Louis Lisdnd	Unit APT A, MO, 43 Joyce Ellen Lane, Saint Louis	JOYCE ELLEN LANE, SAINT LOUIS, MO	US	US
S1-328105321	S3-254879638	S3	Saint Louis Ligand	Saint Lóuis Ligand	Unit APT A, MO, 43 Joyce Ellen Lane, Saint Louis	43 Joyce Ellen Ln, Unit APT A, Saint Louis, Missouri	US	US
S1-28205922	S3-368374810	S3	Green Aerospace Company	greenaerospace.com - 4465701978	Richmond, KY, 613 Beaumont Court	613 Beaumont Ct, Richmond, Kentucky	US	US
S1-979509841	S2-525768036	S2	Golden Medical Alliance	Golden-Medaicl Alliance	307 Riggs Road, Unit 419, Washington, DC	307 RIGGS RD, WASHINGTON, DC	US	US
S1-979509841	S3-563445250	S3	Golden Medical Alliance	6olden Medical Álliance	307 Riggs Road, Unit 419, Washington, DC	307-309 Riggs Road, # 419, Washington, District of Columbia	US	US
S1-164240371	S2-60257526	S2	Family Association	Family Assoniation	OH, Fl 3, Columbus, 5059 Enclave Boulevard	OH, COLUMBUS, 5059 ENCLAVE BLVD	US	US
S1-164240371	S3-565742141	S3	Family Association	Family [Services]	OH, Fl 3, Columbus, 5059 Enclave Boulevard	Ohio, Floor 3, Westerville Citty, 5059 Enclave Blvd	US	US
S1-398602742	S2-254331857	S2	Behavioral Health Partners of Cary	Behavioral Partners of Cary Cary Partners	72 Bright Oaks Circle, Cary, IL	0072 BRIGHT OAKS CIRCLE, CARY, IL	US	US
S1-398602742	S3-716744007	S3	Behavioral Health Partners of Cary	Behavioral Health Partners	72 Bright Oaks Circle, Cary, IL	72 Bright Oaks Cir, Cary, Illinois	US	US
S1-398602742	S3-700326165	S3	Behavioral Health Partners of Cary	behavioralhealthpartners.com	72 Bright Oaks Circle, Cary, IL	72 Bright Oaks Cir, Cary, Illinois	US	US
S1-926018314	S3-840580350	S3	X T Weinstein Painting	X T Weinstein Páinting	8049 Bay Bend Drive, Willis, TX	8049 Bay Bend Dr, Willis, Texas	US	US
S1-133868991	S2-484840897	S2	Hyderabad-7. Travels Public Limited	HYDERABAD-7. TRAVELS PUBLIC LTD	Telangana, Andhra Pradesh, H.No.2-98/3, 10-B, Block B, Kakateeyaagar Habsiguda, Hyderabad-7.	Telangana, H.NO.2-98/3, 10-B, BLOCK B, KAKATEEYAAGAR HABSIGUDA, HYDERABAD-7.	India	India
S1-133868991	S2-209534171	S2	Hyderabad-7. Travels Public Limited	Pub1ic Hyderabad-7. Thhas Limited	Telangana, Andhra Pradesh, H.No.2-98/3, 10-B, Block B, Kakateeyaagar Habsiguda, Hyderabad-7.	NO 2-98/3, 10-B, BLOCK B, KAKATEEYAAGAR HABSIGUDA, HYDERABAD-7., ANDHRA PRADESH, తెలంగాణ	India	India
S1-211026051	S2-15046666	S2	Gandhinagar Trading Private Limited	GTPRIVATE.COM	B 306 Swagat Rainforest 2, Koba - Kudasan Highway Opp. Swaminarayan Dham, Kudasan, Gandhinagar, Gandhinagar, Gandhi Nagar, Gujarat	B 306 SWAGAT RAINFOREST 2, GANDHINAGAR, GANDHI NAGAR, Gujarat	India	India
S1-211026051	S2-160973668	S2	Gandhinagar Trading Private Limited	Ariabrix	B 306 Swagat Rainforest 2, Koba - Kudasan Highway Opp. Swaminarayan Dham, Kudasan, Gandhinagar, Gandhinagar, Gandhi Nagar, Gujarat	B 306 SWAGAT RAINFOREST 2, GANDHI NAGAR, GANDHINAGAR, ગુજરાત	India	India
S1-356020591	S3-915599795	S3	Essy Reed Royal Internet LLC	Essy Reed Róyal Internet LLC	9889 Kent Street, Elk Grove, CA	California, Elk Grove, #9629 Kent St	US	US
S1-356020591	S3-322334586	S3	Essy Reed Royal Internet LLC	Essy Reed Royal Ínternet LLC	9889 Kent Street, Elk Grove, CA	#9629 Kent Street, Elk Grove, California	US	US
S1-399029451	S2-109155437	S2	Global Builders Private Limited	ग्लोबल बिल्डर्स प्राइवेट लिमिटेड	4805/24 Fourth Floor Pvt-2, 24.Bharat Ram Road Darya Ganj, Delhi, Central Delhi, Delhi	4805/24. FOURTH FLOOR PVT-2, CENTRAL DELHI, Delhi	India	India
S1-399029451	S3-900851502	S3	Global Builders Private Limited	ग्लोबल बिल्डर्स प्राइवेट लिमिटेड	4805/24 Fourth Floor Pvt-2, 24.Bharat Ram Road Darya Ganj, Delhi, Central Delhi, Delhi	805/24 Fourth Floor Pvt-2, Central Delhi, Delhi, DL	India	India
S1-627864371	S2-322265258	S2	Oncology Associates LLC	Oncology Associates	708 Timber Lane, Midwest City, OK	708 TIMBER LN, MIDWEST CITY, OK	US	US
S1-627864371	S3-41338920	S3	Oncology Associates LLC	Oncology Associates	708 Timber Lane, Midwest City, OK	708D Timber Lane, Midwest City, Oklahoma	US	US
S1-627864371	S3-928852337	S3	Oncology Associates LLC	Oncology Ansoadftas LLC	708 Timber Lane, Midwest City, OK	708D Timber Lane, Midwest City, Oklahoma	US	US
S1-627864371	S3-910484734	S3	Oncology Associates LLC	Oncology Asoiaes [LLC]	708 Timber Lane, Midwest City, OK	Timber Lane, Midwest City, Oklahoma	US	US
S1-149887453	S2-130112230	S2	International August Heights Public Limited	IAHEIGHTS.COM	Plno.7, Srushti Bangalow, Srno.119/4, Opp.My World, Haveli, Pune, Maharashtra	PLNO.7, SRUSHTI BANGALOW, SRNO.119/4, OPP.MY WORLD, HAVELI, BANER, Maharashtra	India	India
S1-149887453	S3-552404073	S3	International August Heights Public Limited	International Agucltst Heights Public Limited	Plno.7, Srushti Bangalow, Srno.119/4, Opp.My World, Haveli, Pune, Maharashtra	Plno.7, Haveli, Pune, MH	India	India
S1-316795088	S3-984643584	S3	Pioneer Express Allspring Care	Píoneerexpressallspring.Com	100 Private Road 113, Rio Vista, TX	#100 Private Road 113, RO Vista, Texas	US	US
S1-419483044	S2-708439842	S2	King Aria LLC	King LLC [Partners]	215 Grand Avenue, Unit Apartment 609, Old Orchard Beach, ME	GRAND AVENUE, OLD ORCHARD BEACH, ME	US	US
S1-419483044	S2-497881051	S2	King Aria LLC	kingaria.com	215 Grand Avenue, Unit Apartment 609, Old Orchard Beach, ME	00215 GRAND AVE, OLD ORCHARD BEACH, ME	US	US
S1-626914593	S2-563003232	S2	Unified Choice Dynamix	Unified Choice Dynamx	Unit BUILDING 3030, MD, 2701 Eastern Boulevard, Middle River	MIDDLE RIVER, 2701 Eastern Blvd, MD	US	US
S1-626914593	S3-594660686	S3	Unified Choice Dynamix	Unified Choice Center	Unit BUILDING 3030, MD, 2701 Eastern Boulevard, Middle River	2701-A Eastern Boulevard, Unit Building 3030, Middle River, Maryland	US	US
S1-823731657	S2-199585550	S2	CLI Taxable LLC	CLI Taxobie LLC	13274 Highway 51, Unit 5, Atoka, TN	13274. HIGHWAY 51, ATOKA, TN	US	US
S1-823731657	S2-679692635	S2	CLI Taxable LLC	LLC CLI TARGLBLE	13274 Highway 51, Unit 5, Atoka, TN	HIGHWAY 51, ATOKA, TN	US	US
S1-823731657	S3-213484521	S3	CLI Taxable LLC	Center CLI LLC	13274 Highway 51, Unit 5, Atoka, TN	13274 Highway 51, # 5, Atoka, Tennessee	US	US
S1-823731657	S3-724585046	S3	CLI Taxable LLC	LLC CLI Txbe	13274 Highway 51, Unit 5, Atoka, TN	# 5, Tennessee, 13274 Highway 51, Atoka	US	US
S1-823731657	S3-112268045	S3	CLI Taxable LLC	clitaxable.com	13274 Highway 51, Unit 5, Atoka, TN	13274 Highway 51, Atoka, Tennessee	US	US
S1-859252896	S2-411261374	S2	Rev It Up Ice Cream	Lyrawex	8304 Rolling Hills Drive, Nixa, MO	8304 ROLLING HDLLS DRIVE, NXA CITY, MO	US	US
S1-859252896	S2-284342366	S2	Rev It Up Ice Cream	revitup.com	8304 Rolling Hills Drive, Nixa, MO	MO, 8304 ROLLING HILLS DRIVE, NXA CITY	US	US
S1-859252896	S3-373092726	S3	Rev It Up Ice Cream	Rev It It Up Ice	8304 Rolling Hills Drive, Nixa, MO	8304 Rolling Hills Drive, Nixa, Missouri	US	US
S1-785336105	S3-363331884	S3	Gambhir Trust	gtrust.com	8/496, Trichy Road, Coimbatore, Tamil Nadu	H.no 358 8/496, Coimbatore, தமிழ்நாடு	India	India
S1-745218864	S3-442108469	S3	Yodha Associates Private Limited	Yodha Private  Limited Center	M.A. Sarani, Bisharpara, North 24 Paraganas, North 24 Parganas, West Bengal	M.a. Sarani, Bisharpara, North 24 Parganas, পশ্চিমবঙ্গ	India	India
S1-430604402	S3-517568875	S3	Countryman Oxford Inc	Countryman Óxford Ínc	12360 502, Unit Gw2h, Venus, TX	12360 502, # Gw2h, Venus, Texas	US	US
S1-460146213	S2-452425018	S2	Gujarat Business LLP	గుజరాత్ బిజినెస్ ఎల్‌ఎల్‌పీ	1-3-183/40/46/5, Gandhi Nagar Hyderabad., Andhra Pradesh, Telangana	1-3-183/40/46/5, ANDHRA PRADESH, GANDHI NAGAR HYDERABAD., Telangana	India	India
S1-460146213	S3-798436937	S3	Gujarat Business LLP	Gujarat LLP-Partners	1-3-183/40/46/5, Gandhi Nagar Hyderabad., Andhra Pradesh, Telangana	Gandhi Nagar Hyderabad., 1-3-183/40/46/5., Andhra Pradesh	India	India
S1-460146213	S3-624868438	S3	Gujarat Business LLP	Shri @Gújaratbusiness	1-3-183/40/46/5, Gandhi Nagar Hyderabad., Andhra Pradesh, Telangana	1-3-183/40/46/5., Gandhi Nagar Hyderabad., Andhra Pradesh	India	India
S1-335478469	S3-103297781	S3	Audy Parker Blue Yield Corp	audyparkerblue.com	1064 Dwarf Lane, Bedford County, VA	Dwarf Ln, <NULL>, Bedford County, Virginia	US	US
S1-335478469	S3-757049552	S3	Audy Parker Blue Yield Corp	Apblue.Com	1064 Dwarf Lane, Bedford County, VA	Dwarf Lane, <NULL>, Bedford County, Virginia	US	US
S1-974991176	S3-766777210	S3	Fresh Certified Ashford-Leesburg	Fresh Certified Alshfor-Rletesbtrg	30 Ems T7A Lane, Leesburg, IN	30 Ems T7A Lane, Lesburg, Indiana	US	US
S1-974991176	S3-932406727	S3	Fresh Certified Ashford-Leesburg	Fresh Cértified Ashford-Leesburg	30 Ems T7A Lane, Leesburg, IN	30 Ems T7A Ln, Indiana, Lesburg	US	US
S1-613445780	S2-849012871	S2	Radhey Advisors	radheyadvisors.com	M-18 And M-19 Half Ground Floor, Connaught Circus, New Delhi, Central Delhi, Delhi	M-18 AND M-19 HALF GRDUND FLOOR, CONNAUGHT CIRCUS, NEW DELHI, Delhi	India	India
S1-613445780	S3-215009222	S3	Radhey Advisors	Radhey [Center]	M-18 And M-19 Half Ground Floor, Connaught Circus, New Delhi, Central Delhi, Delhi	Plot 9-39 M-18 And M-19 Half Ground Floor, Connaught Circus, New Delhi, Central Delhi, DL	India	India
S1-459696014	S2-724357562	S2	Arihant Builders Private Limited	अरिहंत बिल्डर्स प्राइवेट लिमिटेड	11A, Lic Office Ke Piche Indra Nagar, Dibiyapur, Auraiya, Etawa, Uttar Pradesh	11A, AURAIYA, ETAWA, Uttar Pradesh	India	India
S1-459696014	S2-629751128	S2	Arihant Builders Private Limited	Arihant Bulcders Private Limited	11A, Lic Office Ke Piche Indra Nagar, Dibiyapur, Auraiya, Etawa, Uttar Pradesh	11A, LIC OFFICE KE PICHE INDRA NAGAR, DIBIYAPUR, AURAIYA, Uttar Pradesh	India	India
S1-426033453	S2-234636083	S2	Madurai- 14 Seeds Private Limited	Madurai-14 5eeds Private Private Limited	12-5/73, Nethaji Iind Street, Viswanathapuram Madurai- 14, Madurai- 14, Madurai, Tamil Nadu	12-5/73, NETHAJI IIND STREET, VISWANATHAPURAM MADURAI- 14, MADURAI- 14, தமிழ்நாடு	India	India
S1-426033453	S3-626254589	S3	Madurai- 14 Seeds Private Limited	MADURAI- MADURAI- 14 SEEDS PRIVATE LIMITED	12-5/73, Nethaji Iind Street, Viswanathapuram Madurai- 14, Madurai- 14, Madurai, Tamil Nadu	12-5/73, Madurai, TN	India	India
S1-609062608	S2-832976130	S2	Surya Investment	ಸೂರ್ಯ ಇನ್ವೆಸ್ಟ್‌ಮೆಂಟ್	No. B-1803, 18Th Floor Ebony Block, Salarpuria Sattva Greenage, Bengaluru, Bangalore, Karnataka	PLOT 906 NO. B-1803, BANGALORE, Karnataka	India	India
S1-609062608	S2-132383100	S2	Surya Investment	ಸೂರ್ಯ ಇನ್ವೆಸ್ಟ್‌ಮೆಂಟ್	No. B-1803, 18Th Floor Ebony Block, Salarpuria Sattva Greenage, Bengaluru, Bangalore, Karnataka	PLOT 906 NO. B-1803, BANGALORE, 18TH FLOOR EBONY BLOCK, SALARPURIA SATTVA GREENAGE, BANGALORE, ಕರ್ನಾಟಕ	India	India
S1-609062608	S3-380125584	S3	Surya Investment	*** Surya Center	No. B-1803, 18Th Floor Ebony Block, Salarpuria Sattva Greenage, Bengaluru, Bangalore, Karnataka	No 256 No. B-1803, 18Th Floor Ebony Block, Salarpuria Sattva Greenage, Bangalore, Begur, ಕರ್ನಾಟಕ	India	India
S1-609062608	S3-420083497	S3	Surya Investment	Mr Surya Surya Service	No. B-1803, 18Th Floor Ebony Block, Salarpuria Sattva Greenage, Bengaluru, Bangalore, Karnataka		India	India
S1-609062608	S3-547987157	S3	Surya Investment	ಸೂರ್ಯ ಇನ್ವೆಸ್ಟ್‌ಮೆಂಟ್	No. B-1803, 18Th Floor Ebony Block, Salarpuria Sattva Greenage, Bengaluru, Bangalore, Karnataka	#256 No. B-1803, Bengaluru, Banglore, ಕರ್ನಾಟಕ	India	India
S1-63975497	S3-108066636	S3	VM Commerce LLC	VM Commoe LLC	4516 Oak Drive, City Of La Crosse, WI	04516 Oak Drive, La Crosse, Wisconsin	US	US
S1-96384267	S2-969855661	S2	Bharat Construction Private Limited	ಭಾರತ್ ಕನ್‌ಸ್ಟ್ರಕ್ಷನ್ ಪ್ರೈವೇಟ್ ಲಿಮಿಟೆಡ್	325, Mico Layout, N.S.Palya, Bangalore-34., Bangalore, Karnataka	325, BANGALORE-34., BANGALORE, Karnataka	India	India
S1-96384267	S3-612454592	S3	Bharat Construction Private Limited	8harat-Construction Private Limited	325, Mico Layout, N.S.Palya, Bangalore-34., Bangalore, Karnataka	25, Bangalore-34., Bangalore, ಕರ್ನಾಟಕ	India	India
S1-96384267	S3-683242729	S3	Bharat Construction Private Limited	Bharat	325, Mico Layout, N.S.Palya, Bangalore-34., Bangalore, Karnataka	Mico Layout, N.S.Palya, 325, Bangalore-34., Bangalore, Karnataka	India	India
S1-888660595	S2-268350287	S2	Raheja Estates Limited	RAHEJA ESTATES	Zahid Manzil, Maharashtra, Mumbai, Mumbai City, Plot No.2, Shop No.7, Kkg Marg, Off Juhu Road, Opp Royal Hotel	ZAHID MANZIL, PLOT NO.2, SHOP NO.7, KKG MARG, OFF JUHU ROAD, OPP ROYAL HOTEL, MUMBAI, महाराष्ट्र	India	India
S1-564193651	S2-179194085	S2	First Textile Partners LLC	FIRST TEXTILE PARTNERS	27081 Shirley Avenue, Euclid, OH	27081 SHIRLEY AVE, EUCLID, OH	US	US
S1-564193651	S2-600494993	S2	First Textile Partners LLC	First Texti1e Partners LLC	27081 Shirley Avenue, Euclid, OH	27081 SHIRLEY AVE, EUCLID, OH	US	US
S1-564193651	S2-318608874	S2	First Textile Partners LLC	FIRST PARTNERS TEXTILE LLC	27081 Shirley Avenue, Euclid, OH	OH, EUCLID, 27081 SHIRLEY AVENUE	US	US
S1-300031623	S2-676401304	S2	City It Limited	सिटी आईटी लिमिटेड	I-110Mayapuri Indl Area Phase-Ii, New Delhi, West Delhi, Delhi	NEW DELHI, WEST DELHI, H.NO 738 I-110MAYAPURI INDL AREA PHASE-II, दिल्ली	India	India
S1-300031623	S2-52719775	S2	City It Limited	सिटी आईटी लिमिटेड	I-110Mayapuri Indl Area Phase-Ii, New Delhi, West Delhi, Delhi	Delhi, NEW DELHI, H.NO 738 I-110MAYAPURI INDL AREA PHASE-II, WEST DELHI	India	India
S1-300031623	S3-394350891	S3	City It Limited	cityit.com	I-110Mayapuri Indl Area Phase-Ii, New Delhi, West Delhi, Delhi	I-110mayapuri Indl Area Phase-ii, New Delhi, West Delhi, DL	India	India
S1-298951977	S2-352426870	S2	Family Associates of New Hartford	Family Ássociates of New Hartford	20 Canterbury Road, New Hartford, NY	20C CANTERBURY ROAD, NEW HARTFORD, NY	US	US
S1-856667356	S2-442224793	S2	Laxmi Services Limited	ਲਕਸ਼ਮੀ ਸਰਵਿਸਿਜ਼ ਲਿਮਟਿਡ	W/O Balwinder Ram, Shop No. 5 Railway Road, Garhshankar, Hoshiarpur, Punjab	HOSHIARPUR, W/O BALWINDER RAM, HOSHIARPUR, Punjab	India	India
S1-856667356	S2-686734476	S2	Laxmi Services Limited	SERVICES LAXMI LIMITED	W/O Balwinder Ram, Shop No. 5 Railway Road, Garhshankar, Hoshiarpur, Punjab	W/O BALWINDER RAM, SHOP NO. 5 RAILWAY ROAD, HOSHIARPUR, Punjab	India	India
S1-856667356	S2-415522825	S2	Laxmi Services Limited	Pyrawexdova	W/O Balwinder Ram, Shop No. 5 Railway Road, Garhshankar, Hoshiarpur, Punjab	W/O BALWINDER RAM, SHOP NO. 5 RAILWAY ROAD, HOSHIARPUR, Punjab	India	India
S1-520710871	S2-643216318	S2	Laxmi Constructions Pvt Ltd	PVT LAXMI CONSTRUCTIONS LIMITED	Wz-9B, Ff, Near King&Queen, Meenakshi Garden, New Delhi, West Delhi, Delhi	WZ-9B, FF, NEAR KING&QUEEN, MEENAKSHI GARDEN, NEW DELHI, WEST DELHI, दिल्ली	India	India
S1-535605149	S2-751164711	S2	Supreme Engineering LLP	सुप्रीम इंजीनियरिंग एलएलपी	Shop-04, Gut-41/2, Plot-3/A, 3/B, Pratham Park, Panvel, Raigarh(Mh), Maharashtra	SHOP-1-04, RAIGARH(MH), Maharashtra	India	India
S1-535605149	S3-426905497	S3	Supreme Engineering LLP	Bríxcira	Shop-04, Gut-41/2, Plot-3/A, 3/B, Pratham Park, Panvel, Raigarh(Mh), Maharashtra	MH, Gut-41/2, Plot-3/a, 3/B, Pratham Park, null, Shop-04, Panvel	India	India
S1-608967311	S2-909334791	S2	Dimond & Sons Private Limited	DIMOND &-LIMITED PRIVATE SONS	73, 6 Th Cross, Ramachandrappa Layout, Bangalore, Karnataka	BLOCK C-654 73, 6 TH CROSS, RAMACHANDRAPPA LAYOUT, BANGALORE, Karnataka	India	India
S1-922994065	S2-436384186	S2	Amethi Finance Limited	AMETHI FINANCE	Amethi, Uttar Pradesh, Sultanpur, C/O Narsingh Yadav Ramganj Ram Awadh Rampur Ramganj	H.NO A-888 C/O NARSINGH YADAV RAMGANJ RAM AWADH RAMPUR RAMGANJ, AMETHI, Uttar Pradesh	India	India
S1-947431711	S2-405363814	S2	Halcium Fisheries	halcium fisheries fisheries	713 W First St, Madrid, IA	IA, 713 WEST FIRST ST, MADRID	US	US
S1-947431711	S3-47883319	S3	Halcium Fisheries	Halcium Fihies	713 W First St, Madrid, IA		US	US
S1-710909094	S3-17904782	S3	Halley Parker American Corporation	Nylatavo	4502 Indian School Road, Unit 221, Phoenix, AZ	4502 Indian School Rd, PMB 9847, Arcadia, Arizona	US	US
S1-710909094	S3-57569233	S3	Halley Parker American Corporation	Halley Parker	4502 Indian School Road, Unit 221, Phoenix, AZ	4502 Indian School Road, # 221, Arcadia, Arizona	US	US
S1-682041645	S2-417273937	S2	Pune Builders Public Limited	Pune Public Limited Service	Pune, Maharashtra, S.No.10/2B, Pune, Sapkal Wasti	S.NO.10/2B, SAPKAL WASTI, PUNE, Maharashtra	India	India
S1-682041645	S3-911259641	S3	Pune Builders Public Limited	Pune Builders Public	Pune, Maharashtra, S.No.10/2B, Pune, Sapkal Wasti	S.no.10/2b, Sapkal Wasti, Pune, Tathawade, MH	India	India
S1-682041645	S3-752876319	S3	Pune Builders Public Limited	Pune Builders Public  Ltd	Pune, Maharashtra, S.No.10/2B, Pune, Sapkal Wasti	S.no.10/2b, Sapkal Wasti, Pune, Tathawade, MH	India	India
S1-682041645	S3-247347076	S3	Pune Builders Public Limited	Pune Builders Public Ltd	Pune, Maharashtra, S.No.10/2B, Pune, Sapkal Wasti	S.no.10/2b, Sapkal Wasti, Pune, Tathawade, महाराष्ट्र	India	India
S1-893733254	S2-178766575	S2	Om Industries Limited	Om Inbaustrbios Limited	502 Gupta Bhavan, Plot 64B Sant Tukdoji Maharaj Rd, Carnac Bunder, Ch, Inchbunder, Mumbai, Mumbai City, Maharashtra	DOOR NO 502. GUPTA BHAVAN, PLOT 64B SANT TUKDOJI MAHARAJ RD, CARNAC BUNDER, CH, INCHBUNDER, MUMBAI, Maharashtra	India	India
S1-942221484	S2-981271757	S2	Healthcare Janki Nutrition Pvt. Ltd.	Ltd. Healthcare Janki Pvt. Center	Kalasandesh, Bharatkunj - 2, 19/38, Erandwana, Pune, Maharashtra	KALASANDESH, BHARATKUNJ - 2, 19/38, ERANDWANA, PUNE, महाराष्ट्र	India	India
S1-663284662	S2-578505180	S2	Krishna Infra Private Limited	#krishnainfra	24/1/1, Alipore Road, 3Rd Floor, Kolkata, Kolkata, Howrah, West Bengal	24/1/1, ALIPORE ROAD, 3RD FLOOR, KOLKATA, KOLKATA, পশ্চিমবঙ্গ	India	India
S1-663284662	S3-203875542	S3	Krishna Infra Private Limited	কৃষ্ণ ইনফ্রা প্রাইভেট লিমিটেড	24/1/1, Alipore Road, 3Rd Floor, Kolkata, Kolkata, Howrah, West Bengal	24/1/1, Alipore Road, 3Rd Floor, Kolkata, Kolkata, Howrah, পশ্চিমবঙ্গ	India	India
S1-549612411	S2-493572232	S2	Loex Maritime PC	Lumdovajax	Philipsburg, Unit CARRIAGE HSE - APT C, 51 Rocking J Ranch Lane, MT	51 ROCKING J RANCH LN, PHILIPSBURG, MT	US	US
S1-549612411	S3-282905933	S3	Loex Maritime PC	PC Loex Maeiime	Philipsburg, Unit CARRIAGE HSE - APT C, 51 Rocking J Ranch Lane, MT	51 Rocking J Ranch Ln, Unit Carriage HSE - APT C, Philipsburg, Montana	US	US
S1-63266922	S2-702144243	S2	Lloyd Youth Services	LLOYD YOUTH SÉRVICES	15 Caleb Crossing, Lloyd, NY	15- CALEB XING, LLOYD, NY	US	US
S1-63266922	S2-669009722	S2	Lloyd Youth Services	Services Lloyd Center	15 Caleb Crossing, Lloyd, NY	15- CALEB CROSSING, HIGHLAND, NY	US	US
S1-7040061	S2-983983663	S2	South Tech Private Limited	సౌత్ టెక్ ప్రైవేట్ లిమిటెడ్	Sy No. 172, Plot No. 2-56, Anantharam Village, Gummadidala Mandal, Sangareddy, Medak, Telangana	SANGAREDDY, MEDAK, Telangana, SY NO. 172	India	India
S1-7040061	S2-621269051	S2	South Tech Private Limited	సౌత్ టెక్ ప్రైవేట్ లిమిటెడ్	Sy No. 172, Plot No. 2-56, Anantharam Village, Gummadidala Mandal, Sangareddy, Medak, Telangana	PLOT NO. 2-56, ANANTHARAM VILLAGE, GUMMADIDALA MANDAL, SANGAREDDY, Telangana, MEDAK, SY NO. 172	India	India
S1-7040061	S3-514292379	S3	South Tech Private Limited	సౌత్ టెక్ ప్రైవేట్ లిమిటెడ్	Sy No. 172, Plot No. 2-56, Anantharam Village, Gummadidala Mandal, Sangareddy, Medak, Telangana	Medak, TG, Sy No. 172, Sangareddy	India	India
S1-238106423	S3-891444807	S3	Steelworkers Local 22 Clinic	Steelworkers Local 22 Clínic (ID: 78198)	1709 Washougal River Road, Washougal, WA	1709 Washougal River Road, Washugal CDP, Washington	US	US
S1-51101506	S2-301806680	S2	Krishna Media Pvt Ltd	കൃഷ്ണാ മീഡിയ പ്രൈവറ്റ് ലിമിറ്റഡ്	House No. 8.64, Kva House Naduvattom - Karinkallthani Road Ayilakkad Po, Malappuram, Malappuram, Malapuram, Kerala	MALAPPURAM, കേരളം, KVA HOUSE NADUVATTOM - KARINKALLTHANI ROAD AYILAKKAD PO, MALAPPURAM, HOUSE NO. 7.64	India	India
S1-51101506	S2-292920646	S2	Krishna Media Pvt Ltd	കൃഷ്ണ മീഡിയ പ്രൈവറ്റ് ലിമിറ്റഡ്	House No. 8.64, Kva House Naduvattom - Karinkallthani Road Ayilakkad Po, Malappuram, Malappuram, Malapuram, Kerala	HOUSE NO. 7.64, MALAPURAM, MALAPPURAM, Kerala	India	India
S1-864658047	S2-507396071	S2	Radhekrishna & Co	Radhekrishna &	958 Nana Peth Melani Park Flat No A 3, Pune, Maharashtra	Maharashtra, NO 1-958 NANA PETH MELANI PARK FLAT NO A 3, PUNE	India	India
S1-864658047	S2-513033380	S2	Radhekrishna & Co	M/s Radhekrishna &	958 Nana Peth Melani Park Flat No A 3, Pune, Maharashtra	1-958 NANA PETH MELANI PARK FLAT NO A 3, PUNE, Maharashtra	India	India
S1-864658047	S3-851215902	S3	Radhekrishna & Co	radhekrishna.com	958 Nana Peth Melani Park Flat No A 3, Pune, Maharashtra	#958 Nana Peth Melani Park Flat No A 3, Pune, MH	India	India
S1-757082720	S3-523780726	S3	Urology Regional Clinic	regionalclinicurology.com	50085 288, Young, AZ	50085-B 288, Young, Arizona	US	US
S1-391141182	S2-213904594	S2	East Beyond	East Bey0nd	2950 Dothan Street, Memphis, TN	2950 DOTHAN SAINT, MEMPHIS, TN	US	US
S1-898279595	S2-72739055	S2	Star Enterprises Pvt Ltd	स्टार एंटरप्राइजेज प्रा. लि.	North Delhi, Delhi, 26, Prem Niwas Malkaganj Road, Delhi	DELHI, 26, NORTH DELHI	India	India
S1-898279595	S3-9435354	S3	Star Enterprises Pvt Ltd	स्टार एंटरप्राइजेज प्रा. लि.	North Delhi, Delhi, 26, Prem Niwas Malkaganj Road, Delhi	26, Delhi, North Delhi, DL	India	India
S1-171653159	S2-531915848	S2	First Hospitality LLP	फर्स्ट हॉस्पिटैलिटी एलएलपी	Wz-351, Delhi, Shakurpur Village, Delhi	WZ-351, WEST DELHI, DELHI, दिल्ली	India	India
S1-177943533	S3-135826486	S3	Orbyn Federal	Orbyn Féderal	606 Panama Court, Granbury, TX	Texas, Garnbury CITY, 606 Panama Ct	US	US
S1-951451939	S2-462155423	S2	Maa Investments Private Limited	మా ఇన్వెస్ట్‌మెంట్స్ ప్రైవేట్ లిమిటెడ్	Villa No 68, Cyprus Palms, Serilingampally, K.V.Rangareddy, Telangana	VILLA NO 88, CYPRUS PALMS, SERILINGAMPALLY, K.V.RANGAREDDY, Telangana	India	India
S1-590134263	S2-592174269	S2	Global Financial Global	GLOBAL FINANCIAL GLOBAL  INC	Unit Suite 235, 10500 Bergtold Road, NY, Clarence	10500 BERTGOLD ROAD, CLARENCE, NY	US	US
S1-590134263	S2-829268163	S2	Global Financial Global	>> GLOBAL FINANCIAL GLOBAL CO	Unit Suite 235, 10500 Bergtold Road, NY, Clarence	10500 BERGTOLD RD, CLARENCE, NY	US	US
S1-908932165	S2-816843409	S2	Clean Mobility Global	Clean Miboriiy Global	916 Powell Valley Shores Circle, Speedwell, TN	##916 POWELL VALLEY SHORES CIR, SPEEDWELL, TN	US	US
S1-908932165	S3-811500798	S3	Clean Mobility Global	Clean-Mobility Center	916 Powell Valley Shores Circle, Speedwell, TN	16 Powell Valley Shores Cir, Speedwell, Tennessee	US	US
S1-758075760	S2-405650843	S2	Bharat Investments	भारत इन्वेस्टमेंट्स	No 7, 3Rd Floor, N.W.A Club Road Market Sector Iv Market, West Punjabi Bagh, New Delhi, Delhi	WEST PUNJABI BAGH, NEW DELHI, 3RD FLOOR, N.W.A CLUB ROAD MARKET SECTOR IV MARKET, Delhi, NO 7	India	India
S1-758075760	S2-101554094	S2	Bharat Investments	भारत इन्वेस्टमेंट्स	No 7, 3Rd Floor, N.W.A Club Road Market Sector Iv Market, West Punjabi Bagh, New Delhi, Delhi	3RD FLOOR, N.W.A CLUB ROAD MARKET SECTOR IV MARKET, WEST PUNJABI BAGH, NO 7, Delhi, NEW DELHI	India	India
S1-758075760	S2-65752861	S2	Bharat Investments	BHARAT INVESTMENTS CO	No 7, 3Rd Floor, N.W.A Club Road Market Sector Iv Market, West Punjabi Bagh, New Delhi, Delhi		India	India
S1-758075760	S3-957484857	S3	Bharat Investments	भारत इन्वेस्टमेंट्स	No 7, 3Rd Floor, N.W.A Club Road Market Sector Iv Market, West Punjabi Bagh, New Delhi, Delhi	No ##7, New Delhi, दिल्ली, West Punjabi Bagh	India	India
S1-758075760	S3-449179044	S3	Bharat Investments	Bharat Services Enterprises	No 7, 3Rd Floor, N.W.A Club Road Market Sector Iv Market, West Punjabi Bagh, New Delhi, Delhi		India	India
S1-658439443	S3-814721655	S3	Central Products Private Limited	Centra1 Products Private  Limited	C/O Satendra Verma, 224, Nizampur Malhaur Nizampur, Lucknow, Uttar Pradesh	Lucknow, Viraj Khand Gomti Nagar, UP, #225 C/o Satendra Vrma	India	India
S1-664267481	S2-62672656	S2	Daniella Pizano Wireless LLC	Daniella Pizano	4647 Topaz Drive, San Tan Valley, AZ	SAN TAN VALLEY, 4647 TOAPZ DR, AZ	US	US
S1-664267481	S3-313438593	S3	Daniella Pizano Wireless LLC	Daniella  Pizano	4647 Topaz Drive, San Tan Valley, AZ	Topaz Drive, SA TAN Valley, Arizona	US	US
S1-664267481	S3-787923321	S3	Daniella Pizano Wireless LLC	Daniella Pizano LLC Center	4647 Topaz Drive, San Tan Valley, AZ	Arizona, 4647 Topaz Drive, SA TAN Valley	US	US
S1-100146655	S2-576234233	S2	Bricklayers Local Union 428	BRICKLAYERS LOCAL	4268 Davis Hill Road, Scio, NY	4268 DAVIS HILL ROAD, SCIO CITY, NY	US	US
S1-703201622	S2-333522091	S2	Tri-State Century Inc	TRI-STATE CENTURY	142 Stillwater Trail, Hendersonville, TN	142 STILLWATER TRL, HENDERSONVILLE, TN	US	US
S1-703201622	S2-21169616	S2	Tri-State Century Inc	Tri-State Céntury Inc	142 Stillwater Trail, Hendersonville, TN	142 STILLWATER TRL, HENDERSONVILLE, TN	US	US
S1-274310041	S2-741219792	S2	Trb System LLP	Mr TRB [SYSTEM]	North Delhi, New Delhi, C-5/133 Ist Floorsultan Puri, Delhi	C-5/133 IST FLOORSULTAN PURI, NEW DELHI, Delhi	India	India
S1-119171444	S2-45063978	S2	Fresh Equity Laboratories	FRESH EQUITY LÁBORATORIES	17834 Parker Road, Homer Glen, IL	17834 PARKER RD, HOMER GLEN, IL	US	US
S1-119171444	S2-949300018	S2	Fresh Equity Laboratories	Fresh Equity Lab0ratories	17834 Parker Road, Homer Glen, IL	17834 PARKER RD, HOMER GLEN, IL	US	US
S1-746193689	S3-216442734	S3	Cardiology Clinic LLC	Cardiology  Clinic LLC Trading	12726 Gladys Retreat Circle, Bowie, MD		US	US
S1-746193689	S3-912418741	S3	Cardiology Clinic LLC	cardiologyclinic.com	12726 Gladys Retreat Circle, Bowie, MD	12726 Gladys Retreat Cir, Bowie, Maryland	US	US
S1-746193689	S3-444177192	S3	Cardiology Clinic LLC	LLC Cardiology Clnc	12726 Gladys Retreat Circle, Bowie, MD	12726 Gladys Retreat Cir, Bowie, Maryland	US	US
S1-741817106	S3-57464044	S3	Rajkot Recording Corp	Rajkot Recoirdng [Corp]	Opp. Astron Society, Amin Marg Trisha 2, Bunglows No-37, Rajkot, Gujarat	Opp. Astron Society, Amin Marg Trisha 2, Bunglows No-37, Rajkot, GJ	India	India
S1-597762257	S2-535895394	S2	Green Logistics Private Limited	ग्रीन लॉजिस्टिक्स प्राइवेट लिमिटेड	E-7, Second Floor, New Delhi, South Delhi, Delhi	E-7, SECOND FLOOR, NEW DELHI, SOUTH DELHI, दिल्ली	India	India
S1-597762257	S2-152865025	S2	Green Logistics Private Limited	ग्रीन लॉजिस्टिक्स प्राइवेट लिमिटेड	E-7, Second Floor, New Delhi, South Delhi, Delhi	E-7, NEW DELHI, SECOND FLOOR, SOUTH DELHI, Delhi	India	India
S1-597762257	S3-426660831	S3	Green Logistics Private Limited	ग्रीन लॉजिस्टिक्स प्राइवेट लिमिटेड	E-7, Second Floor, New Delhi, South Delhi, Delhi	South Delhi, No. 225 E-7, DL, New Delhi	India	India
S1-300609714	S3-577589794	S3	Hawkes Montessori School	Hawkes Montessori School Trust - 5686616064	1002 33rd Street Court, Moline, IL	1002 33rd Street Ct, Moline, Illinois	US	US
S1-504790211	S2-482219248	S2	Crystal Lending PC	Crysta1 Lending  PC	11643 Prosperity Road, South Jordan, UT	11643-11645 PROSPERITY ROAD, SOUTH JORDAN, UT	US	US
S1-504790211	S3-956253301	S3	Crystal Lending PC	crystallending.com	11643 Prosperity Road, South Jordan, UT	South Jodan, Utah, 11643 Prosperity Rd	US	US
S1-397900824	S2-664817165	S2	FFB Construction Pvt Ltd	ffbconstruction.com	Delhi, Shop No 133, 1St Floor, Vardhman Premium Mall, North West Delhi	Delhi, 133 , 1ST FLOOR, VARDHMAN PREMIUM MALL, DELHI	India	India
S1-397900824	S3-574804778	S3	FFB Construction Pvt Ltd	FFB Pvt Ltd Service	Delhi, Shop No 133, 1St Floor, Vardhman Premium Mall, North West Delhi	Shop No 133, Delhi, North West Delhi, DL	India	India
S1-71265566	S2-352703342	S2	One International Private Limited	వన్ ఇంటర్నేషనల్ ప్రైవేట్ లిమిటెడ్	1-61/Smrvc/B1/908/B1-1 Miyapur, Serilingampally, Hyderabad, Telangana	Telangana, 1-61/SMRVC/B1/908/B1-1 MIYAPUR, HYDERABAD	India	India
S1-71265566	S3-4947094	S3	One International Private Limited	One Intenratloanl Private Limited	1-61/Smrvc/B1/908/B1-1 Miyapur, Serilingampally, Hyderabad, Telangana	Hyderabad, తెలంగాణ, Hyderabad, 1-61/Smrvc/B1/908/B1-1 Miyapur	India	India
S1-17339733	S2-412895863	S2	Pediatric Dentistry Care Associates Inc	Pediatric Dentistry Ce Ce Associates Inc	Norwich, CT, 59 Grant Court	#59 GRANT COURT, NORWICH, CT	US	US
S1-17339733	S3-839985934	S3	Pediatric Dentistry Care Associates Inc	Pediatric Dentistry Care Associates	Norwich, CT, 59 Grant Court	59 Grant Court, Norwich, Connecticut	US	US
S1-17339733	S3-215898478	S3	Pediatric Dentistry Care Associates Inc	dentistrycare.com	Norwich, CT, 59 Grant Court	59 Grant Court, Norwich, Connecticut	US	US
S1-945650918	S3-218583634	S3	Continental Family Office LP	Continental Family LP Partners	135 Fred Drive, North East, MD	135 Fred Drive, North East, Maryland	US	US
S1-945650918	S3-478874831	S3	Continental Family Office LP	... Continental Fámily Office	135 Fred Drive, North East, MD	Maryland, North East, 135 Fred Drive	US	US
S1-945650918	S3-273466829	S3	Continental Family Office LP	Continental Fy Office LP	135 Fred Drive, North East, MD	135 Fred Drive, North East, Maryland	US	US
S1-961941107	S3-741609063	S3	Solanki Trust	solankitrust.com	No.4 (Kalabhyraveswara Temple Premises) Double Road 4Th Stage, Beml Layout, Rajarajeshwari N, Agar, Bangalore, Karnataka	No.004 (Kalabhyraveswara Temple Premises) Double Road 4Th Stage, Bangalore, KA	India	India
S1-815441395	S2-990802487	S2	Marquez, Koogler and Jones LLC	MKJ	6645 253, Twin, AL	6645 253, PMB 4796, GUIN, AL	US	US
S1-815441395	S2-712853094	S2	Marquez, Koogler and Jones LLC	Marquez, Koorle and Jones LLC	6645 253, Twin, AL	AL, GUIN, 6645 253	US	US
S1-777555607	S2-690785070	S2	Digital Ventures Limited	डिजिटल वेंचर्स लिमिटेड	New Delhi, Hari Nagar Extention Baderpur, South Delhi, 12-C, Delhi	12-C, HARI NAGAR EXTENTION BADERPUR, SOUTH EAST DELH, SOUTH DELHI, Delhi	India	India
S1-777555607	S3-10840656	S3	Digital Ventures Limited	डिजिटल वेंचर्स लिमिटेड	New Delhi, Hari Nagar Extention Baderpur, South Delhi, 12-C, Delhi	12-C, N/A, South East, New Delhi, DL	India	India
S1-777555607	S3-632142415	S3	Digital Ventures Limited	डिजिटल वेंचर्स लिमिटेड	New Delhi, Hari Nagar Extention Baderpur, South Delhi, 12-C, Delhi	12-C, N/A, South Delhi, DL	India	India
S1-721254668	S2-82419557	S2	Ss Estate Private Limited	এসএস এস্টেট প্রাইভেট লিমিটেড	1/1/1B Paikpara Row, Kolkata, Howrah, West Bengal	#/1/1B PAIKPARA ROW, KOLKATA, HOWRAH, পশ্চিমবঙ্গ	India	India
S1-721254668	S2-399134794	S2	Ss Estate Private Limited	Shri Ss Estate Private Limited	1/1/1B Paikpara Row, Kolkata, Howrah, West Bengal	H.NO /1/1B PAIKPARA ROW, KOLKATA, KOLKATA, West Bengal	India	India
S1-644411036	S2-642960929	S2	Steele Express Bhav LLC	LLC Steele Expries Bhav	400 6th Street, Scotts Mills, OR	00 SIXTH ST, SCOTTS MILLS, OR	US	US
S1-644411036	S3-748008326	S3	Steele Express Bhav LLC	Steele  Express LLC Center	400 6th Street, Scotts Mills, OR	400 Sixth Saint, Scotts Mills, Oregon	US	US
S1-89160825	S2-928829765	S2	Delhi Servicesprivate LLP	Delhi Servichsprimavroe  LLP	38, Ajanta Appartment I P Extn., Delhi, East Delhi, Delhi	Delhi, 38, AJANTA APPARTMENT I P EXTN., DELHI	India	India
S1-89160825	S2-239966784	S2	Delhi Servicesprivate LLP	Delhi Sermvicesprivate LLP	38, Ajanta Appartment I P Extn., Delhi, East Delhi, Delhi	38, AJANTA APPARTMENT I P EXTN., DELHI, Delhi	India	India
S1-89160825	S3-700656227	S3	Delhi Servicesprivate LLP	(Services) Delhi LLP	38, Ajanta Appartment I P Extn., Delhi, East Delhi, Delhi	0038, Delhi, East Delhi, DL	India	India
S1-71296969	S2-132858440	S2	Walter's Horizon Seafood	Walter's Horizon Seaolfdo	IL, 473 Navajo Trail, Buffalo Grove	473 NAVAJO TRL, BUFFALO GROVE, IL	US	US
S1-71296969	S3-103767827	S3	Walter's Horizon Seafood	Walter's Seafood Services	IL, 473 Navajo Trail, Buffalo Grove	473- Navajo Trl, Bufflo Grove, Illinois	US	US
S1-414883860	S2-980793070	S2	Oneal Rain LLC	Oneal Ráin LLC	9477 Greenback Lane, Unit STE 407, Folsom, CA	9477 GREENBACK LANE, FOLSOM, CA	US	US
S1-414883860	S3-309495919	S3	Oneal Rain LLC	Oneal Ráin LLC	9477 Greenback Lane, Unit STE 407, Folsom, CA	9477 Greenback Lane, Unit STE 407, Folsom, California	US	US
S1-386654734	S3-508283569	S3	One Enterprises	వన్ ఎంటర్‌ప్రైజెస్	H.No 6-3-712/90-23, 2Nd Floor, Beside Agarwal Eye Hospital, Panjagutta, Hyderabad, Telangana	H.no 6-3-712/90-2, Hyderabad, తెలంగాణ	India	India
S1-306095185	S2-989597724	S2	Leo International School	Mr Leo International	Mumbai, Maharashtra, Mumbai City, Al-Safa Chs, Millat Nagar, Andheri (West), 104/A-1	629  104/A-1, AL-SAFA CHS, MILLAT NAGAR, ANDHERI (WEST), MUMBAI, महाराष्ट्र	India	India
S1-306095185	S3-261575641	S3	Leo International School	Leo School Center	Mumbai, Maharashtra, Mumbai City, Al-Safa Chs, Millat Nagar, Andheri (West), 104/A-1	104/A-1, Mumbai, महाराष्ट्र	India	India
S1-306095185	S3-405262257	S3	Leo International School	Tavosyn	Mumbai, Maharashtra, Mumbai City, Al-Safa Chs, Millat Nagar, Andheri (West), 104/A-1	104/A-1, Al-Safa Chs, Millat Nagar, Andheri (West), Mumbai, Mumbai City, Maharashtra	India	India
S1-615389185	S3-354958614	S3	Dawson Investments Inc	Vantageumbraquo	123 3rd Street, Molalla, OR	123 3rd Street, Molalla, Oregon	US	US
S1-547971316	S2-201545177	S2	General Design International Inc	GENERAL DESIGN	800 Brommer Street, Unit 27, Santa Cruz, CA	00800 BROMMER ST, SANTA CRUZ TOWNSHIP, CA	US	US
S1-837510013	S2-733704182	S2	Nalin Realtors Private Limited	NALIN-REALTORS LIMITED SERVICES	Flat No-23, Topaz K-Wing Near Hotel Jupiter, Anmol Nayantara Gold, Mumbai Agra Highway, Nashik, Maharashtra		India	India
S1-63655361	S3-26682231	S3	SJ Liberty Retail	#sjliberty	6720 Kingston Pike, Knoxville, TN	6720 Kingston Pike, Knoxville, Tennessee	US	US
S1-225119054	S3-727018158	S3	Complete Certified Pharmaceutical LLC	C0mplete Certified LLC Center	193 Maple Avenue, White Sulphur Springs, WV	193 Maple Avenue, White Sulphur Springs, West Virginia	US	US
S1-298646564	S2-763329924	S2	Zar Academy Private Limited	Zar Private Limited Services	Ram-Krishna, Co-Operative Society, Near Durga Chowk, No. 20, Gorewada, Maharashtra, Nagpur	Maharashtra, NO. A-20 , RAM-KRISHNA, CO-OPERATIVE SOCIETY, NEAR DURGA CHOWK, GOREWADA	India	India
S1-487652257	S2-695864569	S2	Vedyne Detailing LLC	Vedyne Dlllaing LLC	24W 740 Argyle Avenue, IL, Roselle	IL, 34W 740 ARGYLE AVE, ROSELLE	US	US
S1-487652257	S2-191176296	S2	Vedyne Detailing LLC	vedynedetailing.com	24W 740 Argyle Avenue, IL, Roselle	34W 740 ARGYLE AVENUE, ROSELLE, IL	US	US
S1-56835737	S2-356840234	S2	Eaton, Lucier & Fraser PC	Eaton, Lucier (&)	300 7th Street, Chelsea, OK	300 7th St, CHELSEA, OK	US	US
S1-56835737	S2-306975749	S2	Eaton, Lucier & Fraser PC	EATON, LUCIER FRASER PC SERVICES	300 7th Street, Chelsea, OK	300 7th St, CHELSEA, OK	US	US
S1-56835737	S3-523027777	S3	Eaton, Lucier & Fraser PC	Eaton, Lúcier & Fraser PC	300 7th Street, Chelsea, OK	300 1/2 7th St, Chelsea, Oklahoma	US	US
S1-56835737	S3-587909744	S3	Eaton, Lucier & Fraser PC	Eaton, Lucier &	300 7th Street, Chelsea, OK	300 1/2 Seventh Street, Chelsea, Oklahoma	US	US
S1-942301043	S2-438042920	S2	Qunaque Realty LLC	Qunaque LLC Center	102 Spencer, Mesa, AZ	102 SPENCER, MESA MOUNTAIN VIEW, AZ	US	US
S1-657688281	S2-880965452	S2	Donna Ali Elite Bce Inc	DONNA ALI ELITE BCE INCORPORATED	1421 Sipsey Fork Road, Detroit, AL	AL, 1421 SIPSEY FORK ROAD, DETROIT	US	US
S1-657688281	S3-705796793	S3	Donna Ali Elite Bce Inc	Donna-Ali Eblaie Bce Inc	1421 Sipsey Fork Road, Detroit, AL	Alabama, 1421 Sipsey Fodk Road, Deroit	US	US
S1-68456921	S2-154545552	S2	Dynamic Hospitality Private Limited	डायनामिक हॉस्पिटैलिटी प्राइवेट लिमिटेड	2Nd Floor, Trivedi Bhawan, Pghpl Group Campus, Opp. Western Gate A.N. College, Boring R, Oad, Patna, Bihar	FLOOR, PATNA, Bihar	India	India
S1-813850270	S2-897103412	S2	Red Technologies Limited	రెడ్ టెక్నాలజీస్ లిమిటెడ్	Flat No 201 Aditya Elegance Road No 34 Jubilee Hills, Hyderabad, Telangana	FLAT NO 20 ADITYA ELEGANCE ROAD NO 34 JUBILEE HILLS, HYDERABAD, Telangana	India	India
S1-813850270	S3-438919623	S3	Red Technologies Limited	రెడ్ టెక్నాలజీస్ లిమిటెడ్	Flat No 201 Aditya Elegance Road No 34 Jubilee Hills, Hyderabad, Telangana	No 00201 Aditya Elegance Road No 34 Jubilee Hills, Hyderabad, TG	India	India
S1-104226194	S2-162965740	S2	Global Lotus Construction Pvt Ltd	ग्लोबल लोटस कंस्ट्रक्शन प्रा. लि.	A-212, Malhotra Complex, Gali No. Â 01, Vikas Marg, Shakarpur, Laxmi Nagar, East Delhi, Delhi	342 A-212, MALHOTRA COMPLEX, GALI NO. Â 01, VIKAS MARG, SHAKARPUR, LAXMI NAGAR, EAST DELHI, Delhi	India	India
S1-104226194	S3-873691905	S3	Global Lotus Construction Pvt Ltd	ग्लोबल लोटस कंस्ट्रक्शन प्रा. लि.	A-212, Malhotra Complex, Gali No. Â 01, Vikas Marg, Shakarpur, Laxmi Nagar, East Delhi, Delhi	A-212, Laxmi Nagar, East Delhi, दिल्ली	India	India
S1-145829425	S2-215160242	S2	North Storage Care	NORTH STORAGE CARE CO	2804, Tower A, Sarova, Samata Nagar, Kandivali East, Mumbai, Maharashtra		India	India
S1-387008828	S2-434709895	S2	Shyam All Finance Private Limited	ଶ୍ୟାମ ଅଲ୍ ଫାଇନାନ୍ସ୍ ପ୍ରାଇଭେଟ୍ ଲିମିଟେଡ୍	248/1731 Fakirmohan Nagar, Balasore, Orissa	#248/1731 FAKIRMOHAN NAGAR, BALASORE, Odisha	India	India
S1-729032305	S2-254981390	S2	Northampton Advisory	THE NORTHAMPTON (ADVISORY)	Unit 6A, Northampton, MA, 82 Bridge Street	82 BRIDGE ST, NORTHAMPTON, MA	US	US
S1-729032305	S3-198267038	S3	Northampton Advisory	Northampton  Asvisry	Unit 6A, Northampton, MA, 82 Bridge Street		US	US
S1-562989120	S3-825790614	S3	Acp Plus Private Limited	Acp Plus Prbvrtee Limited	Hyderabad, Telangana, Pt-55 & 56, Sy No.102, 103(P) & 1 Ph-Ii H No 4-50/P-Ii/55/1F To 5F, Gachibowli, Hyderabad	Hyderabad, Sy No.102, 103(P) & 1 Ph-ii H No 4-50/P-Ii/55/1F To 5F, Gachibowli, Andhra Pradesh, Pt-55. & 56, Hyderabad	India	India
S1-163747087	S2-654598414	S2	Lotus Services Pvt Ltd	लोटस सर्विसेज प्रा. लि.	Floor-2Nd, 45/47, Silver Mansion, Dhanji Street, Zaveri Bazar Mumbadevi, Mandvi, Mumbai, Maharashtra, 17	17, FLOOR-2ND, 45/47, SILVER MANSION, DHANJI STREET, ZAVERI BAZAR MUMBADEVI, MANDVI, MUMBAI, Maharashtra	India	India
S1-163747087	S3-563045324	S3	Lotus Services Pvt Ltd	लोटस सर्विसेज प्रा. लि.	Floor-2Nd, 45/47, Silver Mansion, Dhanji Street, Zaveri Bazar Mumbadevi, Mandvi, Mumbai, Maharashtra, 17	No 141 17, Floor-2nd, 45/47, Silver Mansion, Dhanji Street, Zaveri Bazar Mumbadevi, Mandvi, Mumbai, महाराष्ट्र	India	India
S1-163747087	S3-302914388	S3	Lotus Services Pvt Ltd	लोटस सर्विसेज प्रा. लि.	Floor-2Nd, 45/47, Silver Mansion, Dhanji Street, Zaveri Bazar Mumbadevi, Mandvi, Mumbai, Maharashtra, 17	#141 17, Mumbai, MH	India	India
S1-163747087	S3-547644977	S3	Lotus Services Pvt Ltd	Lotus Services Pvt	Floor-2Nd, 45/47, Silver Mansion, Dhanji Street, Zaveri Bazar Mumbadevi, Mandvi, Mumbai, Maharashtra, 17	Door No 141 17, Floor-2nd, 45/47, Silver Mansion, Dhanji Street, Zaveri Bazar Mumbadevi, Mandvi, Mumbai, MH	India	India
S1-163747087	S3-798193328	S3	Lotus Services Pvt Ltd	लोटस सर्विसेज प्रा. लि.	Floor-2Nd, 45/47, Silver Mansion, Dhanji Street, Zaveri Bazar Mumbadevi, Mandvi, Mumbai, Maharashtra, 17	#141 17, Mumbai, MH	India	India
S1-342712677	S2-504312259	S2	Granado Valley LLC	Granado Valey LLC	2805 Dunaway Avenue, Cincinnati, OH	002805 DUNAWAY AVE, OH, CINCINNATI	US	US
S1-380839864	S2-110904631	S2	Baptist Crystal Services	BAPTIST CRYSTAL SERBCDES	5284 6150, Hooper, UT	UT, 5284 6150, HOOPER	US	US
S1-380839864	S2-175709313	S2	Baptist Crystal Services	BAPTIST CRYSTÁL SERVICES	5284 6150, Hooper, UT	5284 6150, UT, HOOPER	US	US
S1-766866439	S3-498348336	S3	Mayura Hygienic Limited	Mayurahygienic.Com	305, 3Rd Floor, Satguru, Parinay, Pu3, Sch No. 54, Indore, Madhya Pradesh	D/305, MP, Indore	India	India
S1-381957415	S2-380947443	S2	Digital Care Limited	डिजिटल केयर लिमिटेड	Flat No. 1 Sumangal Resi. Ulka Nagari, Aurngabad, Aurangabad, Maharashtra	#1 SUMANGAL RESI. ULKA NAGARI, AURNGABAD, AURANGABAD, महाराष्ट्र	India	India
S1-381957415	S2-422911858	S2	Digital Care Limited	DIGITAL CARE	Flat No. 1 Sumangal Resi. Ulka Nagari, Aurngabad, Aurangabad, Maharashtra	FLAT NO. 1 SUMANGAL RESI. ULKA NAGARI, AURNGABAD, महाराष्ट्र	India	India
S1-381957415	S3-888417008	S3	Digital Care Limited	डिजिटल केयर लिमिटेड	Flat No. 1 Sumangal Resi. Ulka Nagari, Aurngabad, Aurangabad, Maharashtra	MH, Aurngabad, Flat No. 1 Sumangal Resi. Ulka Nagari, Ch.sambhaji Nagar	India	India
S1-381957415	S3-538767270	S3	Digital Care Limited	Digital Care Límited	Flat No. 1 Sumangal Resi. Ulka Nagari, Aurngabad, Aurangabad, Maharashtra	Flat No. 1 Sumangal Resi. Ulka Nagari, Aurngabad, Ch.sambhaji Nagar, महाराष्ट्र	India	India
S1-870525516	S2-463660592	S2	Geo Brothers	GEO BROTHERS CORPORATION	Ernakulam, 36/1924 Sky Marks Chammani - Complx Judges Avenue Cross Rd (Sebastian Rd) Kochi, Ernakulam, Kerala	36/1924 SKY MARKS CHAMMANI - COMPLX JUDGES AVENUE CROSS RD (SEBASTIAN RD) KOCHI, ERNAKULAM, Kerala	India	India
S1-870525516	S2-184697145	S2	Geo Brothers	gbr0thers.com	Ernakulam, 36/1924 Sky Marks Chammani - Complx Judges Avenue Cross Rd (Sebastian Rd) Kochi, Ernakulam, Kerala	H.NO 36/1924 SKY MARKS CHAMMANI - COMPLX JUDGES AVENUE CROSS RD (SEBASTIAN RD) KOCHI, ERNAKULAM, ELAMAKARA, Kerala	India	India
S1-224534945	S2-518930624	S2	Gitanjali Realestate Private Limited	PRIVATEREALESTATE.COM #85158	Khasra No 950, 950 Me And 951, Village Kilhora Jalalabad Hapur, Hapur, Ghaziabad, Uttar Pradesh	950., GHAZIABAD, NEW DELHI, Uttar Pradesh	India	India
S1-489817305	S2-524450384	S2	Choice Equity Advisors Company	Choice Equity Aidsr Company	4132 Iris Avenue, Fort Worth, TX	4132 IRIS AVE, FORT WORTH, TX	US	US
S1-857915278	S2-559544506	S2	Chandravi Investment Ltd	CHANDRAVI LTD [SERVICES]	Survey No.34/8, Mitcon College Balewadi, Baner, Pune, Maharashtra	DOOR NO D/34/8 , MTCON COLLEGE BALEWADI, BANER, PUNE, Maharashtra	India	India
S1-419235241	S2-331102815	S2	Zirain Eco Limited	DOVAEVO	T-Hub Foundation 1/C 83/1, Level 6 Raidurg, Panmakth, Shaikpet, Hyderabad, Telangana	NO. 524 T-HUB FOUNDATION 1/C 83/1, Telangana, SHAIKPET	India	India
S1-748243940	S3-817734159	S3	Blaine Box	Blaine Bóx	3008 Davis Road, Spokane Valley, WA	3008 Dvis Road, Spokane Valley, Washington	US	US
S1-763611874	S2-521658805	S2	Reina's Summit Engineering	Reina's Summit	MD, 4637 Harwich Drive, Waldorf	WALDOORF TOWNSHIP, 4637 HARWICH DRIVE, MD	US	US
S1-372253974	S3-954593190	S3	Norene G. Semaan, D.O.	Evosol	43 Jupiter Lane, Enfield, NC	43 Jupiter Lane, Enfield, North Carolina	US	US
S1-883973644	S2-346262429	S2	Global Hovnanian LLC	GLOBAL HOGNANINN LLC	4024 39th Avenue, Seattle, WA	4024B 39RD AVE, SEATTLE, WA	US	US
S1-304785953	S2-818938450	S2	Lafferty Certified Lifesciences Inc.	Lafferty Certified Liferhcielscs  Inc.	13315 Schwenger Place, Fairfax County, VA	13315 SCHWENGER PL, VA, HERNDON	US	US
S1-304785953	S3-633775998	S3	Lafferty Certified Lifesciences Inc.	Laffertycertifiedlifesciences.Com	13315 Schwenger Place, Fairfax County, VA	13315 Schwenher Place, Herndon, Virginia	US	US
S1-268149339	S3-221340716	S3	North Enterprises Private Limited	नॉर्थ एंटरप्राइजेज प्राइवेट लिमिटेड	Bid, Vadvani, 360, Maharashtra, Khadaki Tq Dharur Beed	No 657 360, Khadaki Tq Dharur Beed, Bid, Vadvani, MH	India	India
S1-773320212	S2-98574359	S2	Marathon Infoway Private Limited	MARATHON INFOWAY PRIVATE	A-304, Pushpvan Apt. Nr. Ioc Pump Bodakdev, Ahmedabad, Gujarat	#279 A-304, PUSHPVAN APT. NR. IOC PUMP BODAKDEV, ગુજરાત	India	India
S1-253986331	S2-132882662	S2	Shirleen Knight Apex Income LLC	shirleenknightapex.com	5000 Dartmouth Drive, Unit UNIT B29, College, AK	5000 DARTMOUTH DR, COLLEGE, AK	US	US
S1-244476321	S3-50199810	S3	Global Broking Partners	Global Broking Pártners	Block No G-9, Midc, Kupwad, Sangli, Maharashtra	Block No G-a-9, Midc, Kupwad, Sangli, MH	India	India
S1-888167789	S2-630422469	S2	Eye Clinic Center	EYE CLlNIC CENTER	501 Harris Street, Madill, OK	501 HARRIS STREET, MADILL ICTY, OK	US	US
S1-888167789	S3-191907410	S3	Eye Clinic Center	Eye Clinic Center LLC	501 Harris Street, Madill, OK	501 Harris St, Madill, Oklahoma	US	US
S1-888167789	S3-142287157	S3	Eye Clinic Center	Eye Clínic Center	501 Harris Street, Madill, OK	501 Harris St, Madill, Oklahoma	US	US
S1-888167789	S3-35760800	S3	Eye Clinic Center	The Eye Clinic Center	501 Harris Street, Madill, OK	501 Harris Street, Madill, Oklahoma	US	US
S1-888167789	S3-73898561	S3	Eye Clinic Center	Clinic Eye Clsenettr	501 Harris Street, Madill, OK	Harris St, Madill, Oklahoma	US	US
S1-317952287	S2-106588037	S2	High Food LLP	ಹೈ ಫುಡ್ ಎಲ್ಎಲ್‌ಪಿ	No 25/18, W H Hanumanthappa Road Gandhinagar, Bangalore, Karnataka	NO 25/18, W H HANUMANTHAPPA ROAD GANDHINAGAR, BANGALORE, BENGALURU, Karnataka	India	India
S1-260530670	S3-295373653	S3	Allen, Sherpa & Lebowitz Superior LLC	Allen, Sherpa And Lebowitz | www.allenshe.com	2014 4th Street, Burlington, IA	2014 1/2 4rd St, Burlington, Iowa	US	US
S1-404124513	S2-592944180	S2	Finance Advantech India Private Limited	FINANCE ADVANTECH LNDIA PRIVATE LIMITED	460, Third Floor, Kohat Enclave Pitam Pura, New Delhi, North West, Delhi	460, THIRD FLOOR, KOHAT ENCLAVE PITAM PURA, NEW DELHI, Delhi	India	India
S1-404124513	S3-558350987	S3	Finance Advantech India Private Limited	financeadvantechindia.com	460, Third Floor, Kohat Enclave Pitam Pura, New Delhi, North West, Delhi	460, Third Floor, Kohat Enclave Pitam Pura, North West, New Delhi, DL	India	India
S1-387694500	S2-89272121	S2	Bombay Power Private Limited	ಬಾಂಬೆ ಪವರ್ ಪ್ರೈವೇಟ್ ಲಿಮಿಟೆಡ್	No: 32/2, 2Nd Floor, Mcc Towers, Opp To Sigma Soft Tech Park, Whitefield Main Road, Ramagon, Danahalli, Bangalore, Karnataka	NO: 032/2, 2ND FLOOR, MCC TOWERS, OPP TO SIGMA SOFT TECH PARK, WHITEFIELD MAIN ROAD, RAMAGON, DANAHALLI, BANGALORE, Karnataka	India	India
S1-387694500	S2-828925482	S2	Bombay Power Private Limited	Mr Bombay Poer Private Limited	No: 32/2, 2Nd Floor, Mcc Towers, Opp To Sigma Soft Tech Park, Whitefield Main Road, Ramagon, Danahalli, Bangalore, Karnataka	NO: 032/2, 2ND FLOOR, MCC TOWERS, OPP TO SIGMA SOT TECH PARK, WHITEFIELD MAIN ROAD, RAMAGON, DANAHALLI, BANGALORE, ಕರ್ನಾಟಕ	India	India
S1-387694500	S2-960848454	S2	Bombay Power Private Limited	PRIVOATE BOMBAY POWER LIMITED	No: 32/2, 2Nd Floor, Mcc Towers, Opp To Sigma Soft Tech Park, Whitefield Main Road, Ramagon, Danahalli, Bangalore, Karnataka	NO: 032/2, 2ND FLOOR, MCC TOWERS, OPP TO SIGMA SOFT TECH PARK, WHITEFIELD MAIN ROAD, RAMAGON, DANAHALLI, BANGALORE, Karnataka	India	India
S1-387694500	S2-674345300	S2	Bombay Power Private Limited	ಬಾಂಬೆ ಪವರ್ ಪ್ರೈವೇಟ್ ಲಿಮಿಟೆಡ್	No: 32/2, 2Nd Floor, Mcc Towers, Opp To Sigma Soft Tech Park, Whitefield Main Road, Ramagon, Danahalli, Bangalore, Karnataka	BANGALORE, 2ND FLOOR, MCC TOWERS, OPP TO SIGMA SOFT TECH PARK, WHITEFIELD MAIN ROAD, RAMAGON, DANAHALLI, Karnataka, NO: 032/2	India	India
S1-387694500	S3-789542813	S3	Bombay Power Private Limited	Bombaypower.Com	No: 32/2, 2Nd Floor, Mcc Towers, Opp To Sigma Soft Tech Park, Whitefield Main Road, Ramagon, Danahalli, Bangalore, Karnataka	No: 6-32/2, 2Nd Floor, Mcc Towers, Opp To Sigma Soft Tech Park, Whitefield Main Road, Ramagon, Danahalli, Bangalore, KA	India	India
S1-387694500	S3-9126403	S3	Bombay Power Private Limited	ಬಾಂಬೆ ಪವರ್ ಪ್ರೈವೇಟ್ ಲಿಮಿಟೆಡ್	No: 32/2, 2Nd Floor, Mcc Towers, Opp To Sigma Soft Tech Park, Whitefield Main Road, Ramagon, Danahalli, Bangalore, Karnataka	No: 6-32/2, Bangalore, KA	India	India
S1-387694500	S3-904486811	S3	Bombay Power Private Limited	ಬಾಂಬೆ ಪವರ್ ಪ್ರೈವೇಟ್ ಲಿಮಿಟೆಡ್	No: 32/2, 2Nd Floor, Mcc Towers, Opp To Sigma Soft Tech Park, Whitefield Main Road, Ramagon, Danahalli, Bangalore, Karnataka	2Nd Floor, Mcc Towers, Opp To Sigma Soft Tech Park, Whitefield Main Road, Ramagon, Danahalli, No: 6-32/2, Bangalore, KA	India	India
S1-387694500	S3-77197957	S3	Bombay Power Private Limited	Bombay Private Límited Center	No: 32/2, 2Nd Floor, Mcc Towers, Opp To Sigma Soft Tech Park, Whitefield Main Road, Ramagon, Danahalli, Bangalore, Karnataka		India	India
S1-154383438	S2-932086032	S2	Data Payroll Innovations Inc	Data Páyroll Innovations Inc	228 Pleasant View Rd Road, Seymour, MO		US	US
S1-555090350	S2-956444376	S2	Star Consultancy LLP	स्टार कंसल्टेंसी एलएलपी	103 Raja Gardenring Road, New Delhi, North Delhi, Delhi	DOOR NO 103 RAJA GAROENRING ROAD, NEW DELHI, LONI, Delhi	India	India
S1-579194394	S3-132101170	S3	Empire Best Airlines, LLC	Empire  Best Air1ines, LLC	9134 Creede Trail, Fort Worth, TX	9134 Creede Trl, FT. Worth, Texas	US	US
S1-355053030	S2-686526489	S2	Sb Advisors	Sb Advsogs	142B Gali No.6 Vipin Garden Extention, New Delhi, West Delhi, Delhi	Delhi, #142B GALI NO.6 VIPIN GARDEN EXTENTION, NEW DELHI	India	India
S1-215396556	S2-377999912	S2	Atlantic College Clinic	ATLANTIC (COLLEGE)	1710 Muleshoe Road, Dallas, TX	1710B Muleshoe Rd, DALLAS, TX	US	US
S1-962416500	S2-443295612	S2	JY Electronics Limited	JY  Eedtrioics Limited	Shop No 12 Sabar Complex Opp Essar Petrol Pump Ambaji Highway Road, Khedbrahma, Sabar Kantha, Gujarat	Gujarat, DOOR NO 4-12 SABAR COMPLEX OPP ESSAR PETROL PUMP AMBAJI HIGHWAY ROAD, KHEDBRAHMA	India	India
S1-962416500	S2-696198184	S2	JY Electronics Limited	JY ELECTRONICS LTD | www.jyelectro.com	Shop No 12 Sabar Complex Opp Essar Petrol Pump Ambaji Highway Road, Khedbrahma, Sabar Kantha, Gujarat	SHOP NO 4-12 SABAR COMPLEX OPP ESSAR PETROL PUMP AMBAJI HIGHWAY ROAD, KHEDBRAHMA, Gujarat	India	India
S1-962416500	S2-929537611	S2	JY Electronics Limited	JY  ELECTRONICS	Shop No 12 Sabar Complex Opp Essar Petrol Pump Ambaji Highway Road, Khedbrahma, Sabar Kantha, Gujarat	SHOP NO 4-12 SABAR COMPLEX OPP ESLAR PETROL PUMP AMBAJI HIGHWAY ROAD, KHEDBRAHMA, Gujarat	India	India
S1-227546659	S2-546735803	S2	K & B Audio Installation	The K & B Audio Installation	14 Arlington Avenue, Saint Paul, MN	014 ARLINGTON AVE, MN, ST PAUL	US	US
S1-227546659	S2-500703675	S2	K & B Audio Installation	K & B Audio Installation Ltd	14 Arlington Avenue, Saint Paul, MN	014 ARLINGTON AVE, SAINT PAUL, MN	US	US
S1-227546659	S2-283949447	S2	K & B Audio Installation	K K & B Audio Installation (Inc)	14 Arlington Avenue, Saint Paul, MN	014 ARLINGTON AVE, SAINT PAUL, MN	US	US
S1-227546659	S2-287223683	S2	K & B Audio Installation	K & B Audio Installation Ltd	14 Arlington Avenue, Saint Paul, MN	014 ARLINGTON AVENUE, SAINT PAUL, MN	US	US
S1-227546659	S3-352333771	S3	K & B Audio Installation	K & B Audio	14 Arlington Avenue, Saint Paul, MN	14 Arlington Avenue, Saint Paul, Minnesota	US	US
S1-227546659	S3-264005615	S3	K & B Audio Installation	K & B Audio	14 Arlington Avenue, Saint Paul, MN	Minnesota, 14 Arlington Avenue, Saint Paul	US	US
S1-227546659	S3-862488879	S3	K & B Audio Installation	The K & B Audio Installation	14 Arlington Avenue, Saint Paul, MN		US	US
S1-679782609	S2-844278428	S2	Creative Semiconductor Ventures Inc	CREATIVE  SEMICONDUCTOR	10864 Prairie Rose Road, Frisco, TX	10855 Prairie Rose Road, FRISCO, TX	US	US
S1-767939959	S2-69142506	S2	Lambodar (india) Private Limited	lambodarindia.com	Gonda, Uttar Pradesh, Gonda, Chhitnapur, Balpur, Gonda, Gonda	CHHITNAPUR, BALPUR, GONDA, GONDA, GONDA, उत्तर प्रदेश	India	India
S1-767939959	S3-108096179	S3	Lambodar (india) Private Limited	Lamb0dar (india) Private  Limited	Gonda, Uttar Pradesh, Gonda, Chhitnapur, Balpur, Gonda, Gonda	Hn 408 Chhitnapur, Gonda, उत्तर प्रदेश	India	India
S1-134898809	S2-156312637	S2	Corner Hypnosis	Brixlyra	26 Stone Street, Unit 3, Beverly, MA	PMB 9599, MA, BEVERLY, 0026 STONE ST	US	US
S1-134898809	S3-882276216	S3	Corner Hypnosis	Cornerhypnosis.Com	26 Stone Street, Unit 3, Beverly, MA	26 Stone Street, # 3, Beverly, Massachusetts	US	US
S1-930984906	S3-861801469	S3	Shiv Blue Agro Limited	शिव ब्लू एग्रो लिमिटेड	B-154, Basement Dayanand Colony, Lajpat Nagar Iv, Delhi, South Delhi, Delhi	B-54, Delhi, South Delhi, DL	India	India
S1-545645075	S2-628125580	S2	Raabta & Sons	& Raabta Sals	1547, Bahu, Jhajjar, Haryana	2-1547, JHAJJAR, हरियाणा, JHAJJAR	India	India
S1-403028834	S2-702709324	S2	Piedmont Construction LLC	Piedmont Cossriucion LLC	OK, 917 Linn Lane, Yukon	917 LINN LN, YUKON, OK	US	US
S1-403028834	S2-92039499	S2	Piedmont Construction LLC	Viowex	OK, 917 Linn Lane, Yukon	953 LINN LN, YUKON, OK	US	US
S1-774387323	S2-122143038	S2	Trusty Homes Inc	Trusty Himres-Inc	130 Elm Lane, North Hempstead, NY	00130 Elm Ln, NORTH HEMPSTEAD, NY	US	US
S1-774387323	S2-786970235	S2	Trusty Homes Inc	TRUSTY HOMSE INC	130 Elm Lane, North Hempstead, NY	00130 ELM LANE, NORTH HEMPSTEAD, NY	US	US
S1-774387323	S3-163732269	S3	Trusty Homes Inc	Trusty Ínc Center	130 Elm Lane, North Hempstead, NY	130 Elm Ln, New Hyde Park, New York	US	US
S1-584499457	S3-506634954	S3	Tucker Heritage Restaurant LLC	Tucker Heritage LLC (Services)	4777 Casey Lane, Phoenix, AZ	Casey Ln, Cave Creek, Arizona	US	US
S1-993357110	S2-174666741	S2	Chiropractic Center	Chiropractic Center	416 5th Avenue, East Grand Forks, MN	416. FIFTH AVE, EAST GRAND FORKS, MN	US	US
S1-993357110	S3-527865973	S3	Chiropractic Center	Chiropractic Center  Inc	416 5th Avenue, East Grand Forks, MN	0416 Fifth Avenue, East Grand Forks, Minnesota	US	US
S1-684878299	S2-886563135	S2	Kannur Builders Ltd	Center Kannur Ltd	Room No. 6/443, Kayaralam Motta, Kayaralam Post, Kannur, Kerala	ROOM NO. 6/443, KAYARALAM MOTTA, KAYARALAM POST, CALICUT REGION, Kerala	India	India
S1-976027745	S2-923480477	S2	Damiex Purpose	DAMIEX PURPOSE LTD	OK, 209 Moore Avenue, Colbert	209-211 Moore Ave, COLBERT, OK	US	US
S1-368557784	S2-18120696	S2	Bhagwati (India) (madras) Limited	BHAGWATI (IINDA (MADRAS)-LIMITED	F547 Ph8A, Indl Area Mohali, S.A.S.Nagar (Mohali), Rupnagar, Punjab	NO. 00397 F547 PH8A, INDL AREA MOHALI, S.A.S.NAGAR (MOHALI), Punjab	India	India
S1-368557784	S3-984632207	S3	Bhagwati (India) (madras) Limited	Bhagwati (India) (Madras)	F547 Ph8A, Indl Area Mohali, S.A.S.Nagar (Mohali), Rupnagar, Punjab	F547 Ph8a, Indl Area Mohali, S.a.s.nagar (Mohali), Rupnagar, PB	India	India
S1-854288036	S2-877286129	S2	Futch Atlantic Pebblebrook Inc	futchatlanticpebblebrook.com	2833 Colfax Avenue, Minneapolis, MN	2833 COLFAX AVE, MINNEAPOLIS, MN	US	US
S1-854288036	S3-111215229	S3	Futch Atlantic Pebblebrook Inc	Futch At1antic Pebblebrook lnc	2833 Colfax Avenue, Minneapolis, MN	Minnesota, Minneapolis, 2833 Colfax Ave	US	US
S1-854288036	S3-647368548	S3	Futch Atlantic Pebblebrook Inc	Futch Átlantic Pebblebrook Inc	2833 Colfax Avenue, Minneapolis, MN	2833 Colfax Avenue, Minneapolis, Minnesota	US	US
S1-279145576	S2-129450188	S2	Koerber and Payton, LLC	KOERBERPAYTON.COM	Unit 1151, Tempe, 6815 Mcclintock Drive, AZ	6815 MCCLINTOCK DR, TEMPE, AZ	US	US
S1-38402575	S2-983083764	S2	White Marketing Private Limited	WHITE MARKETING	S. No 142/4, Cts No 5102, Fl No 1001, Bld No C, 10Th Floor, Aishwaryam Ventures, Pune City, Pune, Maharashtra	S. NO 143/4, CTS NO 5102, FL NO 1001, BLD NO C, 10TH FLOOR, AISHWARYAM VENTURES, PUNE CITY, Maharashtra	India	India
S1-38402575	S2-704567209	S2	White Marketing Private Limited	White Marketing Prívate	S. No 142/4, Cts No 5102, Fl No 1001, Bld No C, 10Th Floor, Aishwaryam Ventures, Pune City, Pune, Maharashtra	S. NO 143/4, CTS NO 5102, FL NO 1001, BLD NO C, 10TH FLOOR, AISHWARYAM VENTURES, PUNE CITY, महाराष्ट्र	India	India
S1-383350674	S2-273237911	S2	Dental United Care LLC	DÉNTALUNITEDCARE.COM	Pattonville, 1429 County Road 14500, TX	##1356 COUNTY ROAD 14500, PATTONVILLE, TX	US	US
S1-383350674	S2-720314389	S2	Dental United Care LLC	LLC DENTAL UNITED CARE	Pattonville, 1429 County Road 14500, TX	1429 COUNTY ROAD 14500, PATTONVILLE, TX	US	US
S1-545839168	S2-982077727	S2	Merla Bagwell Complete Media, Inc	@merlabagwell	85 India Row, Unit 30-E, Boston, MA	MA, BOSOTN, #340 INDIA ROW	US	US
S1-342754370	S2-547395060	S2	Shree Care Private Limited	ಶ್ರೀ ಕೇರ್ ಪ್ರೈವೇಟ್ ಲಿಮಿಟೆಡ್	1A - 201 Shilpitha Splendour, Bangalore North, Bangalore, Karnataka	1-1A - 201 SHILPITHA SPLENDOUR, Karnataka, BANGALORE, BANGALORE NORTH	India	India
S1-342754370	S2-440423232	S2	Shree Care Private Limited	ಶ್ರೀ ಕೇರ್ ಪ್ರೈವೇಟ್ ಲಿಮಿಟೆಡ್	1A - 201 Shilpitha Splendour, Bangalore North, Bangalore, Karnataka	BANGALORE, Karnataka, DOOR NO 1-1A - 201 SHOLPITHA SPLENDOUR, BANGALORE NORTH	India	India
S1-342754370	S3-537026223	S3	Shree Care Private Limited	ಶ್ರೀ ಕೇರ್ ಪ್ರೈವೇಟ್ ಲಿಮಿಟೆಡ್	1A - 201 Shilpitha Splendour, Bangalore North, Bangalore, Karnataka	1A - 201 Shilpitha Splendour, ಕರ್ನಾಟಕ, Bangalore North, Bangalore	India	India
S1-164017572	S2-500759136	S2	Black and Council Idaho Inc	Black and C0uncil Idaho	11855 Gross Drive, Parma, OH	0011855 GROSS DR, PARMA, OH	US	US
S1-905824996	S2-61371757	S2	Pranav & Brothers Limited	Pranav Brothers Limited Partners	825, Chaubachha Mohalla, Mathura, Uttar Pradesh	Uttar Pradesh, 825, CHAUBACHHA MOHALLA, MATHURA	India	India
S1-312194988	S2-85132981	S2	Dios Hospital	Dios Center	Bardhaman, West Bengal, Bijon Kumar Dey, Bulchandrapur, P O-Painta, Burdwan, C/O	C/O, BIJON KUMAR DEY, BULCHANDRAPUR, P O-PAINTA, BURDWAN, West Bengal	India	India
S1-312194988	S2-866623572	S2	Dios Hospital	Dios Hosflhi	Bardhaman, West Bengal, Bijon Kumar Dey, Bulchandrapur, P O-Painta, Burdwan, C/O	C/O, BIJON KUMAR DEY, BULCHANDRAPUR, P O-PAINTA, BURDWAN, West Bengal	India	India
S1-312194988	S3-98278704	S3	Dios Hospital	Dr Dios-Hospital (ID: 64696)	Bardhaman, West Bengal, Bijon Kumar Dey, Bulchandrapur, P O-Painta, Burdwan, C/O	C/o, Bijon Kumar Dey, Bulchandrapur, P O-painta, Burdwan, Uchalan, WB	India	India
S1-312194988	S3-560455091	S3	Dios Hospital	Dios Hoispal	Bardhaman, West Bengal, Bijon Kumar Dey, Bulchandrapur, P O-Painta, Burdwan, C/O	Bijon Kumar Dey, Bulchandrapur, P O-painta, C/o, Uchalan, Burdwan, পশ্চিমবঙ্গ	India	India
S1-36683808	S2-695978553	S2	Bourque & Stowell LLC	Bourque Stówell LLC Center	1221 Jackson Street, City Of La Crosse, WI	##1221 JACKSON STREET, LA CROSSE, WI	US	US
S1-406655545	S2-655646195	S2	Indian Investment Pvt Ltd	INDIAN ÍNVESTMENT PVT LTD	C/O-Shri Changdev Trinbak Salave, 12637/ 12 Pushkraj Residency B Wing Basement, Sangli, Maharashtra	Maharashtra, C/O-SHRI CHANGDEV TRINBAK SALAVE, 12637/ 12 PUSHKRAJ RESIDENCY B WING BASEMENT, SANGLI	India	India
S1-406655545	S3-44114932	S3	Indian Investment Pvt Ltd	इंडियन इन्वेस्टमेंट प्रा. लि.	C/O-Shri Changdev Trinbak Salave, 12637/ 12 Pushkraj Residency B Wing Basement, Sangli, Maharashtra	C/n-shri Changdev Trinbak Salave, 12637/ 12 Pushkraj Residency B Wing Basement, Sangli, MH	India	India
S1-496346323	S2-299310634	S2	Family Ministries	FAMILY MINISTRIES INC | www.familymin.com	124 Thompson Drive, Kings Mountain, NC	KINGS MOUNTAIN, 124 THOMPSON DRIVE, NC	US	US
S1-496346323	S3-535674736	S3	Family Ministries	FAMILY MINISTRIES Trading	124 Thompson Drive, Kings Mountain, NC		US	US
S1-75631487	S2-845611786	S2	New Delhi Parts Private Limited	Private New Delhi Parts Límited	A-31, Iind Floor, F.I.E.E. Complex, Okhla Industrial Area, Phase-Ii, New Delhi, South Delhi, Delhi	A-031, NEW DELHI, SOUTH DELHI, Delhi	India	India
S1-196578854	S2-955548630	S2	Young Joint LLC	Zetavantagedova	116-38 Merrick Boulevard, Jamaica, NY	116-38 MERRIFK BOULEVARD, JAMAIICA, NY	US	US
S1-557975484	S2-137076660	S2	Tathastu Traders Pvt. Ltd.	Dr TATHASTU TRADERS PVT. LTD.	Plot No.84/C, Phase -I, I.D.A Jeedimetla Quthubullapur, Medchal- Malkajgiri Dist., Hyderabad, Rangareddy, Telangana	PLOT NO.84/C, PHASE -I, I.D.A JEEDIMETLA QUTHUBULLAPUR, MEDCHAL- MALKAJGIRI DIST., HYDERABAD, తెలంగాణ	India	India
S1-972836911	S3-604960623	S3	First Rapid Xsolla Corp	firstrapidxsolla.com	104 Lanita Drive, Roland, OK	104 Lanita Dr, Roland, Oklahoma	US	US
S1-602775749	S2-161271237	S2	Urology Rocky Care Associates	Urology Rocky Care (Associates) #97284	4419 27th Street, Unit 11, Phoenix, AZ	4419 27ND ST, AZ, NORTHEAST	US	US
S1-602775749	S3-174000230	S3	Urology Rocky Care Associates	Urology Rocky Care Ássociates	4419 27th Street, Unit 11, Phoenix, AZ	4419 27th Street, # 11, Phoenix, Arizona	US	US
S1-602775749	S3-630600412	S3	Urology Rocky Care Associates	Urology Associates Care Services	4419 27th Street, Unit 11, Phoenix, AZ	4419 27th St, # 11, Phoenix, Arizona	US	US
S1-219548536	S3-791592839	S3	Dahlen Direct Muniyield	Dahlen Direct Services	215 Victoria Road, Hartford, CT		US	US
S1-219548536	S3-206417184	S3	Dahlen Direct Muniyield	DIRECT DAHLEN MUNIYIELD	215 Victoria Road, Hartford, CT	Victoria Road, Hartford, Connecticut	US	US
S1-219548536	S3-808807781	S3	Dahlen Direct Muniyield	Mdunieyld Direct Dahlen	215 Victoria Road, Hartford, CT	21 Victoria Road, Hartford, Connecticut	US	US
S1-898355913	S2-799011728	S2	Maxy Freeman Pacific Odyssey P.C.	-- @maxyfreeman	111 Boardman Street, Unit 1, Boston, MA	111 BOARDMAN STREET, BOSTON, MA	US	US
S1-898355913	S3-274886122	S3	Maxy Freeman Pacific Odyssey P.C.	Maxy Freegmna Pacific Odyssey P.C.	111 Boardman Street, Unit 1, Boston, MA	111 Boardman St, Unit 1, East Boston, Massachusetts	US	US
S1-898355913	S3-215068694	S3	Maxy Freeman Pacific Odyssey P.C.	Maxy Freeman Pacific Ódyssey P.C.	111 Boardman Street, Unit 1, Boston, MA	111 Boardman St, Unit 1, Boston, Massachusetts	US	US
S1-898355913	S3-367018366	S3	Maxy Freeman Pacific Odyssey P.C.	Maxy Freeman Pacific	111 Boardman Street, Unit 1, Boston, MA	# 1, 111 Boardman Street, Massachusetts, East Boston	US	US
S1-378164861	S2-825460140	S2	Industrial Wholesale Enterprises	INDUSTRIAL ENTERPRISES WHÓLESALE	2507 Branson Landing, Unit Unit 507B, Branson, MO	BRANSON LANDING, BRANSON, MO	US	US
S1-378164861	S3-796747973	S3	Industrial Wholesale Enterprises	industrialwholesaleenterprises.com	2507 Branson Landing, Unit Unit 507B, Branson, MO	507 Branson Landing, Unit Unit 507B, Branson, Missouri	US	US
S1-285660164	S2-51837559	S2	Sunrise Dynamic Trading Private Limited	সানরাইজ ডায়নামিক ট্রেডিং প্রাইভেট লিমিটেড	38 Baroda Avenue, Garia, Kolkata, Parganas South, West Bengal	পশ্চিমবঙ্গ, KOLKATA, PARGANAS SOUTH, GARIA, ##38 BARODA AVENUE	India	India
S1-285660164	S3-708196799	S3	Sunrise Dynamic Trading Private Limited	সানরাইজ ডায়নামিক ট্রেডিং প্রাইভেট লিমিটেড	38 Baroda Avenue, Garia, Kolkata, Parganas South, West Bengal	Baroda Avenue, Kolkata, পশ্চিমবঙ্গ	India	India
S1-659932965	S2-826453373	S2	Flint Group	Fnmlotn Group	11 Wyngate, Simsbury, CT	SIMSBURY, 11 WYNGATE, CT	US	US
S1-659932965	S2-316102040	S2	Flint Group	flintgroup.com	11 Wyngate, Simsbury, CT	11 WYGATE, SIMSBURY, CT	US	US
S1-659932965	S3-340507988	S3	Flint Group	Ariacalo	11 Wyngate, Simsbury, CT	Wyngate, Simsbury, Connecticut	US	US
S1-216511119	S2-645205818	S2	Surya Energy Private Limited	सूर्य एनर्जी प्राइवेट लिमिटेड	Nagar Jaipur, Hans Marg, C-252-A, Malviya Nagar, Rajasthan	HANS MARG, C-252-A, MALVIYA NAGAR, NAGAR JAIPUR, Rajasthan	India	India
S1-216511119	S3-188861564	S3	Surya Energy Private Limited	सूर्य Energy Private Limited	Nagar Jaipur, Hans Marg, C-252-A, Malviya Nagar, Rajasthan	C-252-a, Hans Marg, Nagar Jaipur, Malviya Nagar, RJ	India	India
S1-216511119	S3-245059775	S3	Surya Energy Private Limited	Surya Energy Limited Center	Nagar Jaipur, Hans Marg, C-252-A, Malviya Nagar, Rajasthan	C-252-a, Malviya Nagar, राजस्थान	India	India
S1-216511119	S3-700997777	S3	Surya Energy Private Limited	सूर्या Energy प्राइवेट लिमिटेड	Nagar Jaipur, Hans Marg, C-252-A, Malviya Nagar, Rajasthan	Malviya Nagar, C-252-a, Hans Marg, Malviya Nagar, RJ	India	India
S1-216511119	S3-47618118	S3	Surya Energy Private Limited	सूर्या एनर्जी प्राइवेट लिमिटेड	Nagar Jaipur, Hans Marg, C-252-A, Malviya Nagar, Rajasthan	C-252-a, Hans Marg, Malviya Nagar, RJ	India	India
S1-743936349	S2-394682076	S2	Shanda F. Jones, MD	SHANDAFJONESCOM	15 Hager Lane, Richland, NY	0015 HAGER LANE, PLUASKI, NY	US	US
S1-743936349	S2-121399524	S2	Shanda F. Jones, MD	SHANDA F. JOTTS, MD	15 Hager Lane, Richland, NY	0015 HAGER LN, PLUASKI, NY	US	US
S1-743936349	S3-124991785	S3	Shanda F. Jones, MD	Shanda F. Jonsl, MD	15 Hager Lane, Richland, NY	15 Hager Lane, Pulaski, New York	US	US
S1-549242522	S2-207037953	S2	Global Apple Inc	GLOBAL APPLE	1323 Sunset Boulevard, St George City, UT	UT, SAINT GEORGE, #1323 SUNSET BLVD	US	US
S1-244210172	S2-684232413	S2	Sky Producer Pvt Ltd	SKY  PVT LTD CENTER	Own House, Koparkhairne Village, Nr.Hanuman Mandir Koparkhairne (West), Navi Mumbai, Raigarh, Maharashtra	OWN HOUSE, KOPARKHAIRNE VILLAGE, NR.HANUMAN MANDIR KOPARKHAIRNE (WSET), NAVI MUMBAI, Maharashtra	India	India
S1-544301808	S2-152166163	S2	Advanced Bright Intelligent	Advanced Bright	142 Hughes Drive, Plymouth, NC	HUGHES DR, PLYMOUTH, NC	US	US
S1-544301808	S3-188100337	S3	Advanced Bright Intelligent	Advanced Bright Íntelligent	142 Hughes Drive, Plymouth, NC	142 Huahes Dr, Plymouth, North Carolina	US	US
S1-432478198	S3-472007969	S3	Olaneus Apollo	0laneus olaneus apollo	2500 Blanco Boulevard, Bloomfield, NM	Blanco Blvd, Bloomfield, New Mexico	US	US
S1-491925427	S2-944510200	S2	Henson Worldwide, LLC	Henson Wordgwlide, LLC	NY, 2 Weller Road, Unit Lot 2, Brandon	2 WELLER ROAD, NORTH BANGOR, NY	US	US
S1-491925427	S2-206983600	S2	Henson Worldwide, LLC	THE HENSON WORLDWIDE, LLC	NY, 2 Weller Road, Unit Lot 2, Brandon	2 Weller Road, BRANDON, NY	US	US
S1-460133008	S2-128135747	S2	Lo Blackrock Inc	loblackrock.com	9950 N Shore Road, Waconia, MN	9950 NORTH SHORE RD, WACONIA, MN	US	US
S1-460133008	S2-211840924	S2	Lo Blackrock Inc	SERVICES LO INC	9950 N Shore Road, Waconia, MN	9950 NORTH SHORE RD, WACONIA, MN	US	US
S1-17225841	S2-519136967	S2	Maven Traders Private Limited	Maven Traders Private Limited - 6199554860	Plot No. 40, 41 And 42, Survey No. 54, Kondapur, Hyderabad, Telangana	PLOT NO. 40, 41 AND 42, SURVEY NO. 54, KONDAPUR, HYDERABAD, తెలంగాణ	India	India
S1-17225841	S2-514287364	S2	Maven Traders Private Limited	maventraders.com	Plot No. 40, 41 And 42, Survey No. 54, Kondapur, Hyderabad, Telangana	NO 40 , 41 AND 42, SURVEY NO. 54, KONDAPUR, HYDERABAD, తెలంగాణ	India	India
S1-17225841	S3-535179494	S3	Maven Traders Private Limited	... Maven Private Limited Center	Plot No. 40, 41 And 42, Survey No. 54, Kondapur, Hyderabad, Telangana	Door No #40, 41 And 42, Survey No. 54, Kondapur, Hyderabad, Andhra Pradesh	India	India
S1-419148679	S2-453176009	S2	Kamla Industries Group Co	Mr Kamla Group Co Partners	Plot No.13734, C/O-Anath Barman Vill-Jagatber 3, Po-Bhogramguri, Cooch Behar, Koch Bihar, Coochbehar, West Bengal	NO 13734 , C/O-ANATH BARMAN VILL-JAGATBER 3, PO-BHOGRAMGURI, COOCH BEHAR, KOCH BIHAR, West Bengal	India	India
S1-419148679	S3-535341243	S3	Kamla Industries Group Co	Pyraveraavi	Plot No.13734, C/O-Anath Barman Vill-Jagatber 3, Po-Bhogramguri, Cooch Behar, Koch Bihar, Coochbehar, West Bengal	#13734, C/o-anath Barman Vill-jagatber 3, Po-bhogramguri, Cooch Behar, Koch Bihar, <NULL>, WB	India	India
S1-476024246	S2-335788428	S2	Big Ventures Private Limited	બિગ વેન્ચર્સ પ્રાઇવેટ લિમિટેડ	Sir Mount, Near Vasupujya Bunglows, S.G. Road, Satelite, Ahmedabad, 5Th Fl. 501, Ahmedabad, Gujarat	Gujarat, AHMEDABAD, SIR MOUNT, NEAR VASUPUJYA BUNGLOWS, S.G. ROAD, SATELITE, 5TH FL. 501, AHMEDABAD	India	India
S1-476024246	S3-309211196	S3	Big Ventures Private Limited	બિગ વેન્ચર્સ પ્રાઇવેટ લિમિટેડ	Sir Mount, Near Vasupujya Bunglows, S.G. Road, Satelite, Ahmedabad, 5Th Fl. 501, Ahmedabad, Gujarat	5Th Fl. 501, Ahmedabad, GJ	India	India
S1-846870843	S2-440163997	S2	Surgical Physicians LLC	Surgical Physicians	75 Cottonwood Road, Wake Forest, NC	##75 COTTONWOOD RD, WAKE FOREST, NC	US	US
S1-846870843	S3-356923634	S3	Surgical Physicians LLC	LLC Surgical Physicians	75 Cottonwood Road, Wake Forest, NC	Cottonwood Road, Wake Forest, North Carolina	US	US
S1-846870843	S3-629246701	S3	Surgical Physicians LLC	Surgical Physícians LLC	75 Cottonwood Road, Wake Forest, NC	Cottonwood Rd, Wake Forest, North Carolina	US	US
S1-846870843	S3-563016187	S3	Surgical Physicians LLC	LLC Surgical Physicdians	75 Cottonwood Road, Wake Forest, NC	75-77 Cottonwood Rd, Wake Forest, North Carolina	US	US
S1-111867989	S2-381811449	S2	Sujal Technologies Company	SUJAL TECHNOLOGIES	G-1, Akruti Height Road No.3 Rajendra Nagar, R Nagar, Patna, Bihar		India	India
S1-111867989	S2-147128452	S2	Sujal Technologies Company	Center Sujal Company	G-1, Akruti Height Road No.3 Rajendra Nagar, R Nagar, Patna, Bihar	G-1, AKRUTI HEIGHT ROAD NO.3 RAJENDRA NAGAR, R NAGAR, PATNA, बिहार	India	India
S1-341506266	S2-762225006	S2	Secunderabad Park Private Limited	>> SECUNDERABAD PARK PRIVATE	Secunderabad, Hyderabad, Plot No.53, Flat No.402, Sr Estate-I Rainbow Colony, Ammuguda, Sainikpuri, Telangana, # 53/1	PLOT NO.53, FLAT NO.402, SR ESTATE-I RAINBOW COLONY, AMMUGUDA, SAINIKPURI, SECUNDERABAD, # 53/1, Telangana, HYDERABAD	India	India
S1-341506266	S3-515150480	S3	Secunderabad Park Private Limited	Limited Secunderabad Private Center	Secunderabad, Hyderabad, Plot No.53, Flat No.402, Sr Estate-I Rainbow Colony, Ammuguda, Sainikpuri, Telangana, # 53/1	# 53/1, Plot No.53, Flat No.402, Sr Estate-i Rainbow Colony, Ammuguda, Sainikpuri, Secunderabad, Hyderabad, TG	India	India
S1-766893478	S2-657337240	S2	Karuna House Private Limited	KARUNA HOUSE PRIVATE LÍMITED	123 Vivekananda Road, Kolkata, Howrah, West Bengal	#23 VIVEKANANDA ROAD, KOLKATA, KOLKATA, NULL, পশ্চিমবঙ্গ	India	India
S1-766893478	S3-449742245	S3	Karuna House Private Limited	Private Karuna Hóuse Limited	123 Vivekananda Road, Kolkata, Howrah, West Bengal	###123 Vivekanabda Road, Kolkata, Howrah, পশ্চিমবঙ্গ	India	India
S1-622874768	S3-479650356	S3	Urban Diner LLC	>> Urban Diner LLC Services	64 Lovering Avenue, Unit Apartment 2, Buffalo, NY	Lovering Ave, Buffalo, New York	US	US
S1-622874768	S3-105672058	S3	Urban Diner LLC	Urban Diner	64 Lovering Avenue, Unit Apartment 2, Buffalo, NY	64 Lovering Avenue, Buffalo, New York	US	US
S1-854319024	S3-167406655	S3	Regional Trust PLLC	#Regionaltrust	7007 Savannah Run, Katy, TX	7007 Savannah Run, Katy, Texas	US	US
S1-476132624	S3-774003658	S3	Jamison, Zimmer and Juarez Inc	Jamis0n, Zimmer and Juarez Inc	Unit APT F, 7783 Newport Way, IN, Indianapolis	##7783 Newport Way, Unit APT F, Indianapolis, Indiana	US	US
S1-476132624	S3-71695295	S3	Jamison, Zimmer and Juarez Inc	@jamisonzimmer	Unit APT F, 7783 Newport Way, IN, Indianapolis	Indianapolis, Indiana, ##7783 Newport Way, Unit APT F	US	US
S1-486185859	S2-990123775	S2	Midwest Coalition	midwestcoalition.com	411 21st Street, Newton, NC	411 21ST ST, NEWTON, NC	US	US
S1-486185859	S3-64539006	S3	Midwest Coalition	Midwest Csolition	411 21st Street, Newton, NC	411 21st St, Newton, North Carolina	US	US
S1-486185859	S3-369569928	S3	Midwest Coalition	Evohalo Formerly Midwest Coalition	411 21st Street, Newton, NC	411 21st Street, NC, Newton	US	US
S1-447103941	S2-533462314	S2	Bell Flexipack Private Limited	Bell  Flexipack Private Limited | www.bellflex.com	Ground Floor, Pitru Chhaya Bldg, 6 Sleater Road, First Cross Lane, Grant Road, Mumbai, Mumbai City, Maharashtra	GROUND FLOOR, PITRU CHHAYA BLDG, 6 SLEATER ROAD, FIRST CROSS LANE, GRANT ROAD, MUMBAI, Maharashtra	India	India
S1-447103941	S3-555505573	S3	Bell Flexipack Private Limited	Bell Fléxipack Private Ltd	Ground Floor, Pitru Chhaya Bldg, 6 Sleater Road, First Cross Lane, Grant Road, Mumbai, Mumbai City, Maharashtra	Ground Floor, Pitru Chhaya Bldg, 6 Sleater Road, First Cross Lane, Grant Road, Mumbai, MH	India	India
S1-447103941	S3-352754009	S3	Bell Flexipack Private Limited	Bell Flexipack Plrirde Limited	Ground Floor, Pitru Chhaya Bldg, 6 Sleater Road, First Cross Lane, Grant Road, Mumbai, Mumbai City, Maharashtra	Ground Floor, Pitru Chhaya Bldg, 6 Sleater Road, First Cross Lane, Grant Road, Mumbai City, MH	India	India
S1-447103941	S3-556786353	S3	Bell Flexipack Private Limited	Shri Be1l-Flexipack	Ground Floor, Pitru Chhaya Bldg, 6 Sleater Road, First Cross Lane, Grant Road, Mumbai, Mumbai City, Maharashtra	Mumbai City, Mumbai, Ground Floor, महाराष्ट्र	India	India
S1-470845482	S2-448989652	S2	Sft Finance Private Limited	Sft Finance Limited Center	Paldi, National Design Business Incubator National Institute Of Design, Gujarat, Ahmedabad	NATIONAL DESIGN BUSINESS INCUBATOR NATIONAL INSTITUTE OF DESIGN, PALDI, Gujarat	India	India
S1-470845482	S2-531413638	S2	Sft Finance Private Limited	Sft Finance Pvirate Limited	Paldi, National Design Business Incubator National Institute Of Design, Gujarat, Ahmedabad	ગુજરાત, NATIONAL DESIGN BUSINESS INCUBATOR NATIONAL INSTITUTE OF DESIGN, PALDI	India	India
S1-317854633	S2-260083773	S2	The Dent Ice Cream	The Dent Ice	3254 Richardson Place Road, Unit APT 6, Arnold, MO	3254 RICHARDSON PLAEC RD, ARNOLD, MO	US	US
S1-317854633	S3-480047846	S3	The Dent Ice Cream	The Dent Ice	3254 Richardson Place Road, Unit APT 6, Arnold, MO		US	US
S1-925057409	S2-864301372	S2	Portillo & Pierre Processing	Portillo &  Pierre	Unit 2821, OK, 157 Stonebridge Boulevard, Edmond	EDMOND, OK, 157  STONEBRIDGE BOULEVARD	US	US
S1-243140298	S2-37880437	S2	Kestrel PLLC	Kestrel	9308 Cherry Hill Road, Unit 523, College Park, MD	#9308 CHERRY HILL RD, COLLEGE PARK, MD	US	US
S1-915022305	S2-355615365	S2	Cozy Pub	Ctooy Pub	3616 Peterson Avenue, Chicago, IL	PETERSON AVENUE, CHICAGGO, IL	US	US
S1-915022305	S3-857332206	S3	Cozy Pub	C0zy Pub	3616 Peterson Avenue, Chicago, IL	##3616 Peterson Ave, Chicago, Illinois	US	US
S1-915022305	S3-756557772	S3	Cozy Pub	Cozy Pub (ID: 72299)	3616 Peterson Avenue, Chicago, IL	##3616 Peterson Ave, Chicago, Illinois	US	US
S1-791484925	S2-987121191	S2	International Vision Technologies Pvt Ltd	ઇન્ટરનેશનલ વિઝન ટેક્નોલોજીસ પ્રા. લિ.	Shop No 50, Shivam Reality Shri Sharan Business Park, Changodar, Ahmedabad, Gujarat	H.NO ##50, SHIVAM REALITY SHRI SHARAN BUSINESS PARK, CHANGODAR, AHMEDABAD, Gujarat	India	India
S1-865131206	S2-657355663	S2	Helios	HELI0S LP	66 Edgewood Street, Bridgeport, CT	66 EDGEWOOD ST, BRIDGEPORT, CT	US	US
S1-865131206	S3-652513823	S3	Helios	Hiros	66 Edgewood Street, Bridgeport, CT	Connecticut, 66 Edgewood St, Bridgeport	US	US
S1-865131206	S3-567734078	S3	Helios	@Helios	66 Edgewood Street, Bridgeport, CT	66 Edgewood Street, Bridgeport, Connecticut	US	US
S1-865131206	S3-219374335	S3	Helios	Helios.Com	66 Edgewood Street, Bridgeport, CT	Bridgeport, 66 Edgewood Saint, Connecticut	US	US
S1-913301865	S2-448343421	S2	Technologies Pratyaksh Finserve Limited	TECHNOLOGIES  PRATYAKSH	Village Kurali, Sabhapur Road Tehsil Bilaspur. Block Sadhoura, Tehsil Bilaspur, Yamuna Nagar, Haryana	हरियाणा, VILLAGE KURALI, SABHAPUR ROAD TEHSIL BILASPUR. BLOCK SADHOURA, TEHSIL BILASPUR	India	India
S1-913301865	S2-501080638	S2	Technologies Pratyaksh Finserve Limited	TECHNOLOGIES PRATYAKSH FINSERVE LÍMITED	Village Kurali, Sabhapur Road Tehsil Bilaspur. Block Sadhoura, Tehsil Bilaspur, Yamuna Nagar, Haryana	VILLAGE KURALI, SABHAPUR ROAD TEHSIL BILASPUR. BLOCK SADHOURA, TEHSIL BILASPUR, Haryana	India	India
S1-783056748	S2-835729943	S2	Kelley Animal Hospital	KELLEY KELLEY ANIMAL CENTER	Unit 204, NC, 1060 Watercourse Circle, Graham	1060 1/2 WATERCOURSE CIR, GRAHAM, NC	US	US
S1-783056748	S3-158880970	S3	Kelley Animal Hospital	Kelley Hospital Animal	Unit 204, NC, 1060 Watercourse Circle, Graham	1060 Watercourse Cir, Graham, North Carolina	US	US
S1-277460033	S2-350050181	S2	Jackson, Cortez & Taylor Ltd	Ltd Jackson, Corctez & Taylor	71 Norman Street, West Springfield, MA	71 NORMAN STREET, PO BOX 9254, W SPRINGFIELD, MA	US	US
S1-277460033	S2-416219309	S2	Jackson, Cortez & Taylor Ltd	Jackson, Coetz & Taylor Ltd	71 Norman Street, West Springfield, MA	71 NORMAN STREET, PO BOX 727, W SPRINGFIELD, MA	US	US
S1-460033462	S3-280691790	S3	FYJ Apparels Private Limited	FYJ Appare1s Private Limited	No.1 19Th Street K.K.Nagar, Chennai, Tamil Nadu	No.1 19Th Street K..knagar, Chennai, TN	India	India
S1-898630961	S2-503875679	S2	Best Infra Limited	बेस्ट इंफ्रा लिमिटेड	Naman Centre, C-31, Bandra Kurla Complex, G-Block, Opp Dena Bank, Mumbai, Maharashtra	NAAN CENTRE, MUMBAI, Maharashtra	India	India
S1-898630961	S2-836286515	S2	Best Infra Limited	BEST  INFRA LTD	Naman Centre, C-31, Bandra Kurla Complex, G-Block, Opp Dena Bank, Mumbai, Maharashtra	NAMAN CENTRE, C-G-31, BANDRA KURLA COMPLEX, G-BLOCK, OPP DENA BANK, MUMBAI, महाराष्ट्र	India	India
S1-898630961	S2-484694083	S2	Best Infra Limited	बेस्ट इंफ्रा लिमिटेड	Naman Centre, C-31, Bandra Kurla Complex, G-Block, Opp Dena Bank, Mumbai, Maharashtra	NAMAN CENTRE, MUMBAI, Maharashtra	India	India
S1-898630961	S2-668596758	S2	Best Infra Limited	Best Límited Partners	Naman Centre, C-31, Bandra Kurla Complex, G-Block, Opp Dena Bank, Mumbai, Maharashtra	NAMAN CENTRE, C-G-31, BANDRA KURLA COMPLEX, G-BLOCK, OPP DENA BANK, MUMBAI, Maharashtra	India	India
S1-898630961	S3-184761343	S3	Best Infra Limited	limited best infra	Naman Centre, C-31, Bandra Kurla Complex, G-Block, Opp Dena Bank, Mumbai, Maharashtra	Naman Centre, Mumbai, महाराष्ट्र	India	India
S1-898630961	S3-683805650	S3	Best Infra Limited	बेस्ट इंफ्रा लिमिटेड	Naman Centre, C-31, Bandra Kurla Complex, G-Block, Opp Dena Bank, Mumbai, Maharashtra	Naman Centre, Mumbai, महाराष्ट्र	India	India
S1-367749530	S2-412030932	S2	Meenaksh Industrial LLP	Meenaksh Índustrial LLP	301, 3Rd Floor, Kanakshri Building Plot No. 8 Shobhagpura, Girwa, Udaipur, Rajasthan	HN 176 301, 3RD FLOOR, KANAKSHRI BUILDING PLOT NO. 8 SHOBHAGPURA, GIRWA, Rajasthan	India	India
S1-285639517	S2-261343500	S2	Woods Health Center	WOODS HEALTH	1616 4th Street, Woodward, OK	#1616 4ND STREET, WOODWARD, OK	US	US
S1-285639517	S2-40822713	S2	Woods Health Center	W0ods Health Center Ltd	1616 4th Street, Woodward, OK	#1616 FOURTH ST, WOODWARD, OK	US	US
S1-129027978	S2-418726575	S2	Express Construction LLC	Express LLC Service	430 Haldimand Avenue, Hamilton, OH	HAMILTON, 430 HALTIMAND AVENUE, OH	US	US
S1-881848076	S2-351611576	S2	OZL (india)	OZL OZL (INDIA) LIMITED	Plot No - 155 Sahid Nagar, Bhubaneswar, Khordha, Orissa	PLOT 259 PLOT NO - 155 SAHID NAGAR, BHUBANESWAR, Odisha	India	India
S1-832211747	S2-923493046	S2	EDT House, Inc	EDT Hoiuh, Inc	136 Peachtree Memorial Drive, Unit 7, Atlanta, GA	136 PEACHTREE MEMORIAL DRIVE, ATLNATA, GA	US	US
S1-778830470	S2-30330106	S2	Gulf Harbor House	gulfharborhousecom	3 Margate Lane, Dennis, MA	3  MARGATE LANE, SOUTH DENNIS, MA	US	US
S1-778830470	S3-342166619	S3	Gulf Harbor House	Gulf  Harbor	3 Margate Lane, Dennis, MA	Margate Lane, Dennis, Massachusetts	US	US
S1-639096068	S2-837803619	S2	India Impact Development Limited	INDIAIMPACTDEVELOPMENT.COM	W 21/674, Beach Road, Alleppey, Alappuzha, Kerala	W 51/674, BEACH ROAD, ALLEPPEY, കേരളം	India	India
S1-639096068	S2-334697769	S2	India Impact Development Limited	India Ímpact Development Ltd	W 21/674, Beach Road, Alleppey, Alappuzha, Kerala	W 51/674, BEACH ROAD, ALLEPPEY, Kerala	India	India
S1-639096068	S2-435057007	S2	India Impact Development Limited	India Imantc Development Limited	W 21/674, Beach Road, Alleppey, Alappuzha, Kerala		India	India
S1-639096068	S3-515416988	S3	India Impact Development Limited	India Impact Limited Services	W 21/674, Beach Road, Alleppey, Alappuzha, Kerala	W 21/674, Alappuzha, Keralam	India	India
S1-632136965	S3-322699324	S3	Hultz & Kaufman LLC	Hultz Káufman LLC Partners	2518 Back Bay Loop, Costa Mesa, CA	2518 Back Bay Loop, Costa Mesa, California	US	US
S1-208167915	S2-818039280	S2	Steel Welfare Society	Steel Welfare Society Ltd	Plot No K-4 1465 Kalinga Vihar, Bhuabneswar, Khordha, Orissa	Odisha, PLOT NO K-4 1465 KALINGA VIHAR, BHUABNESWAR	India	India
S1-208167915	S2-640357806	S2	Steel Welfare Society	Steel  Society Welfare	Plot No K-4 1465 Kalinga Vihar, Bhuabneswar, Khordha, Orissa	PLOT NO K-4 1465 KALINAG VIHAR, BHUABNESWAR, Odisha	India	India
S1-208167915	S2-878222287	S2	Steel Welfare Society	Steel Welfare Society Corp	Plot No K-4 1465 Kalinga Vihar, Bhuabneswar, Khordha, Orissa	PLOT NO K-4 1465 KALINGA VIHAR, BHUABNESWAR, ଓଡ଼ିଶା	India	India
S1-208167915	S2-783197338	S2	Steel Welfare Society	Steel Welfare Society Corporation	Plot No K-4 1465 Kalinga Vihar, Bhuabneswar, Khordha, Orissa	PLOT NO K-4 1465 KALINGA VIHAR, BHUABNESWAR, Odisha	India	India
S1-393746933	S2-959524819	S2	Mathis Colonial Fitness LLC	MATHISCOLONIALFITNESS.COM	310 Merchant Street, Byron, IL	310A MERCHANT STREET, PO BOX 2951, BYRON, IL	US	US
S1-245736163	S3-970219121	S3	Eastern Products Private Limited	ईस्टर्न प्रोडक्ट्स प्राइवेट लिमिटेड	105 Sir Vithaldas Chamber, 16 Mumbai Samachar Marg Fort, Mumbai, Maharashtra	105 Sir Vithaldas Chamber, Mumbai, 16 Mumbai Samachar Marg Fort, MH	India	India
S1-422772138	S2-786010216	S2	Real Enterprises Private Limited	रियल एंटरप्राइजेज प्राइवेट लिमिटेड	Shop No G 10, Parksyde Business Avenue, Nashik, Maharashtra	SHOP NO G #10, NASHIK, Maharashtra	India	India
S1-422772138	S2-44066783	S2	Real Enterprises Private Limited	reprivate.com	Shop No G 10, Parksyde Business Avenue, Nashik, Maharashtra	SHOP NO G #10, NASHIK, Maharashtra	India	India
S1-755362802	S2-587230276	S2	Prabhav Business Center	Prabhav Center Center	797, Lake Town Block A, Kolkata, Howrah, West Bengal	HN 567 797, LAKE TOWN BLOCK A, KOLKATA, NULL, West Bengal	India	India
S1-769172378	S2-977119232	S2	Technocast Chit Private Limited	privatechittechnocast.com	A/39, Kamla Nagar, Near Ram Mandir, Kotra Sultanabad, Bhopal, Madhya Pradesh	A/##39, KAMLA NAGAR, NEAR RAM MANDIR, KOTRA SULTANABAD, DIVREPORTINGCIRCLE, BHOPAL, Madhya Pradesh	India	India
S1-769172378	S2-754328130	S2	Technocast Chit Private Limited	LIMITED TECHNOCAST CHIT SERVICE	A/39, Kamla Nagar, Near Ram Mandir, Kotra Sultanabad, Bhopal, Madhya Pradesh	A/##39, KAMLA NAGAR, NEAR RAM MANDIR, KOTRA SULTANABAD, DIVREPORTINGCIRCLE, BHOPAL, Madhya Pradesh	India	India
S1-533701421	S3-521363983	S3	First Cartesian LLC	Firstcartesian.Com	586 Country Way, Sanford, NC	586 Country Way, Sanford, North Carolina	US	US
S1-420226248	S2-761652097	S2	Rhea Karg Continental Technical LLC	Rhea Karg Continental	Colerain, NC, 204 Dew Drop Road	204 DEW DOOP RD, COLERAIN, NC	US	US
S1-334146653	S2-135986316	S2	Hart and Santana Inc	HART AND-SANTANA INC CENTER	1567 Fairfield Drive, Elburn, IL	FAIRFIELD DR, ELBURN, IL	US	US
S1-641249328	S2-143628815	S2	Sacramento Veterans Highland Society	Sacramento [Veterans]	CA, Sacramento, 5741 55th Street	5741-5743 55TH ST, SACRAMENTO, CA	US	US
S1-641249328	S2-214078137	S2	Sacramento Veterans Highland Society	veterans sacramento highland society	CA, Sacramento, 5741 55th Street	5741-5743 55TH ST, SACRAMENTO, CA	US	US
S1-641249328	S3-385955002	S3	Sacramento Veterans Highland Society	Sacramento Vmeterans  Highland Society	CA, Sacramento, 5741 55th Street	5741 1/2 55th St, Sacramento, California	US	US
S1-448166395	S3-111294485	S3	Kerium Care	Kerium Services	NY, Smithtown, 3 Bette Lane	3 Bette Lane, Commack CITY, New York	US	US
S1-703428973	S2-415829669	S2	WXP Commercial LP	WXP LP Partners	Lavergne, 132 Vaughnwood Drive, TN	#132 VAUGHNWOOD DR, LAVERGNE, TN	US	US
S1-703428973	S2-695748883	S2	WXP Commercial LP	LP WXP Commgehail	Lavergne, 132 Vaughnwood Drive, TN	#132 VAUGHNWOOD DR, PMB 2185, LAVERGNE, TN	US	US
S1-703428973	S3-655509611	S3	WXP Commercial LP	WXP Comercial  LP	Lavergne, 132 Vaughnwood Drive, TN	132- Vaughnwood Dr, La Vergne, Tennessee	US	US
S1-703428973	S3-235026885	S3	WXP Commercial LP	WXP LP (Center)	Lavergne, 132 Vaughnwood Drive, TN	132- Vaughnwood Dr, La Vergne, Tennessee	US	US
S1-834386502	S2-911353962	S2	Indo Builders Private Limited	इंडो बिल्डर्स प्राइवेट लिमिटेड	768 Setellite Junction Kailod Hala, Indore, Madhya Pradesh	2-768 SETELLITE JUNCTION KAILOD HALA, INDORE, Madhya Pradesh	India	India
S1-650106134	S2-264030809	S2	Testa Analytics	TESTA ANLYTICS	1777 Orlando Road, Columbus, OH		US	US
S1-650106134	S2-237185145	S2	Testa Analytics	Testa Aartyincs	1777 Orlando Road, Columbus, OH	1777 ORLANDO RD, NULL, COLUMBUS  CITY, OH	US	US
S1-824919785	S3-781959230	S3	AL Transport Private Limited	AL Trnsort Private (Limited)	Tamil Nadu, Manasarover Oyster Bay Anand Farms Muttukadu Village, Chingleput Taluk, Kancheepuram, House No.24	Kancheepuram, TN, Kancheepuram, House No.24	India	India
S1-221443075	S2-804818360	S2	Iris Advisors	Iris Center	House No-777 Raghubir Bhawanmadan Pur Khadar Sarita Vihar, Delhi, South Delhi, Delhi	HOUSE NO-777 RAGHUBIR BHAWANMADAN PUR KHADAR SARITA VIHAR, DELHI, Delhi	India	India
S1-128347375	S2-243566223	S2	Anand Green Logistics Private Limited	आनंद ग्रीन लॉजिस्टिक्स प्राइवेट लिमिटेड	107 First Floor Plot No-6T.C, Jaina Tower -2 District Centre Janak New Delhi, Delhi, Jaina Tower -2 District Centre Janak New Delhi, Delhi, New Delhi, West Delhi, Delhi	FIRST FLOOR PLOT NO-6T.C, JAINA TOWER -2 DISTRICT CENTRE JANAK NEW DELHI, DELHI, JAINA TOWER -2 DISTRICT CENTRE JANAK NEW DELHI, DELHI, NEW DELHI, Delhi	India	India
S1-128347375	S3-507291376	S3	Anand Green Logistics Private Limited	आनंद ग्रीन लॉजिस्टिक्स प्राइवेट लिमिटेड	107 First Floor Plot No-6T.C, Jaina Tower -2 District Centre Janak New Delhi, Delhi, Jaina Tower -2 District Centre Janak New Delhi, Delhi, New Delhi, West Delhi, Delhi	107 First Floor Plot No-6t.c, West Delhi, DL	India	India
S1-128347375	S3-848225821	S3	Anand Green Logistics Private Limited	आनंद ग्रीन लॉजिस्टिक्स प्राइवेट लिमिटेड	107 First Floor Plot No-6T.C, Jaina Tower -2 District Centre Janak New Delhi, Delhi, Jaina Tower -2 District Centre Janak New Delhi, Delhi, New Delhi, West Delhi, Delhi	107 First Floor Plot No-6t.c, New Delhi, दिल्ली	India	India
S1-823546667	S2-78487028	S2	Sunrise Infrastructure Pvt Ltd	સનરાઇઝ ઇન્ફ્રાસ્ટ્રક્ચર પ્રા. લિ.	P No 42, 1St Floor, Devchand, U M Road, Surat City, Surat, Gujarat	P NO 42, SURAT, SURAT CITY, Gujarat	India	India
S1-823546667	S3-937818478	S3	Sunrise Infrastructure Pvt Ltd	સનરાઇઝ ઇન્ફ્રાસ્ટ્રક્ચર પ્રા. લિ.	P No 42, 1St Floor, Devchand, U M Road, Surat City, Surat, Gujarat	Hn 832 P No 42, GJ, 1St Floor, Devchand, U M Road, Surat, Kadodara	India	India
S1-853993166	S3-792063821	S3	Education Clean Alliance Group	Education Clean	89 Meadowbrook Country Club Estate, Ballwin, MO	Meadowbrook Country Club Estate, Ballwin, Missouri	US	US
S1-739195544	S2-97351951	S2	Neilla Killian Communications Inc	Neilla Kíllian Communications	200 Faber Avenue, Waterbury, CT	200 FABER AVE, WATERBURY, CT	US	US
S1-881005414	S2-522626256	S2	Liberty Montessori School	LIBERTY MONTESSORI SCHÓOL	217 Talahi Road, Vienna Town, VA	215 TALAHI RD, VA, VIENNA	US	US
S1-881005414	S2-393848629	S2	Liberty Montessori School	LIBERTY SCHOOL [MONTESSORI]	217 Talahi Road, Vienna Town, VA	215 Talahi Rd, VIENNA TOWN, VA	US	US
S1-966940882	S2-258792033	S2	Fine & Co	Fri & Co	Bangalore, Karnataka, Prestige Falcon City, Kanakapura Main Road, Konanakunte Cross, Bangalore, Flat No. 51262	5126, PRESTIGE FALCON CITY, KANAKAPURA MAIN ROAD, KONANAKUNTE CROSS, THURAHALLI ROAD, BANGALORE, Karnataka	India	India
S1-804300777	S2-217729012	S2	Swastik Hospitality Private Limited	swastik h0spitality private limited	S No 268 Swami Samarth Nagar Ph-I Flat- 15 Building-D/Ii Chichwad, Pune, Maharashtra	Maharashtra, S NO 2-68 SWAMI SAMARTH NAGAR PH-I FLAT- 15 BUILDING-D/II CHICHWAD, PUNE	India	India
S1-804300777	S3-291243842	S3	Swastik Hospitality Private Limited	स्वस्तिक हॉस्पिटैलिटी प्राइवेट लिमिटेड	S No 268 Swami Samarth Nagar Ph-I Flat- 15 Building-D/Ii Chichwad, Pune, Maharashtra	320 S No 268 Swami Samarth Nagar Ph-i Flat- 15 Building-d/ii Chichwad, Pune, MH	India	India
S1-94297591	S2-442481350	S2	Quva LLC	Quva	9200 Beach Road, Town Of Port Wing, WI	9200 BEACH RD, TOWN OF PORT WING, WI	US	US
S1-23537063	S3-975776320	S3	Almond Education Private Limited	Almond Education Prifste Limited	H.No. 5-4-22, Sri Nilayam, Gayathri Nagar Kukatpally, Tirumalagiri, Hyderabad, Telangana	Door No 5-4-2, Sri Nilayam, Gayathri Nagar Kukatpally, Hyderabad, TG	India	India
S1-31462693	S2-976403108	S2	Buller Cardiology	BULLER [CARIOOY]	810 Eureka Street, Gentry, AR	810 EUREKA ST, GENTRY, AR	US	US
S1-31462693	S3-835395928	S3	Buller Cardiology	Buller Csidioloy	810 Eureka Street, Gentry, AR	810 Eureta Street, Gentry, Arkansas	US	US
S1-31462693	S3-794914142	S3	Buller Cardiology	Buller Buller (Craology)	810 Eureka Street, Gentry, AR	810 Eureea St, Gentry, Arkansas	US	US
S1-31462693	S3-658215354	S3	Buller Cardiology	Buller-Carioloegy	810 Eureka Street, Gentry, AR	810 Eureka Street, Arkansas, Gentry	US	US
S1-261360486	S3-370085344	S3	Dynasty & Co	Dngty & Co	A-108 Vasundhara, Apartment Dwarka Sector 6, New Delhi, South West Delhi, Delhi	H.no 447 A-108 Vasundhara, New Delhi, South West Delhi, DL	India	India
S1-261360486	S3-991702800	S3	Dynasty & Co	@dynasty	A-108 Vasundhara, Apartment Dwarka Sector 6, New Delhi, South West Delhi, Delhi	DL, South West Delhi, H.no 447 A-108 Vasundhara, Apartment Dwarka Sector 6, New Delhi	India	India
S1-477773796	S2-444210174	S2	Ware Engineering	Ware Center	415 Chestnut Land Road, New Milford, CT	415  CHESTNUT LAND RD, NEW MILFORD, CT	US	US
S1-557511474	S3-348187872	S3	Raut Sangh	Raut Center	Perecherla, Guntur, Andhra Pradesh	Perecherla, Guntur, AP	India	India
S1-442205824	S3-823234373	S3	Orthopedic Specialists PC	Orthopedic Specialist PC	Andover, VT, 2448 Hill Road	2448 Hill Road, Andover, Vermont	US	US
S1-667406578	S2-136825099	S2	Miles and Wright	MILES WRIGHT AND	28 County Road 5100, Cleveland, TX	CLEVELAND, TX, 46-48 COUNTY ROAD 5100, PMB 7988	US	US
S1-667406578	S3-591767607	S3	Miles and Wright	Miles and Wídti	28 County Road 5100, Cleveland, TX	#32 County Road 5100, Cleveland, Texas	US	US
S1-252433119	S2-398533842	S2	Secure Telecom Collective	Secure-Teelnocm Cóllective	2909 Pasture View Court, Powell, OH	2909 PASTURE VIEW CT, POWELL, N/A, OH	US	US
S1-275228042	S2-865717591	S2	Primary Care Specialists Inc.	Primary-Specialists Inc. Center	807 Calvert Drive, Bismarck, ND	807  CALVERT DR, BISMARCK, ND	US	US
S1-817683544	S3-788973706	S3	Mhs Sangh	Shri Mhs Sangh	5Sl-07Vill-Barolanoidag.B.Nagar, Noida, Gautam Buddha Nagar, Uttar Pradesh	5Sl-07Vill-Barolanoidag.B.Nagar, Gautam Buddha Nagar, Noida, UP	India	India
S1-435735212	S2-351674207	S2	Juniper	Junoper	12831 6th Street, Unit Suite B, Lillian, AL	AL, LILLIA NCITY, 12831-12835 SIXTH STREET	US	US
S1-435735212	S3-579829121	S3	Juniper	juniper.com	12831 6th Street, Unit Suite B, Lillian, AL	12831 6th St, # Suite B, Lillian, Alabama	US	US
S1-568551826	S2-518628977	S2	Ramsey Highview Clinic	Ramsey Higvhw  Clinic	11 Doak's Lane, Marblehead, MA	11 DOAK'S LANE, MARBLEEHEAD, MA	US	US
S1-777898303	S2-473374474	S2	Fifi Basinger World	FIFI BASINGER WORLD CORP	2290 Spring Street, Lima, OH	2290 SPRING ST, LIMA, OH	US	US
S1-777898303	S3-155859939	S3	Fifi Basinger World	Fifi Bsbghigr World	2290 Spring Street, Lima, OH	2290 Spring Street, Lima, Ohio	US	US
S1-853669737	S2-509546576	S2	Jackson Wood Private Limited	jacksonwood.com	Ground Floor, Office No12, Sunstar Tower Near Ioc Qtr., Panchayat Nagar, Rajkot, Gujarat	GROUND FLOOR, OFFICE NO0012, SUNSTAR TOWER NEAR IOC QTR., PANCHAYAT NAGAR, RAJKOT, Gujarat	India	India
S1-787617931	S2-863761700	S2	Delta Ministries IV	DELTA MÍNISTRIES IV	40219 Bay Hill Way, Phoenix, AZ	BAY HILL WAY, PHOENIX, AZ	US	US
S1-787617931	S3-217603089	S3	Delta Ministries IV	Delta  IV Partners	40219 Bay Hill Way, Phoenix, AZ	40219 Bay Hill Way, Phoenix, Arizona	US	US
S1-501073561	S3-451238808	S3	Shepard and Alvarez LLC	Shepard and Alvbrz LLC	IL, Libertyville, 319 Carriage Hill Circle		US	US
S1-954595905	S2-533572108	S2	Operating Engineers Union Local No 269	Operating Engineers Union Local No	1311 Wildwood Drive, Arlington, TX	001311 WILDWOOD DR, ARLINGTON, TX	US	US
S1-28410420	S2-733994881	S2	Total Wireless Technologies	Total Wireless Tchnologies Tchnologies	578 Hyacinth Road, Gilmer, TX	578 1/2 HYACINTH RD, TX, GILMER	US	US
S1-829348020	S2-19151888	S2	All Management Limited	ఆల్ మేనేజ్‌మెంట్ లిమిటెడ్	52-12-1 Rajendra Nagar, Rajahmundry, Guntur, Andhra Pradesh	#54-12-1 RAJENDRA NAGAR, RAJAMAHENDRAVARAM, GUNTUR, ఆంధ్రప్రదేశ్	India	India
S1-829348020	S2-708805610	S2	All Management Limited	ALL MTANIAEGMBNT LIMITED	52-12-1 Rajendra Nagar, Rajahmundry, Guntur, Andhra Pradesh		India	India
S1-829348020	S2-246779642	S2	All Management Limited	#ALLMANAGEMENT	52-12-1 Rajendra Nagar, Rajahmundry, Guntur, Andhra Pradesh	54-12-1 RAJENDRA NAGAR, RAJAHMUNDRY, Andhra Pradesh	India	India
S1-234200441	S2-712609628	S2	Packer Broadband LLC	PACKER-BROADBAND	535 Cox Lane, Minor Hill, TN		US	US
S1-557547015	S2-814600436	S2	Balaji College	balajicollege.com	C/O Om Prakash Shukla Dalav Dharai, Amethi, Sultanpur, Uttar Pradesh	C/O OM PRAKASH SHUKLA DALAV DHARAI, AMETHI, उत्तर प्रदेश	India	India
S1-557547015	S3-331856686	S3	Balaji College	balajicollege.com	C/O Om Prakash Shukla Dalav Dharai, Amethi, Sultanpur, Uttar Pradesh	Amethi, UP, C/o Om Prakash Shukla Dalav Dharai, Sultanpur	India	India
S1-418514604	S2-188324086	S2	Family Committee	FAMILY  COMMITTEE INC	3005 207, Flatwoods, KY	FLATWOODS TOWNSHIP, KY, 3004 207	US	US
S1-418514604	S3-368098796	S3	Family Committee	Family Partners	3005 207, Flatwoods, KY	3005- 207, Flaatwoods, Kentucky	US	US
S1-235258587	S2-382834148	S2	Tri-State Preferred Gsr	Tri-State-Pfnrered Gsr	925 3rd Street, Burlington, IA	IA, BURLINGTON, 925 THIRD ST	US	US
S1-131053132	S2-535908446	S2	All Industrial Innovations	ALL INDUSTRIAL INVNAITONS	2110 Knox School Road, Greene, NC	2110 Knox School Rd, WALSTONBURG, NC	US	US
S1-131053132	S2-401371824	S2	All Industrial Innovations	All Industrial Ínnovations	2110 Knox School Road, Greene, NC	2110 KNOX SCHOOL ROAD, NC, GREENE	US	US
S1-131053132	S2-545087735	S2	All Industrial Innovations	ALL ÍNDUSTRIAL INNOVATIONS	2110 Knox School Road, Greene, NC		US	US
S1-131053132	S3-265901131	S3	All Industrial Innovations	All Industrial Partners	2110 Knox School Road, Greene, NC	2110 Knox School Road, Greene, North Carolina	US	US
S1-307702274	S2-331471493	S2	Da (India) Agro Limited	M/s Da (Índia) Agro Limited	Flat No 1703, Brighton Tower, 2Nd Cross Lane, Lokhandwala Complex, Mumbai, Maharashtra	1703 , BRIGHTON TOWER, 2ND CROSS LANE, LOKHANDWALA COMPLEX, MUMBAI, Maharashtra	India	India
S1-307702274	S2-811665838	S2	Da (India) Agro Limited	Da (Inmdia) Agro Limited	Flat No 1703, Brighton Tower, 2Nd Cross Lane, Lokhandwala Complex, Mumbai, Maharashtra	1703 , BRIGHTON TOWER, 2ND CROSS LANE, LOKHANDWALA COMPLEX, MUMBAI, Maharashtra	India	India
S1-307702274	S3-978834272	S3	Da (India) Agro Limited	Da (India) Agro	Flat No 1703, Brighton Tower, 2Nd Cross Lane, Lokhandwala Complex, Mumbai, Maharashtra	Flat No 17-03, Bombay, Mumbai, MH	India	India
S1-970972284	S2-904010001	S2	Gujarat Guru Agro Private Limited	गुजरात गुरु एग्रो प्राइवेट लिमिटेड	Bihar, Pakki Sarai Road, Muzaffarpur, Near Abbda High School Azad Market, 3Rd Floor, Mithanpura	BLOCK D-308 PAKKI SARAI ROAD, NEAR ABBDA HIGH SCHOOL AZAD MARKET, 3RD FLOOR, Bihar, MITHANPURA, MUZAFFARPUR	India	India
S1-287666599	S2-207356341	S2	Bates Generation LLC	batesgeneration.com	25943 Highland Road, Richmond Heights, OH	25943 HIGHLAND RD, CLEVELAND, OH	US	US
S1-287666599	S3-517645522	S3	Bates Generation LLC	Batesgeneration.Com	25943 Highland Road, Richmond Heights, OH	Ohio, Cleveland, 25943 Highland Rd	US	US
S1-617582034	S2-836407883	S2	Roberta Bissett All Illumination Center	ROBERTA BISSETT ALL ILLUMINATION CÉNTER	Asheville, Unit T, NC, 27 Beri Drive	##27 BERI DR, ASHEVILLE, NC	US	US
S1-617582034	S2-737572841	S2	Roberta Bissett All Illumination Center	ROBERTA BISSETT ALL ILLUMINATION CENTER CO	Asheville, Unit T, NC, 27 Beri Drive	##27 BERI DR, PMB 3192, ASHEVILLE, NC	US	US
S1-617582034	S3-604241953	S3	Roberta Bissett All Illumination Center	Roberta Bíssett All Illumination Center	Asheville, Unit T, NC, 27 Beri Drive	27 Beri Drive, Unit T, Asheville, North Carolina	US	US
S1-552065633	S2-89455003	S2	Kushinagar Multi Pvt Ltd	KUSHINAGAR PVT LTD SERVICE	C/O Divya Sukla, Gyatrinagar Kasia Road Chawani, Padrauna, Kushinagar, Gorakhpur, Uttar Pradesh	C/O DIVYA SUKLA, GYATRINAGAR KASIA ROAD CHAWANI, PADRAUNA, KUSHINAGAR, Uttar Pradesh	India	India
S1-552065633	S3-782810741	S3	Kushinagar Multi Pvt Ltd	Kushinagar Mnulati Pvt Ltd	C/O Divya Sukla, Gyatrinagar Kasia Road Chawani, Padrauna, Kushinagar, Gorakhpur, Uttar Pradesh	C/o Divya Sumla, Gyatrinagar Kasia Road Chawani, Padrauna, Gorakhpur, UP	India	India
S1-501989527	S2-444690894	S2	4880 Fourth St Associates	4880 Fóurth St Associates	CA, 2842 Horn Court, Simi Valley		US	US
S1-501989527	S2-97693235	S2	4880 Fourth St Associates	4880 Fmuorts St Associates	CA, 2842 Horn Court, Simi Valley	2842 HORN COURT, CITY OF SIMI VALLEY, CA	US	US
S1-501989527	S3-730862670	S3	4880 Fourth St Associates	4880 Fourth St	CA, 2842 Horn Court, Simi Valley	756 Horn Ct, Simi Valley, California	US	US
S1-393157555	S2-414823814	S2	Golden Ice Cream!	Golden Ice Crtefa!m	307 Belleville Street, Freeburg, IL	BELLEVILLE STREET, FREEBURG, IL	US	US
S1-951599976	S2-907629838	S2	Unified Green Target LLC	Unified Green Tbarget LLC	1037 Cedar Grove Road, Halifax County, VA	HALIFAX COUNTY, 1037. CEDAR GROVE RD, VA	US	US
S1-108284040	S2-368757495	S2	Hidalgo Mountain Studios, LLC	HIDALGO MOUNTAIN STUDIOS,	TX, 124 Jordan Court, Allen	124-126 JORDAN CT, ALLEN, TX	US	US
S1-926958422	S3-478661923	S3	Sunshine Healthcare Ltd	Sunshine Healhtcare Ltd	No 9 Darshan Apt S 114/3, Pl 21 Vishrantwadi, Pune City, Pune, Maharashtra	9 Darshan Apt S 114/3, Pl 21 Vishrantwadi, Pune City, Pune, महाराष्ट्र	India	India
S1-21376915	S2-115361540	S2	Jai Tirupati Services Private Limited	జై తిరుపతి సర్వీసెస్ ప్రైవేట్ లిమిటెడ్	Plot No.7/2, Ground Floor, Amar Jyothi Colony, Tirumalagiri, Hyderabad, Telangana	PLOT NO.7/2, GROUND FLOOR, AMAR JYOTHI COLONY, MEDCHAL-MALKAJGIRI, HYDERABAD, తెలంగాణ	India	India
S1-21376915	S3-710568053	S3	Jai Tirupati Services Private Limited	Jai Tirupati Private Limited Center	Plot No.7/2, Ground Floor, Amar Jyothi Colony, Tirumalagiri, Hyderabad, Telangana	#7/2, Ground Floor, Amar Jyothi Colony, Tirumalagiri, Hyderabad, TG	India	India
S1-100405609	S3-613703088	S3	Capital Network III LLC	Capital III LLC Center	3216 Frinks Street, Raleigh, NC	3216-3220 Frinks St, Raleigh, North Carolina	US	US
S1-100405609	S3-332810222	S3	Capital Network III LLC	Capita1 Network III LLC	3216 Frinks Street, Raleigh, NC	3216-3220 Frinks St, Raleigh, North Carolina	US	US
S1-100405609	S3-851956242	S3	Capital Network III LLC	Capital Nterwonrk III LLC	3216 Frinks Street, Raleigh, NC	3216-3220 Frinks St, Raleigh, North Carolina	US	US
S1-100405609	S3-364918881	S3	Capital Network III LLC	Capital Netwosr III LLC	3216 Frinks Street, Raleigh, NC	Frinks St, PO Box 8331, Raleigh, North Carolina	US	US
S1-202490639	S2-135725491	S2	Future It Private Limited	फ्यूचर आईटी प्राइवेट लिमिटेड	Shop No. 2, Ground Floor, Baba Arcade, B-Wing, Plot No. 711 & 712, Sector 11, Vashi, Navi Mumbai, Maharashtra	002, GROUND FLOOR, BABA ARCADE, B-WING, PLOT NO. 711 & 712, SECTOR 11, VASHI, NAVI MUMBAI, Maharashtra	India	India
S1-311486232	S2-700168260	S2	Saraj Build of Nagpur	Saraj of Nagpur [Services]	Nagpur, Maharashtra, Nagpur, Plot No 17, Central Avenue Old Bagadganj	017 , CENTRAL AVENUE OLD BAGADGANJ, NAGPUR, Maharashtra	India	India
S1-311486232	S2-658033891	S2	Saraj Build of Nagpur	SARAJ BUILD OF NAGPUR CORPORATION	Nagpur, Maharashtra, Nagpur, Plot No 17, Central Avenue Old Bagadganj		India	India
S1-311486232	S2-993065467	S2	Saraj Build of Nagpur	sarajbuildnagpur.com	Nagpur, Maharashtra, Nagpur, Plot No 17, Central Avenue Old Bagadganj	017 , CENTRAL AVENUE OLD BAGADGANJ, NAGPUR, Maharashtra	India	India
S1-311486232	S3-641399838	S3	Saraj Build of Nagpur	M/s Saraj-Build of	Nagpur, Maharashtra, Nagpur, Plot No 17, Central Avenue Old Bagadganj	Plot No 17, Central Avenue Old Bagadganj, Nagpur, महाराष्ट्र	India	India
S1-311486232	S3-821484266	S3	Saraj Build of Nagpur	5araj Build of Nagpur	Nagpur, Maharashtra, Nagpur, Plot No 17, Central Avenue Old Bagadganj	Plot No 17, Central Avenue Old Bagadganj, Nagpur, MH	India	India
S1-340817900	S2-798817879	S2	Smart Hospitality Advisors, LLC	Smart Hoptstalty Hoptstalty Advisors, LLC	127 78th Street, Kansas City, MO		US	US
S1-340817900	S3-215630734	S3	Smart Hospitality Advisors, LLC	Smart Hospitality LLC Center	127 78th Street, Kansas City, MO	127 78th Street, Kansas City, Missouri	US	US
S1-340817900	S3-402737862	S3	Smart Hospitality Advisors, LLC	smarthospitalityadvisors.com	127 78th Street, Kansas City, MO	127 78th Street, Kansas City, Missouri	US	US
S1-858093716	S2-652459691	S2	Secure Nutrition Services	Secure Nútrition Services	1405 Hearn Avenue, Bessemer, AL	1405 HEARN AVE, BESSEMER, AL	US	US
S1-858093716	S3-605635133	S3	Secure Nutrition Services	Secure Nutrition Center	1405 Hearn Avenue, Bessemer, AL	1405 Hearn Ave, Bessemer, Alabama	US	US
S1-25587016	S2-883608093	S2	Beacon Highland Solar LLC	BEACON  SOLAR LLC SERVICE	69 Brayton Avenue, Unit 3, Fall River, MA	#69 BRAYTON AVE, FALL RIVER, MA	US	US
S1-25587016	S3-367315127	S3	Beacon Highland Solar LLC	Beacon Híghland Solar LLC	69 Brayton Avenue, Unit 3, Fall River, MA	Brayton Ave, Unit 3, Fall River, Massachusetts	US	US
S1-602913883	S2-837366545	S2	Cascade Allied Telecom LLC	catelecom.com	165 Linden Street, Unit 106, Wellesley, MA	65 LINDEN STREET, WELLESLEY, MA	US	US
S1-602913883	S3-664599872	S3	Cascade Allied Telecom LLC	LLC Cascade Allied Télecom	165 Linden Street, Unit 106, Wellesley, MA	00165 Linden St, Wellesley, Massachusetts	US	US
S1-765456522	S2-839415804	S2	Fastgrow Software Limited	limited fastgrow software	Type-02Q.No. -47, Congress Nagar Pathakheda, Shahpura, Betul, Madhya Pradesh	TYPE-02Q.NO. -47, CONGRESS NAGAR PATHAKHEDA, BETUL, SHAHPURA, मध्य प्रदेश	India	India
S1-765456522	S3-256743745	S3	Fastgrow Software Limited	Fastgrow Limited Service	Type-02Q.No. -47, Congress Nagar Pathakheda, Shahpura, Betul, Madhya Pradesh	Type-6-02q.no. -47, Betul, MP	India	India
S1-109545202	S2-469876481	S2	Diamond Nutrition Technologies Inc.	DIAMOND  NUTRITION TECHNOLOGIES	801 Cannonside Dr, Louisville, KY	801 1/2 CANNONSIDE DR, LOUISVILLE, KY	US	US
S1-109545202	S2-215017748	S2	Diamond Nutrition Technologies Inc.	Diamond Nutrition Techolnogigs (Inc.) (ID: 34480)	801 Cannonside Dr, Louisville, KY	801 1/2 CANNONSIDE DR, LOUISVILLE, KY	US	US
S1-960756168	S3-620228265	S3	Board of Public Works	8oard of Puli Works	13265 601, Midland, NC	1326 601, Midland, North Carolina	US	US
S1-217514760	S2-40426511	S2	Rhianna Bailey Patriot Omega Co	rhiannabaileypatriot.com	4519 Nevada Street, Spokane, WA	4519 NEVADA ST, SPOKANE, WA	US	US
S1-21590818	S2-434665723	S2	D J & I Lng	D J & Í LNG	26363 Carondelette Drive, Orange Beach, AL	26363 CARONDELETTE DR, ORANGE BEACH, AL	US	US
S1-21590818	S2-305718803	S2	D J & I Lng	D J  and I	26363 Carondelette Drive, Orange Beach, AL	26363 CARONDELETTE DR, ORANGE BEACH, AL	US	US
S1-21590818	S3-304210618	S3	D J & I Lng	D-J &	26363 Carondelette Drive, Orange Beach, AL	26363 Carondelette Dr, Orange Beach, Alabama	US	US
S1-21590818	S3-375053220	S3	D J & I Lng	D J + I Center	26363 Carondelette Drive, Orange Beach, AL	26363 Carondelette Dr, Orange Beach, Alabama	US	US
S1-21590818	S3-839903612	S3	D J & I Lng	D J (&)	26363 Carondelette Drive, Orange Beach, AL	26363 Carondelette Drive, Orange Bbeach, Alabama	US	US
S1-159067707	S3-342293148	S3	Parth Technologies (India) Private Limited	Parth (India) Private Limited Service	C/O Karan Singh Parmar Shop No. 08, Ramayan South Katara Hills, Bhopal, Madhya Pradesh		India	India
S1-927651996	S3-701215575	S3	Anand Builders Pvt Ltd	Anand बिल्डर्स प्रा. लि.	B/101 Bhaveshwar Plazal B S Road Ghatkopar (W), Mumbai, Maharashtra	Mumbai, MH, Mumbai, B/101 Bhaveshwar Plazal B S Road Ghatkopar (W)	India	India
S1-981346708	S2-439331673	S2	Shiva Foods Private Limited	శివ ఫుడ్స్ ప్రైవేట్ లిమిటెడ్	Villa No. 66, Kolla Luxurys, Masjid Banda, Serilingampally, Hyderabad, Telangana	VILLA NO. 66, KOLLA LUXURYS, MASJID BANDA, RANGAREDDY, HYDERABAD, Telangana	India	India
S1-981346708	S2-465848431	S2	Shiva Foods Private Limited	శివ ఫుడ్స్ ప్రైవేట్ లిమిటెడ్	Villa No. 66, Kolla Luxurys, Masjid Banda, Serilingampally, Hyderabad, Telangana	VILLA NO. 66, RANGAREDDY, HYDERABAD, తెలంగాణ	India	India
S1-705139382	S2-200158944	S2	Thane Shrishti Pvt Ltd	Thane Shríshti Pvt Ltd	H No 505, Vasai Road, Near Vithal Bhaskar Mhatre House, Kalwar, Bhiwandi, Thane, Maharashtra	H NO 506 , VASAI ROAD, NEAR VITHAL BHASKAR MHATRE HOUSE, KALWAR, BHIWANDI, THANE, Maharashtra	India	India
S1-806365059	S3-91857662	S3	Jaganath Dev Pvt Ltd	Mr Jaganath Pvt Ltd Center	14/3A Gariahat Road, Kolkata, Calcutta, West Bengal	Calcutta, Door No 14/3A Gariahat Road, WB	India	India
S1-219401270	S2-594003880	S2	Calodyne LLC	Caodne LLC LLC	1729 Foxhall Drive, Rocky Mount, NC	FOXHALL DR, ROCKY MOUNT, NC	US	US
S1-992003464	S2-762264647	S2	Aashi & Co Corp	Atasfhi & Co Corp	Row House 10Syno246/1Mani, Konda Chitrapuri Colony, Rangareddy, Telangana	HN 180 ROW HOUSE 10SYNO246/1MANI, NULL, RANGAREDDY, Telangana	India	India
S1-992003464	S2-113118763	S2	Aashi & Co Corp	M/s Aashi & Có (Corp)	Row House 10Syno246/1Mani, Konda Chitrapuri Colony, Rangareddy, Telangana	HN 180 ROW HOUSE 10SYNO246/1MANI, KONDA CHITRAPURI COLONY, RANGAREDDY, తెలంగాణ, NULL	India	India
S1-992003464	S3-611376569	S3	Aashi & Co Corp	Ai + Co Corp	Row House 10Syno246/1Mani, Konda Chitrapuri Colony, Rangareddy, Telangana	Row House 10Syno246/1Mani, Rangareddy, TG	India	India
S1-181290919	S2-545510133	S2	Ear Nose & Throat Partners	Ear Nose & Throat Partners Co	WV, Ranson, 10203 Charles Town Road	10203 CHARLES TOWN RD, RANSON, WV	US	US
S1-181290919	S3-323400553	S3	Ear Nose & Throat Partners	Ear Nose & Thróat Partners	WV, Ranson, 10203 Charles Town Road	Ranson, 10203 Charles Town Rd, West Virginia	US	US
S1-716574008	S3-738802926	S3	Rajani Enterprises of Kannur	M/s Rajani Enterprises of	46/1106, Dhanalakshmi Road, Near Amani Auditorium, Kannur, Kerala	46/1106, Kannur, KL	India	India
S1-543144015	S2-284196531	S2	Freight Foods	Freight Partners	B.K. Dutt Colony Lodhi Road, Delhi, K-5, New Delhi	HN 950 K-5, B.K. DUTT COLONY LODHI ROAD, दिल्ली	India	India
S1-840279529	S2-310438906	S2	Siobhan Caswell Safe Diversified LLC	CSÁWELL, SIOBHAN SAFE DIVERSIFIED LLC	2205 Hayes Road, Houston, TX	HAYES RD, HUOSTON, TX	US	US
S1-336167025	S2-289660373	S2	Dasi Rothrock, DDS	Róthrock,, Dasi DDS	3267 Eastcrest Road, West Valley City, UT	3267 EASTCREST RD, WEST VALLEY CITY, UT	US	US
S1-336167025	S2-513842592	S2	Dasi Rothrock, DDS	DASI ROTHROCK, SERVICES	3267 Eastcrest Road, West Valley City, UT		US	US
S1-29696416	S2-831935136	S2	Silver Exports Private Limited	सिल्वर एक्सपोर्ट्स प्राइवेट लिमिटेड	Noida, Gautam Buddha Nagar, Jasas C-58/8, Sector-62, Uttar Pradesh, A-101	A-101, JASAS C-58/8, SECTOR-62, NOIDA, GAUTAM BUDDHA NAGAR, Uttar Pradesh	India	India
S1-439990641	S2-939632998	S2	Orient Foundation	ORIENT  FOUNDATION CO	15/901A, Mithra Nagar, Shivan Covil Jn, Nedumangad, Thiruvananthapuram, Trivandrum, Kerala	Kerala, #15/901A, MITHRA NAGAR, SHIVAN COVIL JN, NEDUMANGAD, THIRUVANANTHAPURAM	India	India
S1-439990641	S3-12368026	S3	Orient Foundation	Orient F0undation	15/901A, Mithra Nagar, Shivan Covil Jn, Nedumangad, Thiruvananthapuram, Trivandrum, Kerala	15/901A, Mithra Nagar, Shivan Covil Jn, Nedumangad, Thiruvananthapuram, Trivandrum, KL	India	India
S1-74901450	S2-291355621	S2	Silver Star Products	సిల్వర్ స్టార్ ప్రొడక్ట్స్	Shed No. E-26 Road No. 12 Aie(Apiic), Pedagantyada, Visakhapatnam, Vishakhapatnam, Andhra Pradesh	VISAKHAPATNAM, PEDAGANTYADA, VISHAKHAPATNAM, SHED NO. E-26 ROAD NO. 12 AIE(APIIC), Andhra Pradesh	India	India
S1-74901450	S2-294278231	S2	Silver Star Products	Silver Star Services	Shed No. E-26 Road No. 12 Aie(Apiic), Pedagantyada, Visakhapatnam, Vishakhapatnam, Andhra Pradesh	SHED NO. E-26 ROAD NO. 12 AIE(APIIC), PEDAGANTYADA, VISAKHAPATNAM, Andhra Pradesh	India	India
S1-74901450	S3-454466503	S3	Silver Star Products	Silver Star Service	Shed No. E-26 Road No. 12 Aie(Apiic), Pedagantyada, Visakhapatnam, Vishakhapatnam, Andhra Pradesh	Shed No. E-26 Road No. 12 Aie(apiic), N/A, Vishakhapatnam, Visakhapatnam, AP	India	India
S1-952266463	S2-815318202	S2	Legacy Jaws Inc	Legacy Jáws	1820 7th Street, Unit 419, Phoenix, AZ	1820 7TH STREET, RIO SALADO, AZ	US	US
S1-952266463	S3-367585792	S3	Legacy Jaws Inc	inc legacy jaws	1820 7th Street, Unit 419, Phoenix, AZ	1820 7th Street, Unit 419, Rio Salado, Arizona	US	US
S1-585692765	S2-546666955	S2	Golden Construction Technologies LLC	Golden Csostrbicno  Technologies LLC	AZ, Sierra Vista, 1381 Jasmin Drive	JASMIN DRIVE, SIERRA VISTA, AZ	US	US
S1-585692765	S2-761789396	S2	Golden Construction Technologies LLC	Golden Technologies LLC Service	AZ, Sierra Vista, 1381 Jasmin Drive	1381 JASMIN DR, SIERRA VISTA, AZ	US	US
S1-86094936	S2-28682309	S2	Jain Developers	জৈন ডেভেলপারস	88/A M C Garden Road Dumdum, Kolkata, Calcutta, West Bengal	DOOR NO A-88/A M C GARDEN ROAD DUMDUM, CALCUTTA, West Bengal	India	India
S1-86094936	S2-750389241	S2	Jain Developers	Jain ডেভেলপারস	88/A M C Garden Road Dumdum, Kolkata, Calcutta, West Bengal	#A-88/A M C GARDEN ROAD DUMDUM, KOLKATA, পশ্চিমবঙ্গ	India	India
S1-86094936	S3-505894931	S3	Jain Developers	জৈন ডেভেলপারস	88/A M C Garden Road Dumdum, Kolkata, Calcutta, West Bengal	No 28/A M C Garden Road Dumdm, Kolkata Region, Kolkata, WB	India	India
S1-208942438	S2-700660628	S2	Phillips & Christensen Storage Inc	INCORPORATED PHlLLIPS & CHRISTENSEN STORAGE	UT, Vernal, 48 100	48 100, VERNAL, UT	US	US
S1-208942438	S3-514453547	S3	Phillips & Christensen Storage Inc	Inc Phillips And Chritensen Storage	UT, Vernal, 48 100	48-D 100, Vernal, Utah	US	US
S1-967173158	S2-448596938	S2	Sky Tech	SKY  PARTNERS	H No A265 J K Road New Minal Rajhomes, Bhopal, Madhya Pradesh	H NO A65 J K ROAD NEW MINAL RAJHOMES, BHOPAL, Madhya Pradesh	India	India
S1-589719894	S2-876018544	S2	Dulcinea Thomas Rmg P.C.	DULCINEA-THOMAS RMG	9488 Schmidt Road, West Sparta, NY	SCHMIDT RD, DANSVILLE, NY	US	US
S1-281523825	S3-211562267	S3	Monga Investments Private Limited	Mr M0nga Investments Private  Limited	Cowork Spaces, 101, Pratap Nagar Mayur Vihar Phase 1, New Delhi, East Delhi, Delhi	Cowork Spaces, East Delhi, New Delhi, दिल्ली	India	India
S1-281523825	S3-517317269	S3	Monga Investments Private Limited	Monga Investments Pcihate Limited	Cowork Spaces, 101, Pratap Nagar Mayur Vihar Phase 1, New Delhi, East Delhi, Delhi	Cowork Spaces, New Delhi, East Delhi, DL	India	India
S1-326888389	S2-884357873	S2	Dream Consulting Private Limited	ડ્રીમ કન્સલ્ટિંગ પ્રાઇવેટ લિમિટેડ	Iskon Mall Office No-331, Nr Big Bazar 150 Ringroad, Rajkot, Gujarat	ISKON MALL OFFICE NO-331, RAJKOT, ગુજરાત	India	India
S1-326888389	S2-874419476	S2	Dream Consulting Private Limited	ડ્રીમ કન્સલ્ટિંગ પ્રાઇવેટ લિમિટેડ	Iskon Mall Office No-331, Nr Big Bazar 150 Ringroad, Rajkot, Gujarat	ISKON MALL OFFICE NO-331, RAJKOT, Gujarat	India	India
S1-326888389	S3-377226287	S3	Dream Consulting Private Limited	ડ્રીમ કન્સલ્ટિંગ પ્રાઇવેટ લિમિટેડ	Iskon Mall Office No-331, Nr Big Bazar 150 Ringroad, Rajkot, Gujarat	Iskon Mall Office No-331, Nr Big Bazar 150 Ringroad, Surat, Rajkot, ગુજરાત	India	India
S1-326888389	S3-949078621	S3	Dream Consulting Private Limited	... Dream Consulting Limited Center	Iskon Mall Office No-331, Nr Big Bazar 150 Ringroad, Rajkot, Gujarat	Iskon Mall Office No-331, Surat, Rajkot, GJ	India	India
S1-86014575	S2-316360946	S2	Green Urban Food Pvt Ltd	ग्रीन अर्बन फूड प्रा. लि.	R-59 Greater Kailash-I, New Delhi, South Delhi, Delhi	R-59/4 GREATER KAILASH-I, NEW DELHI, SOUTH DELHI, Delhi	India	India
S1-86014575	S3-379815973	S3	Green Urban Food Pvt Ltd	Green Urban Pvt Ltd Partners	R-59 Greater Kailash-I, New Delhi, South Delhi, Delhi	R-59 Greater Kailash-i, New Delhi, South Delhi, दिल्ली	India	India
S1-21084577	S2-205227313	S2	Harbor Alliance	THE HARBOR ALLIANCE	45 Goff Street, Corning, NY	NY, CORNING, PO BOX 4918, 45 GOFF STREET	US	US
S1-21084577	S3-50929802	S3	Harbor Alliance	Harbor Alliance Trading	45 Goff Street, Corning, NY		US	US
S1-727634534	S2-241948135	S2	Pichardo, Meeker & Peterson LLC	PICHARDO, MEEKER PETERSON LLC SERVICES	1058 Linden Avenue, Wilmette, IL	01058 LINDEN AVE, WILMETTE, IL	US	US
S1-814475089	S2-238559336	S2	Family Clinic Partners	Cihnieic Family Partners	202 Kingsley Avenue, Greeneville, TN	202 Kingsley Avenue, null, GREENEVILLE, TN	US	US
S1-814475089	S2-72193173	S2	Family Clinic Partners	Family Clinic Partners Inc	202 Kingsley Avenue, Greeneville, TN	202 KINGSLEY AVENUE, null, GREENEVILLE, TN	US	US
S1-814475089	S3-388645736	S3	Family Clinic Partners	Family Partners Services	202 Kingsley Avenue, Greeneville, TN	202 Kingsley Ave, Greeneville, Tennessee	US	US
S1-814475089	S3-107435140	S3	Family Clinic Partners	Family  Clinic Partners Inc	202 Kingsley Avenue, Greeneville, TN	Tennessee, 202 Kingsley Avenue, Greeneville	US	US
S1-814475089	S3-814489031	S3	Family Clinic Partners	familyclinicpartners.com	202 Kingsley Avenue, Greeneville, TN	Greeneville, Tennessee, 202 Kingsley Avenue	US	US
S1-814475089	S3-720955181	S3	Family Clinic Partners	Family Partners  Clinic	202 Kingsley Avenue, Greeneville, TN	Greeneville, 202 Kingsley Ave, Tennessee	US	US
S1-764937251	S2-867209877	S2	Tesch Investments	TESCH INVESTMENTS INC.	11211 Longbranch Street, Monrovia, IN	MONROVIA, 11211 1/2 LONGBRANCH STREET, IN	US	US
S1-140279129	S2-917152507	S2	Vasai Enterprises	Vasai Énterprises	A902 Palm Spring Building, Joyville Pallonji Virar, Vasai, Thane, Maharashtra	A902  PALM SPRING BUILDING, JOYVILLE PALLONJI VIRAR, VASAI, Maharashtra	India	India
S1-140279129	S3-435629068	S3	Vasai Enterprises	Vasai-Entetress	A902 Palm Spring Building, Joyville Pallonji Virar, Vasai, Thane, Maharashtra	MH, Thane, A902 Palm Spring Building	India	India
S1-277014552	S2-826561447	S2	Tech Consulting Private Limited	टेक कंसल्टिंग प्राइवेट लिमिटेड	Pl No. 1, Fl No. 2, Priyanka Kunj Co-Op Hsg. Soc., Kothrud, Pune, Sr. No. 5, Pune, Maharashtra	SR. NO. 5, PL NO. 1, FL NO. 2, PRIYANKA KUNJ CO-OP HSG. SOC., KOTHRUD, PUNE, Maharashtra	India	India
S1-277014552	S2-825886653	S2	Tech Consulting Private Limited	टेक कंसल्टिंग प्राइवेट लिमिटेड	Pl No. 1, Fl No. 2, Priyanka Kunj Co-Op Hsg. Soc., Kothrud, Pune, Sr. No. 5, Pune, Maharashtra	SR. NO. 5, PL NO. 1, FL NO. 2, PRIYANKA KUNJ CO-OP HSG. SOC., KOTHRUD, PUNE, Maharashtra	India	India
S1-277014552	S3-448296506	S3	Tech Consulting Private Limited	टेक कंसल्टिंग प्राइवेट लिमिटेड	Pl No. 1, Fl No. 2, Priyanka Kunj Co-Op Hsg. Soc., Kothrud, Pune, Sr. No. 5, Pune, Maharashtra	Sr. No. 5, Pune, MH	India	India
S1-277014552	S3-691308793	S3	Tech Consulting Private Limited	टेक कंसल्टिंग प्राइवेट लिमिटेड	Pl No. 1, Fl No. 2, Priyanka Kunj Co-Op Hsg. Soc., Kothrud, Pune, Sr. No. 5, Pune, Maharashtra	Sr. No. 5, Pl No. 1, Fl No. 2, Priyanka Kunj Co-op Hsg. Soc., Kothrud, Pune, MH	India	India
S1-891539767	S2-535922495	S2	Nabha Marketing Private Limited	Sri NABHA MARKTMIGN PRIVATE LIMITED	2E/14, First Floor Jhandenwala Extension, New Delhi, Delhi	HN 306 2E/14, FIRST FLOOR JHANDENWALA EXTENSION, दिल्ली	India	India
S1-886116894	S2-829032856	S2	XY Infoserve Private Limited	XY Infoserve Private Límited	Office No. 11, 1St Floor, Rainbow Complex, Near Under Bridge Paota C Road, Jodhpur, Rajasthan	OFFICE NO. 81, 1ST FLOOR, RAINBOW COMPLEX, NEAR UNDER BRIDGE PAOTA C ROAD, JODHPUR, Rajasthan	India	India
S1-886116894	S2-646106704	S2	XY Infoserve Private Limited	PRIVATE XY INFOSERVE LIMITED	Office No. 11, 1St Floor, Rainbow Complex, Near Under Bridge Paota C Road, Jodhpur, Rajasthan	JODHPUR, Rajasthan, 1ST FLOOR, RAINBOW COMPLEX, NEAR UNDER BRIDGE PAOTA C ROAD, OFFICE NO. 81	India	India
S1-886116894	S3-690261725	S3	XY Infoserve Private Limited	XY Infsoerve  Private Limited	Office No. 11, 1St Floor, Rainbow Complex, Near Under Bridge Paota C Road, Jodhpur, Rajasthan	Office No. 11, Jodhpur, राजस्थान	India	India
S1-885630742	S2-374609449	S2	Clyara Motors LLC	Clyara LLC-Services	216 Lake Avenue, City Of Crandon, WI	LAKE AVE, CITY OF CRANDON, WI	US	US
S1-802762694	S2-679453895	S2	Mamie Dsouza Management Inc	MAMIE  DSOUZA MANAGEMENT INCORPORATED	416 Castle Street, Knoxville, TN	416 CASTLE ST, KNOXVILLE, TN	US	US
S1-886002896	S3-664777308	S3	Saenz Empire Martin Corp	Saenz Empire Matfni (Corp)	6522 Portlick Drive, Katy, TX		US	US
S1-694921791	S2-912872620	S2	Senthur Constructions Limited	Senthur Constructihns Limited	H. No. 39-A, Block-C, Near Solanki School Budh Vihar Phase-2, Village Pooth Kalan, Delhi, North West, Delhi	H. NO. B3/39-A , BLOCK-C, NEAR SOLANKI SCHOL BUDH VIHAR PHASE-2, VILLAGE POOTH KALAN, DELHI, Delhi	India	India
S1-694921791	S2-746749646	S2	Senthur Constructions Limited	Senthur Cionstructions Limited	H. No. 39-A, Block-C, Near Solanki School Budh Vihar Phase-2, Village Pooth Kalan, Delhi, North West, Delhi	H. NO. B3/39-A , BLOCK-C, NEAR SOLANKI SCHOOL BUDH VIHAR PHASE-2, VILLAGE POOTH KALAN, DELHI, Delhi	India	India
S1-601945198	S3-781937274	S3	United Con LLP	Ualageited Con-Llp	Flat 1314/B Om Kalyani Chs Holy Cross Road Navagoan Dahisar West, Mumbai, Mumbai City, Maharashtra	Flat 1314/B. Om Kalyani Chs Holy Cross Road Navagoan Dahisar West, Mumbai, Badlapur, MH	India	India
S1-307708702	S2-202758828	S2	Apple Vanijya (India) Corp	M/s Apple Vaajnya (India) Corp	14F/1M Dum Dum Road, Kolkata, Howrah, West Bengal	##14F/1M DUM DUM ROAD, KOLKATA, KOLKATA, West Bengal	India	India
S1-307708702	S3-466131574	S3	Apple Vanijya (India) Corp	Mr Apple (India) Corp Center	14F/1M Dum Dum Road, Kolkata, Howrah, West Bengal	14F/1M Dum Dum Road, Kolkata, 24 Paraganas North, WB	India	India
S1-870254921	S2-769703757	S2	Vm India Private Limited	Priaate Vm lndia Limited	Kanjirathani, Vattakkunnu, Kappur P.O, Ottappalam, Palakkad, Kerala	DOOR NO 52 KANJIRATHANI, OTTAPPALAM, PALAKKAD, Kerala	India	India
S1-870254921	S2-763535749	S2	Vm India Private Limited	VM INDIA PGVAET [LIMITED]	Kanjirathani, Vattakkunnu, Kappur P.O, Ottappalam, Palakkad, Kerala	DOOR NO 52 KANJIRATHANI, VATTAKKUNNU, KAPPUR P.O, OTTAPPLAAM, കേരളം	India	India
S1-619314161	S2-174841294	S2	Real Investments Private Limited	रियल इन्वेस्टमेंट्स प्राइवेट लिमिटेड	8 Khasra No-914 Manas Nagar, Kanpur Road, Lucknow, Uttar Pradesh	NO 8 KHASRA NO-914 MANAS NAGAR, KANPUR ROAD, LUCKNOW, उत्तर प्रदेश	India	India
S1-619314161	S2-905258159	S2	Real Investments Private Limited	रियल इन्वेस्टमेंट्स प्राइवेट लिमिटेड	8 Khasra No-914 Manas Nagar, Kanpur Road, Lucknow, Uttar Pradesh	LUCKNOW, Uttar Pradesh, LUCKNOW, KANPUR ROAD, 8 KHASRA NO-914 MANAS NAGAR	India	India
S1-619314161	S3-488639167	S3	Real Investments Private Limited	रियल इन्वेस्टमेंट्स प्राइवेट लिमिटेड	8 Khasra No-914 Manas Nagar, Kanpur Road, Lucknow, Uttar Pradesh	Door No 8- Khasra No-914 Manas Nagar, Kanpur Road, Lucknow, उत्तर प्रदेश	India	India
S1-619314161	S3-60551644	S3	Real Investments Private Limited	रियल इन्वेस्टमेंट्स प्राइवेट लिमिटेड	8 Khasra No-914 Manas Nagar, Kanpur Road, Lucknow, Uttar Pradesh	No 8- Khasra No-914 Manas Nagar, Lucknow, UP	India	India
S1-619314161	S3-928459352	S3	Real Investments Private Limited	रियल इन्वेस्टमेंट्स प्राइवेट लिमिटेड	8 Khasra No-914 Manas Nagar, Kanpur Road, Lucknow, Uttar Pradesh	8- Khasra No-914 Manas Nagar, Lucknow, UP	India	India
S1-619314161	S3-641468452	S3	Real Investments Private Limited	riprivate.com	8 Khasra No-914 Manas Nagar, Kanpur Road, Lucknow, Uttar Pradesh	Door No 8- Khasra No-914 Manas Nagar, Kanpur Road, Lucknow, उत्तर प्रदेश	India	India
S1-793019850	S2-565838685	S2	Rocky Trust, LLC	@rockytrust	846 217, Claverack, NY	846 217, HUDSON, NY	US	US
S1-23124190	S2-281753151	S2	Madyne L.L.C.	Madyne	519 Solberg Drive, Kalispell, MT	518 SOLBERG DRIVE, KALISPELL, MT	US	US
S1-264272517	S2-321918458	S2	Primary Care Center Inc	Primary  Care Center	18285 Crestline Drive, Lake Oswego, OR	18285 CRESTLINE DR, LAKE OSWEGO, OR	US	US
S1-264272517	S3-883250408	S3	Primary Care Center Inc	Primary Care Inc Services	18285 Crestline Drive, Lake Oswego, OR	18285 Crestline Drive, Lake Oswego, Oregon	US	US
S1-643953045	S3-673048078	S3	EV Services PLLC	EV  5ervices PLLC	816 Dekle Drive, Mobile, AL	816- Dekle Drive, Mobile, Alabama	US	US
S1-643953045	S3-322356130	S3	EV Services PLLC	EV Services	816 Dekle Drive, Mobile, AL	816- Dekle Drive, Mobile, Alabama	US	US
S1-295377582	S3-20856236	S3	Hotel Gujarat Management Private Limited	ಹೋಟೆಲ್ ಗುಜರಾತ್ ಮ್ಯಾನೇಜ್‌ಮೆಂಟ್ ಪ್ರೈವೇಟ್ ಲಿಮಿಟೆಡ್	9Th Avenue Business Park, No. 3, Unit No. 503, 5Th Floor, K.P. Puttanna Chetty Road, 5Th Main Road, Bangalore South, Bangalore, Karnataka	Bangalore South, Bangalore, #9Th Avenue Business Park, KA, No. 3, Unit No. 503, 5Th Floor, K.p. Puttanna Chetty Road, 5Th Main Road	India	India
S1-295377582	S3-334465867	S3	Hotel Gujarat Management Private Limited	ಹೋಟೆಲ್ ಗುಜರಾತ್ ಮ್ಯಾನೇಜ್‌ಮೆಂಟ್ ಪ್ರೈವೇಟ್ ಲಿಮಿಟೆಡ್	9Th Avenue Business Park, No. 3, Unit No. 503, 5Th Floor, K.P. Puttanna Chetty Road, 5Th Main Road, Bangalore South, Bangalore, Karnataka	Door No 9Th Avenue Business Park, No. 3, Unit No. 503, 5Th Floor, K.p. Puttanna Chetty Road, 5Th Main Road, Bangalore, Bangalore South, KA	India	India
S1-598823125	S2-924199073	S2	Vision Specialists of Willow Springs Inc	Ariasyn	8623 Arizona Trail, Willow Springs, IL	ARIZONA TRL, WILLOW SPRINGS, IL	US	US
S1-585187511	S2-337706372	S2	Urgent Care Health	Urgent Care Services	459 Electric Avenue, Unit UNIT I, Bigfork, MT	459. ELECTRIC AVE, BIGFORK, MT	US	US
S1-585187511	S2-344874991	S2	Urgent Care Health	Urgent Health Care Care	459 Electric Avenue, Unit UNIT I, Bigfork, MT	459. ELECTRIC AVENUE, BIGFORK, MT	US	US
S1-498738124	S2-218846957	S2	Primary Care Medicine	Primary Care Medicine District	1509 Primrose Lane, Cary, NC	1509B PRIMROSE LANE, CARY, NC	US	US
S1-498738124	S2-603877664	S2	Primary Care Medicine	Primary Care Medicine Inc.	1509 Primrose Lane, Cary, NC	1509B PRIMROSE LN, CARY, NC	US	US
S1-960158214	S2-552343324	S2	Tinoco Institute of Technology Inc	Tinoco Institute of Technology	27418 Fairway Oaks Drive, Huffman, TX	HUFFMAN, TX, ##27418 Fairway Oaks Dr	US	US
S1-616628716	S2-697212356	S2	Apt Holdings	aptholdings.com	First & Second Floor, Shop No. 25, Malik Singh Complex, Sector-17, Kurukshetra, Haryana	DOOR NO 913 FIRST & SECOND FLOOR, SHOP NO. 25, MALIK SINGH COMPLEX, SECTOR-17, KURUKSHETRA, Haryana	India	India
S1-616628716	S2-690048906	S2	Apt Holdings	Apt	First & Second Floor, Shop No. 25, Malik Singh Complex, Sector-17, Kurukshetra, Haryana	#913 FIRST & SECOND FLOOR, SHOP NO. 25, MALIK SINGH COMPLEX, SECTOR-17, KURUKSHETRA, Haryana	India	India
S1-616628716	S3-655455621	S3	Apt Holdings	aptholdings.com	First & Second Floor, Shop No. 25, Malik Singh Complex, Sector-17, Kurukshetra, Haryana	Kurukshetra, First & Second Floor, HR	India	India
S1-323747485	S2-397480366	S2	Cacioppo, Webster & Sheets Biopharmaceuticals LLC	Cacioppo, Webster & Sheets Bíopharmaceuticals LLC	36724 Carter Street, Yucaipa, CA	CARTER ST, YUCAIPA, CA	US	US
S1-323747485	S2-750935570	S2	Cacioppo, Webster & Sheets Biopharmaceuticals LLC	Cacioppo, Wébster & Sheets Bíopharmaceuticals LLC	36724 Carter Street, Yucaipa, CA	YUCAIPA, CA, 36724  CARTER ST	US	US
S1-323747485	S3-13820604	S3	Cacioppo, Webster & Sheets Biopharmaceuticals LLC	cacioppowebster.com	36724 Carter Street, Yucaipa, CA	36724 Carter Street, PMB 1455, Yucaipa, California	US	US
S1-323747485	S3-813632557	S3	Cacioppo, Webster & Sheets Biopharmaceuticals LLC	Cacioppo, Webster & Sheets Bíopharmaceuticals LLC	36724 Carter Street, Yucaipa, CA	36724 Carter St, Yucaipa, California	US	US
S1-299742816	S2-996332731	S2	Physical Therapy Green Specialists LLC	Physical Therapy Grran Specialists LLC	26600 Maryland Camp Road, Millsboro, DE	MILLSBORO, <NULL>, DE, 26600 MARYLAND CAMP RD	US	US
S1-299742816	S3-261323251	S3	Physical Therapy Green Specialists LLC	Llc Physical Therapy Green Specialists	26600 Maryland Camp Road, Millsboro, DE	Maryland Camp Rd, Millsbboro CDP, Delaware	US	US
S1-299742816	S3-436122285	S3	Physical Therapy Green Specialists LLC	Physical Therapy Green Specialists	26600 Maryland Camp Road, Millsboro, DE	26600-26604 Maryland Camp Rd, Millsbboro CDP, Delaware	US	US
S1-299742816	S3-822856606	S3	Physical Therapy Green Specialists LLC	Physical Therapy Green Spécialists LLC	26600 Maryland Camp Road, Millsboro, DE	Millsbboro CDP, Delaware, 26600-26604 Maryland Camp Road	US	US
S1-529563044	S2-961130012	S2	Industrial Property Systems Clinic	INDUSTRIAL PROPERTY SYSTEMS CLINIC INC.	1914 Threshold Drive, Ankeny, IA	ANKENY, 1914. THRESHOLD DR, IA	US	US
S1-277375862	S2-449782764	S2	Human Rights Initiative Associates	Human Rights Rights	1302 Fair Street, Unit D, Marion, IL	1302 FAIR STREET, MARION, IL	US	US
S1-277375862	S2-526671362	S2	Human Rights Initiative Associates	Human Rights-Initiative Ass0ciates	1302 Fair Street, Unit D, Marion, IL	1302 FAIR STREET, MARION, IL	US	US
S1-277375862	S3-69168312	S3	Human Rights Initiative Associates	Human  Rights Initiative	1302 Fair Street, Unit D, Marion, IL	1302 Fair St, Marion, Illinois	US	US
S1-401836525	S2-84255879	S2	Interstate Charities	Interstate Charities Commission	170 Tiffany Nicole Lane, Lexington, TN	170 TIFFANY NICOLE LN, LEXINGTON, TN	US	US
S1-401836525	S3-230254674	S3	Interstate Charities	interstatecharities.com	170 Tiffany Nicole Lane, Lexington, TN	Tiffany Nicole Ln, Lexington, Tennessee	US	US
S1-568217118	S2-981492432	S2	Simms Osisko Inc	Simms Osisk0 Inc	3113 Springdale Avenue, Glenview, IL	3113 1/2 SPRINGDALE AVE, GLNVIEW, IL	US	US
S1-835425265	S2-493112937	S2	Green United Solana LLC	Green United  Sodana LLC	694 E Side Drive, Unit F, Layton, UT	694 EAST SIDE DR, LAYTON, UT	US	US
S1-835425265	S2-825851111	S2	Green United Solana LLC	Green United	694 E Side Drive, Unit F, Layton, UT	EAST SIDE DRIVE, LAYTON, UT	US	US
S1-835425265	S3-9987388	S3	Green United Solana LLC	Green  Unhtid Solana LLC	694 E Side Drive, Unit F, Layton, UT	694 E Side Dr, # F, Layton, Utah	US	US
S1-835425265	S3-847076297	S3	Green United Solana LLC	Green-Solana LLC Services	694 E Side Drive, Unit F, Layton, UT	694 E Side Dr, # F, Layton, Utah	US	US
S1-451077707	S3-92853611	S3	Osprey (India) Development LLP	@ospreyindia	39-D, A.B. Road Industrial Area No.1, Dewas, Madhya Pradesh	Dewas, 39-D, A.b. Road Industrial Area No.1, Dewas, MP	India	India
S1-104218993	S2-151531882	S2	Maharathi Televisions Pvt Ltd	MAHARATHI TECVGENISIONS PVT PVT LTD	21-B, Abhijit Chs Ltd, M.T.N.L.Road, Dadar, Mumbai, Maharashtra	#4-55 21-B, ABHIJIT CHS LTD, M.T.N.L.ROAD, DADAR, MUMBAI, Maharashtra	India	India
S1-104218993	S3-160326735	S3	Maharathi Televisions Pvt Ltd	Maharathi Télevisions Pvt Ltd	21-B, Abhijit Chs Ltd, M.T.N.L.Road, Dadar, Mumbai, Maharashtra	Hn 889 21-B, Abhijit Chs Ltd, M.t.n.l.road, Dadar, Mumbai, MH	India	India
S1-104218993	S3-34022173	S3	Maharathi Televisions Pvt Ltd	Maharathi Télevisions Pvt Ltd (ID: 22818)	21-B, Abhijit Chs Ltd, M.T.N.L.Road, Dadar, Mumbai, Maharashtra	Hn 889 21-B, Abhijit Chs Ltd, M.t.n.l.road, Dadar, Mumbai, महाराष्ट्र	India	India
S1-701406091	S2-106155894	S2	Smith's American Grading PC	SMITH'S AMERICAN GRODIHNG PC	61185 Larkwood Drive, Bend, OR	61185 LARKWOOD DR, BEND, OR	US	US
S1-701406091	S2-23774279	S2	Smith's American Grading PC	smithsamericangrading.com	61185 Larkwood Drive, Bend, OR	61185 LARKWOOD DR, BEND, OR	US	US
S1-701406091	S3-927118379	S3	Smith's American Grading PC	Smith's Grading PC Partners	61185 Larkwood Drive, Bend, OR	51185 Larkwood Dr, Bend, Oregon	US	US
S1-464518977	S2-558613710	S2	Onyx Alpine LLC	Onyx Aflgedine LLC	3212 59th Street, Seattle, WA		US	US
S1-464518977	S2-882988803	S2	Onyx Alpine LLC	Jaxpyra	3212 59th Street, Seattle, WA	59TH ST, SEATTLE, WA	US	US
S1-232999426	S2-469391978	S2	Maa Works Private Limited	Maa Wnfks Private Limited	At House No.35, Wadad, Tq-Aundha, Dist-Hingoli, Hingoli, Maharashtra	AT HOSUE NO.35/2, WADAD, TQ-AUNDHA, DIST-HINGOLI, HINGOLI, Maharashtra	India	India
S1-232999426	S2-532588837	S2	Maa Works Private Limited	Maa Private Limited Services	At House No.35, Wadad, Tq-Aundha, Dist-Hingoli, Hingoli, Maharashtra	AT HOUSE NO.35/2, WADAD, TQ-AUNDHA, DIST-HINGOLI, HINGOLI, Maharashtra	India	India
S1-232999426	S3-307259379	S3	Maa Works Private Limited	Miranovidelta	At House No.35, Wadad, Tq-Aundha, Dist-Hingoli, Hingoli, Maharashtra	At House No.d/35, Wadad, Tq-aundha, Dist-hingoli, Hingoli, MH	India	India
S1-959189311	S2-151292966	S2	Allied Pembina	ALLIED PAEINA	Nashville, 519 Yokley Road, TN	519 YOKLEY RD, NSAHVILLE, TN	US	US
S1-328164935	S2-289125980	S2	Fiix LLC	LLC Fiix	4922 Port Royal Road, Unit A, Spring Hill, TN	4922 PORT ROYAL RD, SPRING HILL, TN	US	US
S1-328164935	S3-15077703	S3	Fiix LLC	#Fiix	4922 Port Royal Road, Unit A, Spring Hill, TN		US	US
S1-500841209	S3-61034637	S3	Bautista Properties LLC	bautistaproperties.com	7196 State Route 14, Mcleansboro, IL	7196 State Route 14, Mcleansboro, Illinois	US	US
S1-27002930	S2-639114064	S2	Benton Wholesale	Benton Wohlehae #25494	Sterling Ranch, 8445 Old Ski Run Circle, Unit 102, CO	8445 OLD SKI RUN CIRCLE, STERLING RANCH, CO	US	US
S1-27002930	S3-228966019	S3	Benton Wholesale	Benton Whólesale	Sterling Ranch, 8445 Old Ski Run Circle, Unit 102, CO	8445 Old Ski Run Cir, Sterling Ranch, Colorado	US	US
S1-710147242	S2-840878306	S2	ZM Gems Pvt Ltd	ZM  GEMS PVT	No. 257, Mezzanine Floor, 9Th A Main 3Rd Block, Jayanagar, Bangalore, Karnataka	#00257 , MEZZANINE FLOOR, 9TH A MAIN 3RD BLOCK, JAYANAGAR, BANGALORE, Karnataka	India	India
S1-710147242	S3-372705250	S3	ZM Gems Pvt Ltd	ZM 6ems Pvt Ltd	No. 257, Mezzanine Floor, 9Th A Main 3Rd Block, Jayanagar, Bangalore, Karnataka	#258, Mezzanine Floor, 9Th A Main 3Rd Block, Jayanagar, Bangalore, NULL, ಕರ್ನಾಟಕ	India	India
S1-332410345	S2-615350296	S2	Jawan Investment Pvt Ltd	Dr jawaninvestment.com	C 87 88 Cst Rd Kismat Nagar Kurla W Nr Masjid Mumbai, Mumbai, Mumbai City, Maharashtra	C 87 88 CST RD KISMAT NAGAR KURLA W NR MASJID MUMBAI, MUMBAI, Maharashtra	India	India
S1-332410345	S2-85568547	S2	Jawan Investment Pvt Ltd	JAWAN ÍNVESTMENT PVT LTD	C 87 88 Cst Rd Kismat Nagar Kurla W Nr Masjid Mumbai, Mumbai, Mumbai City, Maharashtra	C 87 88 CST RD KISMAT NAGAR KURLA W NR MASJID MUMBAI, MUMBAI, महाराष्ट्र	India	India
S1-332410345	S3-147549265	S3	Jawan Investment Pvt Ltd	Jawan Ínvestment Pvt Ltd	C 87 88 Cst Rd Kismat Nagar Kurla W Nr Masjid Mumbai, Mumbai, Mumbai City, Maharashtra	C 87 88 Cst Rd Kismat Nagar Kurla W Nr Masjid Mumbai, Mumbai Region, Mumbai City, महाराष्ट्र	India	India
S1-122637196	S2-85140658	S2	Classic Atlantic Prime LLC	CLASSIC LLC  PRIME ATLANTIC	48 Atlantic Drive, Split Pine, WV	SPLIT PINE, 48 ATLANTIC DRIVE, WV	US	US
S1-559551054	S2-77895989	S2	Prine Heartland Globa	Prine Globa Center	115 State Street, Falmouth, KY	15 STATE ST, FALMOUTH, KY	US	US
S1-824076722	S2-80041004	S2	Al Enterprises Pvt Ltd	अल एंटरप्राइजेज प्रा. लि.	Office No-201, 2Nd Floor, Global Square, Cts No-1505, S.No-247, Yerwada, Pune City, Pune, Maharashtra	OFFIFE NO-201, PUNE CITY, PUNE, Maharashtra	India	India
S1-824076722	S3-691802600	S3	Al Enterprises Pvt Ltd	Smt Alenterprises.Com	Office No-201, 2Nd Floor, Global Square, Cts No-1505, S.No-247, Yerwada, Pune City, Pune, Maharashtra	Offcie No-201, Pune City, Pune, महाराष्ट्र	India	India
S1-761471261	S2-593680056	S2	Orthopedic Supreme Medicine Corp	Orthopedic Supreme Medicine	2221 Sutton Green Lane, Houston, TX	SUTTON GREEN LANE, HOUSTON, TX	US	US
S1-336067611	S3-173736816	S3	Scheele, Martita, Ph.D.	-- Scheele, Marc, Ph.D.	19210 Co Hwy 39, Underwood, MN	Minnesota, 19210 Co Hwy 39, Underwood	US	US
S1-336067611	S3-453093563	S3	Scheele, Martita, Ph.D.	Scheele, Mfaitiita, Ph.D.	19210 Co Hwy 39, Underwood, MN	19210 Co Hwy 39, Underwood, Minnesota	US	US
S1-336067611	S3-469641439	S3	Scheele, Martita, Ph.D.	Schee1emartitaphd.Com	19210 Co Hwy 39, Underwood, MN	Co Hwy 39, PO Box 2376, Underwood, Minnesota	US	US
S1-850758454	S2-575893007	S2	Great Studio Private Limited	GREAT STUDIO PRIVATE	3783 Netaji Subhash Margdaryaganj, New Delhi, Central Delhi, Delhi	3783 NETAJI SBUHASH MARGDARYAGANJ, NEW DELHI, Delhi	India	India
S1-850758454	S3-996140533	S3	Great Studio Private Limited	Great Studio Prívate Limited	3783 Netaji Subhash Margdaryaganj, New Delhi, Central Delhi, Delhi	3783 Netaji Subhash Margdaryaganj, Jhajjar, New Delhi, DL	India	India
S1-155027115	S2-780856981	S2	Bharat Jai Tech	भारत जय टेक	157, Udyog Kendra Toy Cit, Greater Noida, Bishrakh, Gautam Buddha Nagar, Uttar Pradesh	157, BISHRAKH, GAUTAM BUDDHA NAGAR, Uttar Pradesh	India	India
S1-685028795	S2-682280056	S2	HCC Capital Private Limited	HCC Capital Prsate Limited	Pethkar Projects Siyona, B2/702Sno47(P)48(P)50(P)7, Pune City, Pune, Maharashtra	PETHKAR PROJECTS SIYONA, B2/702SNO47(P)48(P)50(P)7, PUNE CITY, Maharashtra	India	India
S1-685028795	S2-919381970	S2	HCC Capital Private Limited	HCC CAPITAL PRIVATE	Pethkar Projects Siyona, B2/702Sno47(P)48(P)50(P)7, Pune City, Pune, Maharashtra	PETHKAR PROJECTS SIYONA, B2/702SNO47(P)48(P)50(P)7, PUNE CITY, Maharashtra	India	India
S1-685028795	S3-250397855	S3	HCC Capital Private Limited	Private HCC Cpla Limited	Pethkar Projects Siyona, B2/702Sno47(P)48(P)50(P)7, Pune City, Pune, Maharashtra	MH, Pune City, B2/702sno47(p)48(p)50(p)7, Pune, Pethkar Projects Siyona	India	India
S1-685028795	S3-182341280	S3	HCC Capital Private Limited	hcccapital.com	Pethkar Projects Siyona, B2/702Sno47(P)48(P)50(P)7, Pune City, Pune, Maharashtra	Pethkar Projects Siyona, Pune City, Pune, MH	India	India
S1-566137077	S2-723289996	S2	Wilson & Lowery Systems	Wilson & Lowery	138054 Naugart Drive, Town Of Berlin, WI	138054 NAUGART DR, ATHENS ICTY, WI	US	US
S1-566137077	S3-344055906	S3	Wilson & Lowery Systems	Wilson & Lowery	138054 Naugart Drive, Town Of Berlin, WI	##138054 Naugart Drive, Town Of Berlin, Wisconsin	US	US
S1-45964697	S2-784156729	S2	Tani Ealy Bright Prudential LLC	Tani Ealy Prudential LLC Center	21 Pleasant Park, Millis, MA	PLEASANT PARK, MILLIS, MA	US	US
S1-45964697	S3-394779841	S3	Tani Ealy Bright Prudential LLC	Tani Ealy Bríght Prudential	21 Pleasant Park, Millis, MA	21 Pleaasnt Park, Millis, Massachusetts	US	US
S1-950265172	S3-378280639	S3	Nickelson, Ware and Gil LLC	Nickelson, Wr and Gil LLC	13404 Rippling Brook Drive, Silver Spring, MD	13404 Rippling Brook Drive, Silver Spring, Maryland	US	US
S1-948624922	S3-228903471	S3	Smart Hall Inc.	@smarthall	935 Sycamore Avenue, Corvallis, OR	935 Sycamore Ave, Corvalliis, Oregon	US	US
S1-27158214	S2-614863359	S2	Darby Thomas News LLC	DARBY THOMAS THOMAS	125 Seward Street, Smyrna, TN	125 SEWARD ST, SMYRNA CITY, TN	US	US
S1-27158214	S2-909414276	S2	Darby Thomas News LLC	Darby Thnmdsa News LLC	125 Seward Street, Smyrna, TN	125 SWEARD ST, SMYRNA CITY, TN	US	US
S1-27158214	S3-997723209	S3	Darby Thomas News LLC	Darby Thómas News LLC	125 Seward Street, Smyrna, TN	25 Seward St, Smyrna, Tennessee	US	US
S1-940115232	S3-946614984	S3	Shriji Group	Shriji	A-1/106 Vbhdc Greenwoods, Palghar Devkhope, Palghar, Thane, Maharashtra	611 A-1/106 Vbhdc Greenwoods, Palghar Devkhope, Palghar, Thane, MH	India	India
S1-940115232	S3-774677895	S3	Shriji Group	Shriji Gróup	A-1/106 Vbhdc Greenwoods, Palghar Devkhope, Palghar, Thane, Maharashtra	No. 611 A-1/106 Vbhdc Greenwoods, Palghar, Thane, महाराष्ट्र	India	India
S1-387418200	S3-281322816	S3	Dixon Learning Center Inc.	Dixon Learning Cnleetr [Inc.]	228 Blue Ridge Drive, Old Hickory, TN	216 Blue Ridge Dr, Old Hickory, Tennessee	US	US
S1-387418200	S3-373656844	S3	Dixon Learning Center Inc.	Inc. Dixon Center Learning	228 Blue Ridge Drive, Old Hickory, TN	228 Biue Ridge Dr, Old Hickory, Tennessee	US	US
S1-387418200	S3-76032683	S3	Dixon Learning Center Inc.	Dixon Learning Center	228 Blue Ridge Drive, Old Hickory, TN	216 Blue Ridge Dr, Old Hickory, Tennessee	US	US
S1-387418200	S3-386573427	S3	Dixon Learning Center Inc.	Inc Dixon Learning Center	228 Blue Ridge Drive, Old Hickory, TN	Tennessee, 228 Blue Rigde Dr, Old Hickory	US	US
S1-572490154	S2-989847647	S2	Krishan Services Ltd	Mr krishanservices.com	G-31, Preet Vihar, Delhi	BLOCK C-A-189 G-31, PREET VIHAR, Delhi	India	India
S1-572490154	S2-915804541	S2	Krishan Services Ltd	KRISHANSERVICES.COM	G-31, Preet Vihar, Delhi	BLOCK C-A-189 G-31, PREET VIHAR, Delhi	India	India
S1-572490154	S2-239765393	S2	Krishan Services Ltd	Sri -- Krishan  Services Ltd	G-31, Preet Vihar, Delhi	BLOCK C-A-189 G-31, DELHI, PREET VIHAR, Delhi	India	India
S1-572490154	S2-232572988	S2	Krishan Services Ltd	Krishan Services	G-31, Preet Vihar, Delhi	BLOCK C-A-189 G-31, PREET VIHAR, Delhi	India	India
S1-572490154	S3-494335891	S3	Krishan Services Ltd	Ltd. Krishan Services	G-31, Preet Vihar, Delhi	G-#31, Delhi, Preet Vihar, DL	India	India
S1-572490154	S3-798426451	S3	Krishan Services Ltd	Sri Krishan Services Ltd.	G-31, Preet Vihar, Delhi	G-#31, Preet Vihar, Delhi, DL	India	India
S1-534520678	S3-200231913	S3	Fresh Wealth Union Inc	Fresh Wéalth Unsr0 Inc	6403 12th Street, Unit #1906, Tacoma, WA	006403 12th St, Unit #1906, Tacoma, Washington	US	US
S1-147465602	S2-942578603	S2	Apex Foods Private Limited	ਏਪੈਕਸ ਫੂਡਜ਼ ਪ੍ਰਾਈਵੇਟ ਲਿਮਟਿਡ	25A, Model Town, Phagwara, Kapurthala, Punjab	25A, PHAGWARA, KAPURTHALA, Punjab	India	India
S1-279661956	S2-541717344	S2	Historical League	Historical [Lmaage]	2875 Jackdaw Drive, Bend, OR	2875 JACKDAW DR, BEND, OR	US	US
S1-203667972	S2-227806252	S2	Taylor White Inc.	TAYLOR INC. INC. WHITE	7519 55, Seven Springs, NC		US	US
S1-203667972	S2-83395144	S2	Taylor White Inc.	Taylor Inc. Center	7519 55, Seven Springs, NC	7519 55, null, SEVEN SPPRINGS, NC	US	US
S1-49535321	S2-167710104	S2	Primary Care First Physicians	PRIMARY CARE PHYSICIANS PHYSICIANS FIRST	IN, Milford, 6235 1100		US	US
S1-49535321	S2-525405643	S2	Primary Care First Physicians	Primary Care Fírst Physicians	IN, Milford, 6235 1100	6236 1100, <NULL>, MILFORD, IN	US	US
S1-49535321	S3-354847677	S3	Primary Care First Physicians	primarycarefirst.com	IN, Milford, 6235 1100	006235 1100, Milford, Indiana	US	US
S1-549086594	S2-808013831	S2	Sun Marketing Private Limited	सन मार्केटिंग प्राइवेट लिमिटेड	D- 8, Gf, Pandav Nagar, East Delhi, Delhi	Delhi, NEW DELHI, D- 08, GF, PANDAV NAGAR	India	India
S1-549086594	S3-109749221	S3	Sun Marketing Private Limited	सन मार्केटिंग प्राइवेट लिमिटेड	D- 8, Gf, Pandav Nagar, East Delhi, Delhi	D- 8, Gf, Pandav Nagar, East Delhi, दिल्ली	India	India
S1-388325812	S3-131944817	S3	Slate Inc	Slate	1930 Fawn Drive, Cheltenham Township, PA	##1930 Fawn Dr, Pennsylvania, Glenside	US	US
S1-388325812	S3-349217848	S3	Slate Inc	inc slate	1930 Fawn Drive, Cheltenham Township, PA	##1930 Fawn Drive, Cheltenham Township, Pennsylvania	US	US
S1-388325812	S3-197262044	S3	Slate Inc	Sagre Inc	1930 Fawn Drive, Cheltenham Township, PA	Fawn Drive, Glenside, Pennsylvania	US	US
S1-94486532	S3-37805042	S3	Glyphic Glass	6lyphic-Glass	300 Morgan Street, Odell, IL	300 Morgan Street, Odell, Illinois	US	US
S1-896836973	S2-494098461	S2	Odessa York, CPA	odessayorkcpa.com	Mobile, 3845 Cottage Hill Road, AL	3845 COTTAGE HILL ROAD, MOBILE, AL	US	US
S1-896836973	S3-110953474	S3	Odessa York, CPA	Odessa Ykohf CPA	Mobile, 3845 Cottage Hill Road, AL	3845 Cottage Hill Rd, Mobile, Alabama	US	US
S1-896836973	S3-324561668	S3	Odessa York, CPA	Odessa Yórk,	Mobile, 3845 Cottage Hill Road, AL	3845 Cottage Hill Rd, Mobile, Alabama	US	US
S1-506810298	S3-257917123	S3	ZE Corporate	ZE Corpaoraet	575 Thornhill Drive, Unit 116, Carol Stream, IL	575 Thornhill Dr, PO Box 7099, Carol Stream, Illinois	US	US
S1-506810298	S3-801235437	S3	ZE Corporate	ZE Corporage	575 Thornhill Drive, Unit 116, Carol Stream, IL	575 Thornhill Dr, Unit 116, Carol Stream, Illinois	US	US
S1-99838517	S2-393254700	S2	Gibbs, Aguilar and Wilson Pizza	GIBBS, AGUILAR PIZZA WILSON AND	10930 Meadowglen Lane, Houston, TX	0930 MEADOWGLEN LN, HOUSTON, TX	US	US
S1-99838517	S2-256265126	S2	Gibbs, Aguilar and Wilson Pizza	Gibbs, Aguilar and	10930 Meadowglen Lane, Houston, TX	0930 MEADOWGLEN LANE, HOUSTON, TX	US	US
S1-902552291	S3-666307285	S3	Varshita Food Pvt Ltd	Varshita Fóod Pvt Ltd	F-501, Park View City-2 Sector 49, Sohna Road, Gurgaon, Haryana	F-701, Park View City-2 Sector 49, Sohna Road, Gurgaon, HR	India	India
S1-621386822	S2-558590345	S2	Anand Impex Private Limited	आनंद इम्पेक्स प्राइवेट लिमिटेड	15 809 Mhb Colony Kher Nagar, Bandra East M, Mumbai City, Maharashtra	015 809 MHB COLONY KHER NAGAR, BANDRA EAST M, MUMBAI CITY, Maharashtra	India	India
S1-621386822	S2-247294505	S2	Anand Impex Private Limited	Anand Private Límited Services	15 809 Mhb Colony Kher Nagar, Bandra East M, Mumbai City, Maharashtra	NO 015 809 MHB COLONY KHER NAGAR, BANDRA EAST M, Maharashtra	India	India
S1-621386822	S2-792501876	S2	Anand Impex Private Limited	आनंद इम्पेक्स प्राइवेट लिमिटेड	15 809 Mhb Colony Kher Nagar, Bandra East M, Mumbai City, Maharashtra	H.NO 015 809 MHB COLONY KHER NAGAR, BANDRA EAST M, MUMBAI CITY, Maharashtra	India	India
S1-745775319	S2-157938966	S2	Techno (India) Infocom Private Limited	TECHNO (INDIA) INLFCOEOM PRIVATE LIMITED	312 Meter Cabin A, Surya House, Cts No. 464/A, Village Kirol, Road No. 7, Rajawadi, Vidyavihar (E), Mumbai, Maharashtra	#31 METER CABIN A, SURYA HOUSE, CTS NO. 464/A, VILLAGE KIROL, ROAD NO. 7, RAJAWADI, VIDYAVIHAR (E), MUMBAI, Maharashtra	India	India
S1-745775319	S2-423825986	S2	Techno (India) Infocom Private Limited	private techno (india) infocom limited	312 Meter Cabin A, Surya House, Cts No. 464/A, Village Kirol, Road No. 7, Rajawadi, Vidyavihar (E), Mumbai, Maharashtra	Maharashtra, GREATER BOMBAY, H.NO 31 METER CABIN A	India	India
S1-745775319	S3-323658202	S3	Techno (India) Infocom Private Limited	Techno (India) Iofbcom  Private Limited	312 Meter Cabin A, Surya House, Cts No. 464/A, Village Kirol, Road No. 7, Rajawadi, Vidyavihar (E), Mumbai, Maharashtra	No D/312 Mter Cabin A, Mumbai, महाराष्ट्र	India	India
S1-308240187	S2-3536731	S2	LB Xrp	lbxrp.com	3118 Soaring Pines Trail, Conroe, TX	3118 SOARING PINES TRL, CONROE, TX	US	US
S1-308240187	S3-377116427	S3	LB Xrp	LB Partners	3118 Soaring Pines Trail, Conroe, TX		US	US
S1-576426786	S2-744028128	S2	Jennings, Seaver & Powell Corp	Jennings, Seaver and	7159 Sagert Street, Unit #106, Tualatin, OR	7159 SAGERT SAINT, TUALATIN, OR	US	US
S1-576426786	S3-55462290	S3	Jennings, Seaver & Powell Corp	Jennings, Seaver & Pobcfl Corp	7159 Sagert Street, Unit #106, Tualatin, OR	7159 Sagert Street, # #106, Tualatin, Oregon	US	US
S1-576426786	S3-612368913	S3	Jennings, Seaver & Powell Corp	Jennings, Seaver And Powe1l Corp Corp	7159 Sagert Street, Unit #106, Tualatin, OR		US	US
S1-400092918	S2-157443428	S2	Metropolitan Supply Dynamics Inc	METROPOLITAN SUPPLY DYNAMICS INCORPORATED	284 B Commercial Street, Unit 2, Provincetown, MA	284  COMMERCIAL STREET, PMB 702, PROVINCETOWN, MA	US	US
S1-400092918	S3-190295932	S3	Metropolitan Supply Dynamics Inc	Metropolitan Supply Dynámics Inc	284 B Commercial Street, Unit 2, Provincetown, MA	284 B Commercial Street, Unit 2, Provincetown, Massachusetts	US	US
S1-281356776	S2-437044709	S2	Allied Educational Society	M/s Allied (Educational)	Gurugram, Gurgaon, Haryana, H-115 South City 2 Gurugram	H-115 SOUTH CITY 2 GURUGRAM, GURUGRAM, Haryana	India	India
S1-281356776	S2-178183232	S2	Allied Educational Society	Allied Educational  Society Limited	Gurugram, Gurgaon, Haryana, H-115 South City 2 Gurugram	H-115 SOUTH CITY 2 GURUGRAM, GURUGRAM, Haryana	India	India
S1-281356776	S3-328402545	S3	Allied Educational Society	Smt Allied Educational Services	Gurugram, Gurgaon, Haryana, H-115 South City 2 Gurugram		India	India
S1-281356776	S3-79293527	S3	Allied Educational Society	Alliededucationalsociety.Com	Gurugram, Gurgaon, Haryana, H-115 South City 2 Gurugram	H-115 South Ciy 2 Gurugram, Gurgaon, Gurugram, HR	India	India
S1-581797355	S2-87828988	S2	Virtus Lifespaces Private Limited	Virtus Linpebaces Private Limited	Sy No 10/28, Ambalipura, Bangalore South, Bangalore, Karnataka	SY NO 10/28, AMBALIPURA, BANGALORE SOTH, Karnataka	India	India
S1-581797355	S2-274005428	S2	Virtus Lifespaces Private Limited	Virtus Lifespaces Limited Partners	Sy No 10/28, Ambalipura, Bangalore South, Bangalore, Karnataka	SY NO 10/28, AMBALIPURA, BANGALORE SOUTH, Karnataka	India	India
S1-635491453	S2-896610416	S2	Bay Investment LLC	Bay Ínvestment LLC	820 Chicago Avenue, Downers Grove, IL	DOWNERS GROVE, IL, ##820 CHICAGO AVE	US	US
S1-635491453	S2-721953959	S2	Bay Investment LLC	Bay Inmtnt LLC	820 Chicago Avenue, Downers Grove, IL	DOWNERS GROVE, IL, ##820 CHICAGO AVE	US	US
S1-635491453	S2-80171195	S2	Bay Investment LLC	BAY INESDMETN [LLC]	820 Chicago Avenue, Downers Grove, IL	DOWNERS GROVE, ##820 CHICAGO AVE, IL	US	US
S1-635491453	S3-881939056	S3	Bay Investment LLC	Bay Invesftent [LLC]	820 Chicago Avenue, Downers Grove, IL	820-824 Chicago Avenue, Downers Grove, Illinois	US	US
S1-26906339	S2-139724046	S2	Herring, Johnson and Collins	HERRING, JOHNSON AND COLLINS [CORPORATION]	2173 28-HEAD Of The Bay Road, Unit 2, Harwich, MA	2173 28-HEAD OF THE BAY RD, HARWICH, MA	US	US
S1-26906339	S3-976827142	S3	Herring, Johnson and Collins	Herring, Johnson and	2173 28-HEAD Of The Bay Road, Unit 2, Harwich, MA	2173 28-Head Of The Bay Road, # 2, Harwich, Massachusetts	US	US
S1-816183362	S2-467940212	S2	Aggie's Metropolitan Digital	AGGIE'S METROPOLITAN  CENTER	1839 Courtside Place Drive, Missouri City, TX	1839 COURTSIDE PLACE DR, MISSOURI CITY, TX	US	US
S1-816183362	S2-681660023	S2	Aggie's Metropolitan Digital	Aggie's Digital-Center	1839 Courtside Place Drive, Missouri City, TX	1839 COURTSIDE PLACE DR, MISSOURI CITY, TX	US	US
S1-302710833	S2-23803098	S2	Kial Weaver Signature Associates Halifax	Weaver, Kial Signature Ássociates [Halifax]	NC, 6961 301, Halifax	6961 301, HLAIFAX TOWNSHIP, NC	US	US
S1-302710833	S2-888817530	S2	Kial Weaver Signature Associates Halifax	The Kial Weaver Signature Associates Halifax	NC, 6961 301, Halifax	NC, 6961 301, HLAIFAX TOWNSHIP	US	US
S1-302710833	S2-546588882	S2	Kial Weaver Signature Associates Halifax	Kial Weaver Signature Associates	NC, 6961 301, Halifax	6961 301, PMB 212, HLAIFAX TOWNSHIP, NC	US	US
S1-302710833	S3-77639341	S3	Kial Weaver Signature Associates Halifax	Kial Weaver  Signature	NC, 6961 301, Halifax	961 301, <NULL>, Halifax, North Carolina	US	US
S1-302710833	S3-203698864	S3	Kial Weaver Signature Associates Halifax	Wmeamevr, Kial Signature Associates Halifax	NC, 6961 301, Halifax	Halifax, 301, North Carolina, <NULL>	US	US
S1-125331877	S2-20329354	S2	New Delhi Global Corp	New Dehi Global Corp	New Delhi, Delhi, C-1/67-Old No-4B, West Delhi, Kh No-120/2 Madhu Vihar	C-1/67-OLD NO-4B, KH NO-120/2 MADHU VIHAR, NEW DELHI, Delhi	India	India
S1-125331877	S2-357054405	S2	New Delhi Global Corp	NEW DELHI GLOBAL  CORPORATION	New Delhi, Delhi, C-1/67-Old No-4B, West Delhi, Kh No-120/2 Madhu Vihar	C-1/67-OLD NO-4B, KH NO-120/2 MADHU VIHAR, NEW DELHI, दिल्ली	India	India
S1-125331877	S3-193883951	S3	New Delhi Global Corp	New Delhi Gtobal Corp	New Delhi, Delhi, C-1/67-Old No-4B, West Delhi, Kh No-120/2 Madhu Vihar	C-1/67-old No-4b, New Delhi, DL	India	India
S1-125331877	S3-898976397	S3	New Delhi Global Corp	Corp New Dfelai Global	New Delhi, Delhi, C-1/67-Old No-4B, West Delhi, Kh No-120/2 Madhu Vihar	C-1/67-old No-4b, New Delhi, DL	India	India
S1-773968745	S2-40624964	S2	83/16 Banking	83/16 Banrkring	980 Barg Salt Run Road, Milford, OH	BARG SALT RUN ROAD, MILFORD, OH	US	US
S1-325106163	S2-330111962	S2	Premier Marketing Private Limited	പ്രീമിയർ മാർക്കറ്റിംഗ് പ്രൈവറ്റ് ലിമിറ്റഡ്	956/34, Cherickal House, Cherickal Lane, Pallom, Kottayam, Kerala, Kottayam, Kerala	956/34, Kottayam, null, Kerala	India	India
S1-325106163	S2-906639752	S2	Premier Marketing Private Limited	പ്രീമിയർ മാർക്കറ്റിംഗ് പ്രൈവറ്റ് ലിമിറ്റഡ്	956/34, Cherickal House, Cherickal Lane, Pallom, Kottayam, Kerala, Kottayam, Kerala	956/34, Kottayam, null, Kerala	India	India
S1-325106163	S2-295213095	S2	Premier Marketing Private Limited	പ്രീമിയർ മാർക്കറ്റിംഗ് പ്രൈവറ്റ് ലിമിറ്റഡ്	956/34, Cherickal House, Cherickal Lane, Pallom, Kottayam, Kerala, Kottayam, Kerala	956/34, Kottayam, null, Kerala	India	India
S1-960355473	S2-443666785	S2	Visionary & Sons Private Limited	M/s Visionary & Soesn Private  Limited	Ground Floor, Incor Opulence Gunjur Palya Road, Gunjur Village, Varthur, Bangalore, Flat No.G05, Karnataka, Bangalore		India	India
S1-224323971	S2-337766127	S2	Naperville Realty	*** NAPERVILLE RÉALTY	1732 Chalmette Court, Naperville, IL	01732 CHALMETTE CT, PO BOX 4414, NAPERVILLE, IL	US	US
S1-224323971	S3-70374966	S3	Naperville Realty	Naperville Center	1732 Chalmette Court, Naperville, IL		US	US
S1-304297041	S2-375598132	S2	Shivam Projects Private Limited	শিবম প্রজেক্টস প্রাইভেট লিমিটেড	Howrah, Kolkata, Ground Floor Princeton Club 26 Prince Anwar Shah Road, West Bengal, Kolkata	GROUND FLOOR PRINCETON CLUB 26/6 PRINCE ANWAR SHAH ROAD, KOLKATA, পশ্চিমবঙ্গ	India	India
S1-304297041	S2-815785043	S2	Shivam Projects Private Limited	শিবম প্রজেক্টস প্রাইভেট লিমিটেড	Howrah, Kolkata, Ground Floor Princeton Club 26 Prince Anwar Shah Road, West Bengal, Kolkata	GROUND FLOOR PRINCETON CLUB 26/6 PRINCE ANWAR SHAH ROAD, KOLKATA, HOWRAH, TOLLYGUNJE  KOLKATA, West Bengal	India	India
S1-791947968	S3-724965051	S3	Hem Educational Society	Hem éducational Society Society	2, Gulmohar Soc., Mithbunder Road Thane East, Thane, Maharashtra	2, Gulmohar Soc., Mithbunder Road Thane East, Thane, MH	India	India
S1-791947968	S3-796368836	S3	Hem Educational Society	Mr hemeducationalsociety.com	2, Gulmohar Soc., Mithbunder Road Thane East, Thane, Maharashtra	2, Gulmohar Soc., Mithbunder Road Thane East, Thane, महाराष्ट्र	India	India
S1-318218643	S3-492516478	S3	Velix Charles LLC	Velix Chaies LLC	1447 59 Street, Brooklyn, NY	1447 59 St, Brooklyn, New York	US	US
S1-318218643	S3-220224280	S3	Velix Charles LLC	LLC Velix Ces	1447 59 Street, Brooklyn, NY	1447 59 St, Brooklyn, New York	US	US
S1-57274805	S2-55810601	S2	Gangotri Institution Private Limited	PRIVATE GANGOTRI INSTITUTION LIMITED	2G, Neptune, Trinity World, Trinity World Road, Chittetukara, Kakkanad, Ernakulam, Kerala	Kerala, KAKKANAD, ERNAKULAM, 02G	India	India
S1-57274805	S3-854493985	S3	Gangotri Institution Private Limited	Shri Gangotri Institutin Private (Limited)	2G, Neptune, Trinity World, Trinity World Road, Chittetukara, Kakkanad, Ernakulam, Kerala	2G., Ernakulam, Kakkanad, Keralam	India	India
S1-521730978	S2-162413269	S2	Real Ace Investment Private Limited	रियल एस इन्वेस्टमेंट प्राइवेट लिमिटेड	9-E Sunita Apartmentcumballa Hill 62 Pedder Road, Mumbai, Maharashtra	#9-E SUNITA APARTMENTCUMBALLA HILL 62 PEDDER ROAD, MUMBAI, महाराष्ट्र	India	India
S1-521730978	S2-189189542	S2	Real Ace Investment Private Limited	रियल एस इन्वेस्टमेंट प्राइवेट लिमिटेड	9-E Sunita Apartmentcumballa Hill 62 Pedder Road, Mumbai, Maharashtra	MUMBAI, DOOR NO 9-E SUNITA APARTMENTCUMBALLA HILL 62 PEDDER ROAD, Maharashtra, MUMBAI	India	India
S1-521730978	S2-839601246	S2	Real Ace Investment Private Limited	Rea1 Ace Investment Prívate Limited	9-E Sunita Apartmentcumballa Hill 62 Pedder Road, Mumbai, Maharashtra	H.NO 9-E SUNITA APARTMENTCUMBALLA HILL 62 PEDDER ROAD, MUMBAI, Maharashtra	India	India
S1-504442535	S2-590240721	S2	Michal Clarke Fifth	MICHAL CLARKE FIFTH FIFTH - (4862396009)	765 Main Street, Piru, CA	765 MAIN ST, PIRU, CA	US	US
S1-504442535	S3-35217638	S3	Michal Clarke Fifth	Michal Carcke Fifth	765 Main Street, Piru, CA	765 Main St, Piru, California	US	US
S1-145606139	S3-212135744	S3	Williamson Quality Braves LP	Williamson Quiloty Braves LP	1420 Ardsley Place, Homewood, AL	1420 Ardsley Pl, NULL, Birmingham, Alabama	US	US
S1-389234911	S3-26514204	S3	Coral Fund Pvt. Ltd.	Coral FUND PVT. LTD. | www.coralfund.com	#353, 2Nd Main Road, 4Th Stage, Beml Layout, Rajarajeshwari Nagar, Bangalore, Karnataka	H.no 0353, 2Nd Main Road, 4Th Stage, Beml Layout, Rajarajeshwari Nagar, Bangalore, ಕರ್ನಾಟಕ	India	India
S1-803676246	S2-543917630	S2	Laxmi Perfect It Private Limited	लक्ष्मी परफेक्ट आईटी प्राइवेट लिमिटेड	Uttar Pradesh, Noida, 16Th Avenue, Gaur City 2, G.Noida West, Gautam Buddha Nagar, H-18057	DOOR NO 43 H-18057, 16TH AVENUE, GAUR CITY 2, G.NOIDA WEST, NOIDA, GAUTAM BUDDHA NAGAR, Uttar Pradesh	India	India
S1-803676246	S2-373765134	S2	Laxmi Perfect It Private Limited	लक्ष्मी परफेक्ट आईटी प्राइवेट लिमिटेड	Uttar Pradesh, Noida, 16Th Avenue, Gaur City 2, G.Noida West, Gautam Buddha Nagar, H-18057	GAUTAM BUDDHA NAGAR, 16TH AVENUE, GAUR CITY 2, G.NOIDA WEST, NOIDA, DOOR NO 43 H-18057, Uttar Pradesh	India	India
S1-803676246	S2-28172950	S2	Laxmi Perfect It Private Limited	लक्ष्मी परफेक्ट आईटी प्राइवेट लिमिटेड	Uttar Pradesh, Noida, 16Th Avenue, Gaur City 2, G.Noida West, Gautam Buddha Nagar, H-18057	NOIDA, GAUTAM BUDDHA NAGAR, Uttar Pradesh, H.NO 43 H-18057, 16TH AVENUE, GAUR CITY 2, G.NOIDA WEST	India	India
S1-515548222	S2-198927444	S2	Wegman Financial LLC	Wegman Fínancial LLC	1028 Hickory Grove Road, Gastonia, NC	1028. HICKORY GROVE ROAD, NC, GASTONIA	US	US
S1-515548222	S3-815866312	S3	Wegman Financial LLC	Services Wegman LLC	1028 Hickory Grove Road, Gastonia, NC	001028 Hickory Grove Rd, Gastonia CITY, North Carolina	US	US
S1-515548222	S3-672370098	S3	Wegman Financial LLC	Wegman Financia1	1028 Hickory Grove Road, Gastonia, NC	Hickory Grove Rd, Gastonia CITY, North Carolina	US	US
S1-204931911	S3-737568195	S3	Vimoix Smart Wholesale	Vimoix Smart - 8078220422	NC, 55 Garner Road, Selma	55 Garner Road, Selma, North Carolina	US	US
S1-437415597	S2-248645594	S2	Sunderland and Vasile Charlton	svcharlton.com	1495 Minnow Lake Road, City Of Phillips, WI	1495 MINNOW LAKE ROAD, PHILILPS, WI	US	US
S1-437415597	S2-569736406	S2	Sunderland and Vasile Charlton	SUNDERLAND AND VASILE CENTER CENTER	1495 Minnow Lake Road, City Of Phillips, WI	1495 MINNOW LAKE RD, PHILILPS, WI	US	US
S1-197197167	S3-379563450	S3	Lucie Butler, P.A. LP	Lucie Butr, P.A. LP	11348 114th Avenue, Town Of Tilden, WI	11348 114th Ave, Chippewaa Falls, Wisconsin	US	US
S1-622557613	S2-904082339	S2	Baid Retail Corporation	Mr Baid Rétail Corporation #51139	114, Sitaram Appartments Plot No-102, Ip Extension, Delhi, East Delhi, Delhi		India	India
S1-622557613	S2-628909296	S2	Baid Retail Corporation	BAID RETAIL-CORP	114, Sitaram Appartments Plot No-102, Ip Extension, Delhi, East Delhi, Delhi	114, SITARAM APPATRMENTS PLOT NO-102, IP EXTENSION, DELHI, दिल्ली	India	India
S1-622557613	S2-187526768	S2	Baid Retail Corporation	BAID RETAIL	114, Sitaram Appartments Plot No-102, Ip Extension, Delhi, East Delhi, Delhi	114, SITARAM APPARTMENTS PLOT NO-102, IP EXTENSION, DELHI, Delhi	India	India
S1-202530197	S2-665150973	S2	Ferryx Internet LLC	FERRYX (INTERNET)	8417 Cain River Drive, Frisco, TX	8417 CAIN RIVER DR, FRISCO, TX	US	US
S1-202530197	S2-343586734	S2	Ferryx Internet LLC	Ferryx Intentrre LLC	8417 Cain River Drive, Frisco, TX	FRISCO, 8417 CAIN RIVER DR, TX	US	US
S1-792880767	S2-950206736	S2	Gray Financial LLC	GRAY-LLC FINANCIAL	404 Coxs Fork Road, Danville, WV	COXS FORK RD, DANVILLE, WV	US	US
S1-792880767	S2-674757555	S2	Gray Financial LLC	Veoquo	404 Coxs Fork Road, Danville, WV	404 COXS FORK RD, DANVILLE, WV	US	US
S1-57859332	S2-170181999	S2	Cinder LLC	cinder.com	3985 Galloway Drive, Memphis, TN	3985 GALLOWAY DR, MEMPHIS, TN	US	US
S1-57859332	S3-102113576	S3	Cinder LLC	Cinder	3985 Galloway Drive, Memphis, TN	3985 Galloway Drive, N/A, Memmphis, Tennessee	US	US
S1-57859332	S3-12427791	S3	Cinder LLC	Csdre LLC	3985 Galloway Drive, Memphis, TN	3985 Galloway Dr, N/A, Tennessee, Memmphis	US	US
S1-734453985	S2-522999512	S2	Kriste Ross Elite Auto Glass LLC	KRISTE ROSS ELITE AUTO GLASS	9837 Peakview Avenue, Unit D03, Cherry Creek, CO	9837. PEAKVIEW AVE, CHERRY CREEK, CO	US	US
S1-512080827	S2-37397311	S2	Komal Fusion Private Limited	... Komal Fusion Private Límited	H.No.12-2- 709/C/1, Flat No.2, 2Nd Floor, Sai Teja Apartments, Padmanabhanagar, Mehadipatnam, Hyderabad, Telangana	NO 12-2- 709/C/1, HYDERABAD, MEHADIPATNAM, Andhra Pradesh	India	India
S1-352005417	S2-247639339	S2	Wildrick and Sands LLC	Wildrick & Sands LLC  Partners	25481 151st Drive, Surprise, AZ	25481 151ND DR, SURPRISE, AZ	US	US
S1-708796012	S2-994438467	S2	Board of Consumer Affairs	Board of Consumer Affair	122 Dayton Yellow Springs Road, Unit 4, Fairborn, OH	122 DAYTON YELLOW SPRINGS ROAD, FAIRBORN, OH	US	US
S1-708796012	S2-440628035	S2	Board of Consumer Affairs	>> Board of Consumer Affairs LLC	122 Dayton Yellow Springs Road, Unit 4, Fairborn, OH	122 DAYTON YELLOW SPRINGS ROAD, FAIRBORN, OH	US	US
S1-269656551	S3-637610456	S3	Impetus Hotel Public Limited	impetushotelpublic.com	Canal Road Wakdai Nagar, Mangaon, Raigarh, Maharashtra	Canal Road Wakdai Nagar, Mangaon, Raigarh, महाराष्ट्र	India	India
S1-425938131	S3-506252967	S3	Fortune Business Private Limited	ஃபார்ச்சூன் பிசினஸ் பிரைவேட் லிமிடெட்	Bricklin Road 127-A 127-A, Bricklin Road, 5Th Block, 16Th Floor, Tvh Ls Apts, Purasaiwakkam, Chennai, Tamil Nadu	Bricklin Road 127-A 127-A, Bricklin Road, 5Th Block, 16Th Floor, Tvh Ls Apts, Purasaiwakkam, Poonamalle, TN	India	India
S1-351358518	S2-215809944	S2	Lorita Steele Clear Best LLC	LORITASTEELECLEAR.COM	OR, Willamina, 22330 Willamina Creek Road	22330 WILLAMINA CREEK RD, WILLAMINA, OR	US	US
S1-27029362	S3-689563486	S3	Global Ministries	global global ministries	74 429, Stockdale, TX	Stockdale, 429, Texas	US	US
S1-64915886	S2-942028948	S2	All Golden Trading	ऑल गोल्डन ट्रेडिंग	Madhya Pradesh, 91, Indore, Saket Nagar	91, SAKET NAGAR, INDORE, Madhya Pradesh	India	India
S1-64915886	S2-573702055	S2	All Golden Trading	ALL G0LDEN TRADING	Madhya Pradesh, 91, Indore, Saket Nagar	91, SAKET NAGAR, INDORE, मध्य प्रदेश	India	India
S1-332388880	S2-792133931	S2	Bedford County Community Church Group	Bedf0rd County Community Church LLC	Unit STE A-07, Bedford County, VA, 18013 Forest Road		US	US
S1-332388880	S3-743841292	S3	Bedford County Community Church Group	Bedford County Cohmuty Church Group	Unit STE A-07, Bedford County, VA, 18013 Forest Road	18013 Forest Road, Unit STE A-07, Forest, Virginia	US	US
S1-387747643	S3-475184820	S3	Bonney Lake Veterans Guild	Bonney Lake Véterans Guild Corp	12404 208th Avenue, Bonney Lake, WA	Washington, 2404 208th Ave, Bonney Lake	US	US
S1-387747643	S3-427512893	S3	Bonney Lake Veterans Guild	Bonneylakeveterans.Com	12404 208th Avenue, Bonney Lake, WA	208th Avenue, Bonney LAKE, Washington	US	US
S1-263481527	S2-809807183	S2	Pinnacle Enterprises	Pinnacle Entmrrises	401 Raghavbhawan Khjua Chowki, Rajendranagar, Lucknow, Uttar Pradesh		India	India
S1-227354877	S2-220127026	S2	Shanie Garrett, D.O.	SHANIE GARRETT, D.O.  CO	40 William Street, Unit 409, MA, Wellesley	040 WILLIAM STREET, WELLESLEY, MA	US	US
S1-227354877	S2-715847717	S2	Shanie Garrett, D.O.	SHANIE GARRETT,	40 William Street, Unit 409, MA, Wellesley	040 WILLIAM ST, WELLESLEY, MA	US	US
S1-227354877	S3-771760362	S3	Shanie Garrett, D.O.	Shanie Garrtfet, D.O.	40 William Street, Unit 409, MA, Wellesley	40 William St, Unit 409, Wellesley, Massachusetts	US	US
S1-901695846	S3-292411219	S3	Lopez, Cortez and Custard LP	Lopez, Cortez & Custard LP Center	5 Industrial Loop Road, Hannibal, MO	Industrial Loop Rd, Missouri, Hanniibal	US	US
S1-938792097	S2-520060897	S2	Shree Estate Private Limited	श्री एस्टेट प्राइवेट लिमिटेड	501, Shashi Niketan, Vindyavasini Street Gyan Ganga Ke Bagal Wali Gali, Kadamkuan, Patna, Bihar	501, SHASHI NIKETAN, VINDYAVASINI STREET GYAN GANGA KE BAGAL WALI GALI, KADAMKUAN, PATNA, KADAMKUAN, Bihar	India	India
S1-929809097	S2-591735846	S2	Alisun Nowak Rocky Oxley	ALISUN NOWAK ROCKY-SERVICES	3631 Cushing Drive, Unit D, Columbus, OH	3631 CUSHING DRIVE, COLUMBUS, OH	US	US
S1-338830003	S2-846661659	S2	Doex LLC	Doex	5421 Lakeside Avenue, Crystal, MN	5421 LAKESIDE AVE, CRYSTAL, MN	US	US
S1-338830003	S3-607853162	S3	Doex LLC	Doex L.L.C. L.L.C.	5421 Lakeside Avenue, Crystal, MN		US	US
S1-338830003	S3-633453278	S3	Doex LLC	#doex	5421 Lakeside Avenue, Crystal, MN	542 Lakeside Ave, Crystal, Minnesota	US	US
S1-756304715	S2-527679139	S2	Choice Rate	Choice Services	2333 Sierra Madre Court, Rancho Cordova, CA	02333 SIERRA MADRE CT, RANCHO CORDOVA, CA	US	US
S1-756304715	S3-436972106	S3	Choice Rate	Choice Ráte Ráte	2333 Sierra Madre Court, Rancho Cordova, CA	233 Sierra Madre Ct, PMB 1086, Rancho Cordova CITY, California	US	US
S1-756304715	S3-452336654	S3	Choice Rate	Choice Rnie	2333 Sierra Madre Court, Rancho Cordova, CA	233 Sierra Madre Court, PMB 1086, Rancho Cordova CITY, California	US	US
S1-756304715	S3-919158992	S3	Choice Rate	Wexdova	2333 Sierra Madre Court, Rancho Cordova, CA	233 Sierra Madre Ct, PMB 1086, Rancho Cordova CITY, California	US	US
S1-301283839	S2-696791661	S2	Lakshmi Impex	లక్ష్మీ ఇంపెక్స్	76, Main Road, Phase-3, Jawahar Auto Nagar, Plot No 74, Vijayawada, Andhra Pradesh, Srikakulam	H.NO ##74, 76, MAIN ROAD, PHASE-3, JAWAHAR AUTO NAGAR, VIJAYAWADA, KANURU, Andhra Pradesh	India	India
S1-139532667	S2-615912556	S2	Merchant Charitable Trust	MERCHANT CHARITABLE TRUST CORPORATION	Mohla Road, Village Harphala, Post Office : Gadpuri, Ballabgarh, Faridabad, Haryana	MOHLA ROAD, VILLAGE HARPHAAL, POST OFFICE : GADPURI, BALLABGARH, FARIDABAD, Haryana	India	India
S1-139532667	S3-905481899	S3	Merchant Charitable Trust	Onyxonyxiri	Mohla Road, Village Harphala, Post Office : Gadpuri, Ballabgarh, Faridabad, Haryana	Mohma Road, Village Harphala, Post Office : Gadpuri, Ballabgarh, Palwal, Faridabad, HR	India	India
S1-487408870	S3-282824865	S3	Jones Smart Prudential Inc	Jones Smart  Inc Center	2519 Wright Avenue, Benton, AR	2519 Wright Ave, Benon, Arkansas	US	US
S1-487408870	S3-576287398	S3	Jones Smart Prudential Inc	Jones Smart Prudential Inc #29328	2519 Wright Avenue, Benton, AR	2519 Wright Avenue, Benon, Arkansas	US	US
S1-557783855	S2-858086386	S2	Sunrise Investments Private Limited	सनराइज इन्वेस्टमेंट्स प्राइवेट लिमिटेड	818 Devika Tower, Nehru Place, New Delhi, Delhi	#C-818 DEVIKA TOWER, NEW DELHI, Delhi	India	India
S1-738271924	S2-293548718	S2	Miis Advisors	miisadvisors.com	10455 Sawyer Avenue, Chicago, IL	10455 SAWYER AVE, IL, CHICAGO	US	US
S1-738271924	S3-68579581	S3	Miis Advisors	Miis Services	10455 Sawyer Avenue, Chicago, IL	10455 Sawyer Ave, Chicago, Illinois	US	US
S1-734659223	S2-300640905	S2	D/Z Bancshares LLC	D/Z Bancshares	6738 Moscato Court, Fl 1, Hillsboro, OR	6738  MOSCATO COURT, HILLSBORO, OR	US	US
S1-734659223	S2-212840736	S2	D/Z Bancshares LLC	D/Z  LLC Bancshares	6738 Moscato Court, Fl 1, Hillsboro, OR	6738  MOSCATO CT, HILLSBORO, OR	US	US
S1-734659223	S2-50057773	S2	D/Z Bancshares LLC	D/Z Bancshares	6738 Moscato Court, Fl 1, Hillsboro, OR	MOSCATO COURT, HILLSBORO, OR	US	US
S1-523354110	S2-307330564	S2	Alpha Sky Logistics Private Limited	ആൽഫ സ്കൈ ലോജിസ്റ്റിക്സ് പ്രൈവറ്റ് ലിമിറ്റഡ്	9/192/A, Lakshmi Building, Poovambayi, Panangad, Koyilandi, Kozhikode, Kerala	A-9/192/A, LAKSHMI BUILDING, POOVAMBAYI, PANANGAD, KOZHIKODE, KOYILANDI, Kerala	India	India
S1-523354110	S2-820560826	S2	Alpha Sky Logistics Private Limited	ആൽഫ സ്കൈ ലോജിസ്റ്റിക്സ് പ്രൈവറ്റ് ലിമിറ്റഡ്	9/192/A, Lakshmi Building, Poovambayi, Panangad, Koyilandi, Kozhikode, Kerala	A-9/192/A, LAKSHMI BUILDING, POOVAMBAYI, PANANGAD, KOYILANDI, KOZHIKODE, Kerala	India	India
S1-168182736	S3-404819021	S3	Peterson & Kennedy Co	Petersonkennedy.Com	1118 1375, Clearfield, UT	1118 1375, Cleafrield, Utah	US	US
S1-518394026	S2-151404433	S2	One Healthcare	ஒன் ஹெல்த்கேர்	E50, 3Rd Floor, Ihfd, Nagar, Pallavaram, Kanchipuram, Tamil Nadu	E50, 3RD FLOOR, IHFD, NAGAR, PALLAVARAM, KANCHIPURAM, KANCHEEPURAM, தமிழ்நாடு	India	India
S1-518394026	S2-288129184	S2	One Healthcare	ஒன் ஹெல்த்கேர்	E50, 3Rd Floor, Ihfd, Nagar, Pallavaram, Kanchipuram, Tamil Nadu	E50, KANCHIPURAM, Tamil Nadu, 3RD FLOOR, IHFD, NAGAR, PALLAVARAM, KANCHEEPURAM	India	India
S1-360188878	S3-875542917	S3	Good Constructions	गुड कंस्ट्रक्शंस	C/O Jaharoom Bee Qureshi Near Jobat Tent House, Rajiv Colony, Deodara, Mandla, Madhya Pradesh	H.no 78 C/o Jaharoom Bee Qureshi Near Jobat Tent House, Mandla, मध्य प्रदेश	India	India
S1-857022301	S2-495512988	S2	Zepheus Barings LLC	ZEPHEUS  BARINGS	1633 James Drive, Crawfordsville, IN	1633-1635 JAMES DR, CRAWFORDSVILLE, IN	US	US
S1-857022301	S2-253759714	S2	Zepheus Barings LLC	Zepheus 8arings LLC	1633 James Drive, Crawfordsville, IN	1633-1635 JAMES DR, CRAWFORDSVILLE, IN	US	US
S1-206477802	S2-505700999	S2	Rocky Institute	rocky institute #29655	13 Ralph Boulevard, Unit Unit 214, Ramapo, NY	13- RALPH BOULEVARD, RAMAPO, NY	US	US
S1-206477802	S3-616814502	S3	Rocky Institute	R0cky Institute	13 Ralph Boulevard, Unit Unit 214, Ramapo, NY	13 Ralph Blvd, Ramapo, New York	US	US
S1-597401517	S3-622823918	S3	Red Hypnosis	Redhypnosis.Com	552 Mill Creek Road, Dongola, IL	552-D Mill Creek Road, Dongola, Illinois	US	US
S1-183760590	S2-947379718	S2	Precision Business Worldwide Corporation	Precisi0n Business Worldwide	1213 Clarinet Road, Elkhart, IN		US	US
S1-183760590	S2-574663827	S2	Precision Business Worldwide Corporation	Córporation Precision Business Worldwide	1213 Clarinet Road, Elkhart, IN	121 CLARINET ROAD, ELKHART, IN	US	US
S1-739118392	S2-424578566	S2	Silver Energy Private Limited	सिल्वर एनर्जी प्राइवेट लिमिटेड	508, 5Th Floor, Paras Trinity, Sector-63, Gurgaon, Haryana	508, GURGAON, Haryana, 5TH FLOOR, PARAS TRINITY, SECTOR-63	India	India
S1-739118392	S3-893802964	S3	Silver Energy Private Limited	सिल्वर एनर्जी प्राइवेट लिमिटेड	508, 5Th Floor, Paras Trinity, Sector-63, Gurgaon, Haryana	हरियाणा, Gurgaon, 508, Gurgaon, 5Th Floor, Paras Trinity, Sector-63	India	India
S1-739118392	S3-951410655	S3	Silver Energy Private Limited	Caloumbra	508, 5Th Floor, Paras Trinity, Sector-63, Gurgaon, Haryana	508, Haryana, 5Th Floor, Paras Trinity, Sector-63, Gurgaon	India	India
S1-595315008	S2-11660284	S2	Greening Popular of Charlotte Co	greeningpopularcharlotte.com	15102 Terns Court, Charlotte, NC	TERNS CT, CHARLOTTE, NC	US	US
S1-595315008	S3-817296858	S3	Greening Popular of Charlotte Co	Greening Popular of	15102 Terns Court, Charlotte, NC	15102-15106 Terns Court, Charlote, North Carolina	US	US
S1-595315008	S3-440092391	S3	Greening Popular of Charlotte Co	Greening  Popular of Chlrmlote Co	15102 Terns Court, Charlotte, NC	Charlote, 15102-15106 Terns Ct, North Carolina	US	US
S1-595315008	S3-166824534	S3	Greening Popular of Charlotte Co	Greening Popular of	15102 Terns Court, Charlotte, NC	15102-15106 Terns Ct, Charlote, North Carolina	US	US
S1-999555430	S2-611061328	S2	Diamond Marine Products LLC	DIAMOND MARINE LLC CENTER	3768 Oleander Avenue, Corvallis, OR	OR, OLEANDER AVENUE, CORVALLIS	US	US
S1-999555430	S3-856934462	S3	Diamond Marine Products LLC	Diamond Marine Prioudcnts LLC	3768 Oleander Avenue, Corvallis, OR	3768 Oleaner Ave, Corvallis, Oregon	US	US
S1-520813789	S2-268825148	S2	Sheetal (India) India Private Limited	Sheetal (India) India Prívate Limited	Sdf Building, Block - 3 Infocity, Bhubaneswar, Khordha, Orissa	SDF BUILDING, BLOCK - 003 INFOCITY, BHUBANESWAR, Odisha	India	India
S1-216179293	S2-135309425	S2	Johnson Exchange	JOHNSON EXCHANGE CO	8145 Ice House Canyon Road, Globe, AZ	AZ, 814 ICE HOUSE CANYON RD, GLOBE	US	US
S1-216179293	S3-850576981	S3	Johnson Exchange	Johnson Excange	8145 Ice House Canyon Road, Globe, AZ	8145 Ice House Canyon Road, Globe, Arizona	US	US
S1-737635669	S3-480268996	S3	Steffane Dale Clean Eaton	steffanedaleclean.com	NC, Hays, 4205 Yellow Banks Road	North Carolina, 4205 Yellow Banks Road, Hays	US	US
S1-737635669	S3-662788874	S3	Steffane Dale Clean Eaton	Steffane Dale Clean  Eaton | www.steffaned.com	NC, Hays, 4205 Yellow Banks Road	4205 Yellow Banks Rd, Hays, North Carolina	US	US
S1-737635669	S3-857979338	S3	Steffane Dale Clean Eaton	steffanecleandale.com	NC, Hays, 4205 Yellow Banks Road	Hays, 4205 Yellow Banks Road, North Carolina	US	US
S1-382138150	S2-955000392	S2	Amrit Open Private Limited	AMRIT OPEN LIMITED CENTER	Room No.6, Kashinath Patil Chawl, Opp Sapana Hotel, S V Road, Mumbai, Mumbai City, Maharashtra	HN 464 ROOM NO.6, KASHINATH PATIL CHAWL, OPP SAPANA HOTEL, S V ROAD, MUMBAI, Maharashtra	India	India
S1-774836812	S2-247393277	S2	Weiler Blue Brokerage PLLC	Center Weiler Blue PLLC	132 Danforth Street, Portland, ME	132B DANFORTH STREET, ME, PORTLAND	US	US
S1-201376315	S2-535697978	S2	E/I World	E/I Wold	VA, 117 Elliot Street, Augusta County	117 ELLIOT STREET, STAUNTON CPD, VA	US	US
S1-201376315	S3-968027795	S3	E/I World	eiworld.com	VA, 117 Elliot Street, Augusta County	117 Elliot St, Staunton, Virginia	US	US
S1-831133424	S2-848041579	S2	Metropolitan Trust	Metropolitan Trucst	175 Amherst Mobile Homes, Amherst, OH	175 AMHERST MOBILE HOES, AMHERST, OH	US	US
S1-831133424	S3-740545025	S3	Metropolitan Trust	Metropolitan Thamot	175 Amherst Mobile Homes, Amherst, OH	Ohio, 175 Amherst Mobile Homes, Amherts CITY	US	US
S1-831133424	S3-543748845	S3	Metropolitan Trust	Metropolitan Center	175 Amherst Mobile Homes, Amherst, OH	175 Amherst Mobile Homes, Amherts CITY, Ohio	US	US
S1-831133424	S3-464115887	S3	Metropolitan Trust	Metropolitan Trúst	175 Amherst Mobile Homes, Amherst, OH	175 Amherst Mobile Homes, Amherts CITY, Ohio	US	US
S1-831133424	S3-910352974	S3	Metropolitan Trust	Metr0politan  Trust	175 Amherst Mobile Homes, Amherst, OH	175 Amherst Mobile Homes, Amherts CITY, Ohio	US	US
S1-941709619	S2-213957619	S2	Saraswati Producer Private Limited	Smt SARASWATI PRODUCER PRIVATE (LIMITED)	9-1-18 3/1, Bhagath Nagar, Karimnagar Karim Nagar, Karimnagar, Karim Nagar, Telangana	DOOR NO 9-1-18 3/1, BHAGATH NAGAR, KARIMNAGAR KARIM NAGAR, KARIMNAGAR, Telangana	India	India
S1-941709619	S3-580116674	S3	Saraswati Producer Private Limited	Shri 5araswati Producer Private (Limited)	9-1-18 3/1, Bhagath Nagar, Karimnagar Karim Nagar, Karimnagar, Karim Nagar, Telangana	009-1-18 3/1, Bhagath Nagar, Karimnagar Karim Nagar, Karimnagar, Karim Nagar, తెలంగాణ	India	India
S1-303487417	S3-670022281	S3	Custom Digital Systems	Custom Digital	600 Harmony Lane, Kill Devil Hills, NC	600 Harmony Lane, Kill Devil Hills, North Carolina	US	US
S1-303487417	S3-938896995	S3	Custom Digital Systems	Custom Digital  Sysnms	600 Harmony Lane, Kill Devil Hills, NC	600 Harmony Ln, North Carolina, Kill Devil Hills	US	US
S1-831843558	S2-681892599	S2	Hernandez Regional Aktiengesellschaft	Hernandez Regional	7102 Arbor Rose Lane, Spring, TX	ARBOR ROSE LANE, SPRING, TX	US	US
S1-556845820	S3-613638266	S3	Monarch, Inc	Monarch, Inc Center	8557 Cliffdale Road, Fayetteville, NC	8557. Cliffdale Road, Faetteville, North Carolina	US	US
S1-556845820	S3-216361855	S3	Monarch, Inc	Nexnovisol	8557 Cliffdale Road, Fayetteville, NC	8557. Cliffdale Road, Faetteville, North Carolina	US	US
S1-357556905	S2-274524549	S2	K & X Magna	K  & X Magna LP	1221 Hicks Road, Palatine, IL	HICKS ROAD, PALATINE, IL	US	US
S1-357556905	S2-541185552	S2	K & X Magna	K + X Magna LP	1221 Hicks Road, Palatine, IL	1221 HICKS ROAD, IL, PALATINE	US	US
S1-357556905	S3-474794186	S3	K & X Magna	K & X	1221 Hicks Road, Palatine, IL	1221 Hicks Rd, Palatine, Illinois	US	US
S1-770749194	S3-173430924	S3	National United Oriental Company	nationalunitedoriental.com	328 Weaverville Road, Woodfin, NC	328 Weaverville Road, Asheville, North Carolina	US	US
S1-80960427	S2-114199102	S2	Hari Ram Infrastructure Private Limited	Hari Ram Private Limited Service	No.29 Moore Street, Chennai, Tamil Nadu		India	India
S1-80960427	S3-253136287	S3	Hari Ram Infrastructure Private Limited	ஹரி Ram இன்ஃப்ராஸ்ட்ரக்சர் பிரைவேட் லிமிடெட்	No.29 Moore Street, Chennai, Tamil Nadu	TN, Chennai, No.29 Moore Street	India	India
S1-80960427	S3-318861232	S3	Hari Ram Infrastructure Private Limited	Hari Ram இன்ஃப்ராஸ்ட்ரக்சர் Private Limited	No.29 Moore Street, Chennai, Tamil Nadu	No.29 Moore Street, Chennai, TN	India	India
S1-80960427	S3-523112140	S3	Hari Ram Infrastructure Private Limited	ஹரி ராம் இன்ஃப்ராஸ்ட்ரக்சர் பிரைவேட் லிமிடெட்	No.29 Moore Street, Chennai, Tamil Nadu	No.29 Moore Street, Chennai, TN	India	India
S1-395950954	S2-879242956	S2	Aragon Biotech L.L.C.	ARAGON BÍOTECH L.L.C.	8231 Rebecca Woods Drive, Bartlett, TN	BARTLETT, TN, 08231 REBECCA WOODS DR	US	US
S1-395950954	S3-277339111	S3	Aragon Biotech L.L.C.	The Aragon Bíotech L.L.C.	8231 Rebecca Woods Drive, Bartlett, TN	8231a Rebecca Woods Dr, Bartlett, Tennessee	US	US
S1-690898835	S3-507345922	S3	Yee Royal Factory LLC	Yee Royal LLC Center	124 Walcott Avenue, Staten Island, NY	124 Walcott Ave, PMB 9350, Staten Island, New York	US	US
S1-804663373	S2-271689113	S2	Universal Management Private Limited	யுனிவர்சல் மேனேஜ்மெண்ட் பிரைவேட் லிமிடெட்	100 Ft Bye Pass Road, Chennai, Chennai City Corporation, 127, Tamil Nadu	127, CHENNAI, CHENNAI CITY CORPORATION, Tamil Nadu	India	India
S1-804663373	S2-167155593	S2	Universal Management Private Limited	யுனிவர்சல் மேனேஜ்மெண்ட் பிரைவேட் லிமிடெட்	100 Ft Bye Pass Road, Chennai, Chennai City Corporation, 127, Tamil Nadu	127, 100 FT BYE PASS ROAD, CHENNAI CITY CORPORATION, CHENNAI, Tamil Nadu	India	India
S1-804663373	S2-498698607	S2	Universal Management Private Limited	PRIVATEMANAGEMENTUNIVERSAL.COM - 8735205655	100 Ft Bye Pass Road, Chennai, Chennai City Corporation, 127, Tamil Nadu	127, 100 FT BYE PASS ROAD, CHENNAI, CHENNAI CITY CORPORATION, Tamil Nadu	India	India
S1-561269090	S2-620987180	S2	Sirius	Sirius  Co	9102 Trickle Trace Trail, Round Rock, TX	9102 TRICKLE TRACE TRALI, ROUND ROCK, TX	US	US
S1-561269090	S2-401728615	S2	Sirius	Arccira	9102 Trickle Trace Trail, Round Rock, TX	9102 TRICKLE TRACE TRL, ROUND ROCK, TX	US	US
S1-671129885	S2-811349806	S2	Mara M. Snell, DMD	MARA M. SMNL, DMD	15911 Bazelbriar Lane, Missouri City, TX	15911 BAZELBRIAR LN, MISSOURI CITY, TX	US	US
S1-22901106	S2-309818043	S2	Sibel Nguyen Metropolitan Associates Inc	Nguyen, Sibel Metropolitan Associates Inc	913 4th Street, Sinton, TX	00913 4TH STREET, SINTON, TX	US	US
S1-22901106	S2-59554924	S2	Sibel Nguyen Metropolitan Associates Inc	Sibel Nguyen Metropolitan Ássociates	913 4th Street, Sinton, TX	00913 FOURTH SAINT, SINTON, TX	US	US
S1-22901106	S3-343167302	S3	Sibel Nguyen Metropolitan Associates Inc	Sibel Nguyen Metropolitan (Associates)	913 4th Street, Sinton, TX	913 4th St, Sinton, Texas	US	US
S1-22901106	S3-397199355	S3	Sibel Nguyen Metropolitan Associates Inc	sibelnguyenmetropolitan.com	913 4th Street, Sinton, TX	913 Fourth St, Sinton, Texas	US	US
S1-22901106	S3-923819925	S3	Sibel Nguyen Metropolitan Associates Inc	Nguyen, Sibel Metropolitan Associates Inc	913 4th Street, Sinton, TX	Sinton, Fourth St, Texas	US	US
S1-379918793	S2-82178581	S2	Peridola Schwab Center	PERIDOLA [SCHWAB]	207 Marley Neck Road, Fl 0, Glen Burnie, MD	#207 MARLEY NECK ROAD, NULL, GLEN BURNIE, MD	US	US
S1-942011133	S2-737712060	S2	Modern Systems Private Limited	मॉडर्न सिस्टम्स प्राइवेट लिमिटेड	196-A Gujrat Societykanta Kunj Sion West, Mumbai, Maharashtra	BOMBAY, MUMBAI, महाराष्ट्र, 196-A GUJRAT SOCIETYKANTA KUNJ SION WEST	India	India
S1-942011133	S3-458084180	S3	Modern Systems Private Limited	Modern Systems Prívate Limited	196-A Gujrat Societykanta Kunj Sion West, Mumbai, Maharashtra	Door No 196-A Gujrat Societykanta Kunj Sion West, Mumbai, महाराष्ट्र	India	India
S1-928914408	S3-950760835	S3	Cerrone Express Sim Inc	Cerrone Epxrhsses Sim Inc	930 Monticello Court, Vacaville, CA	Monticello Court, Vacaville, California	US	US
S1-928914408	S3-429523390	S3	Cerrone Express Sim Inc	Cerrone Expss Sim Sim Inc	930 Monticello Court, Vacaville, CA	930 Monticello Ct, Vacaville, California	US	US
S1-910100521	S2-450286862	S2	Indo Business Pvt Ltd	इंडो बिजनेस प्रा. लि.	504, Rivona - A, Hiranandani Heritage, Poisar Brigde, S.V. Road, Poisar, Kandivali (We, St), Mumbai, Mumbai City, Maharashtra	504, RIVONA - A, HIRANANDANI HERITAGE, POISAR BRIGDE, S.V. ROAD, POISAR, KANDIVALI (WE, ST), MUMBAI CITY, MUMBAI, महाराष्ट्र	India	India
S1-910100521	S3-924786627	S3	Indo Business Pvt Ltd	इंडो बिजनेस प्रा. लि.	504, Rivona - A, Hiranandani Heritage, Poisar Brigde, S.V. Road, Poisar, Kandivali (We, St), Mumbai, Mumbai City, Maharashtra	A-504, Rivona - A, Hiranandani Heritage, Poisar Brigde, S.v. Road, Poisar, Kandivali (We, St), Mumbai, Mumbai City, महाराष्ट्र	India	India
S1-617760637	S2-105579935	S2	Melany Galloway Unified Gss	Melany Galloway Únified Gss	7210 Surreywood Way, Sacramento, CA	7210 SURREYWOOD WAY, SACRMAENTO CITY, CA	US	US
S1-617760637	S2-873434764	S2	Melany Galloway Unified Gss	Melany 6alloway Unified  Gss Corp	7210 Surreywood Way, Sacramento, CA	7210 SURREYWOOD WAY, SACRMAENTO CITY, CA	US	US
S1-617760637	S3-123467765	S3	Melany Galloway Unified Gss	Melany Galloway	7210 Surreywood Way, Sacramento, CA	7210 Surreywood Way, Sacramento, California	US	US
S1-284209086	S2-183451887	S2	Solutions Basco Marine Corp	Services Solutions Basco Córp	Sudhaapartment, 2Ndfloor, Flatno.134, N.S.Road, Nabapally, Barasat, 24P, Gs. (N), Kolkata, Howrah, West Bengal	SUDHAAPARTMENT, HOWRAH, KOLKATA, West Bengal	India	India
S1-942654297	S2-897306309	S2	Medicon Hospital	Medicon Hsopitl	Hyderabad, First Floor, Opp. Kiran International School, Keshav Nagar, Boduppal, 9-35/3/4, Telangana, Rangareddy	BLOCK F-73 9-35/3/4, FIRST FLOOR, OPP. KIRAN INTERNATIONAL SCHOOL, KESHAV NAGAR, BODUPPAL, HYDERABAD, Telangana	India	India
S1-975506716	S3-99737920	S3	Radharani (India) Green Private Limited	Radharani (India) Private Limited Services	Door No:6-21, C.Kothapalli, Chapalamadugu Gram Pancha, Markapur, Prakasam, Andhra Pradesh	Block E-926 Door No:6-21, C.kothapalli, Chapalamadugu Gram Pancha, Markapur, Prakasam, AP	India	India
S1-357200984	S2-902715126	S2	Economic Development Center	ECONOMIC DEVELOPMENT	658 Harmony Drive, Roseburg, OR	0658 HARMONY DR, ROSEBURG, OR	US	US
S1-357200984	S2-434005707	S2	Economic Development Center	Economic Dlevelompent Center	658 Harmony Drive, Roseburg, OR	0658 HARMONY DRIVE, ROSEBURG, OR	US	US
S1-357200984	S2-637715802	S2	Economic Development Center	Economic Devee1opment Center	658 Harmony Drive, Roseburg, OR	0658 HARMONY DR, ROSEBURG, OR	US	US
S1-60980827	S2-719386833	S2	Bhavishya International School	... BHAVISHYA INTERSATIONAL SCHOOL	B-104, Second Floor, Okhla Industrial Area, Phase-1, Delhi, South Delhi, Delhi	B-104, SECOND FLOOR, OKHLA INDUSTRIAL AREA, PHASE-1, SOUTH DELHI, DELHI	India	India
S1-722578559	S2-270316866	S2	1488 Center Place Holdings	1488  Center	1202 Dry Creek Road, Ellensburg, WA	1202 DRY CREEK ROAD, WA, ELLENSBURG	US	US
S1-722578559	S2-57347922	S2	1488 Center Place Holdings	1488 Center Center Place Hóldings	1202 Dry Creek Road, Ellensburg, WA	WA, ELLENSBURG, 1202 DRY CREEK RD	US	US
S1-722578559	S3-182123418	S3	1488 Center Place Holdings	1488 Center  Place	1202 Dry Creek Road, Ellensburg, WA	1202 Dry Creek Rd, Ellensburg, Washington	US	US
S1-722578559	S3-648299662	S3	1488 Center Place Holdings	The 1488 Center Place Holdings	1202 Dry Creek Road, Ellensburg, WA	1202 Dry Creek Rd, Ellensburg, Washington	US	US
S1-609076271	S2-714912313	S2	Community Classic Church	@communityclassic	4001 Harris Road, Arlington, TX	4001-4003 HARRIS RD, ARLINGTON, TX	US	US
S1-362520	S2-641935299	S2	Empire Dental Associates	Empire Dental Ássociates Corporation	765 400, UT, Spanish Fork	765 400, SPANISH FORK, UT	US	US
S1-362520	S3-416024708	S3	Empire Dental Associates	Empire Dental Asberciatse	765 400, UT, Spanish Fork	Utah, Spanish FORK, 765 400	US	US
S1-362520	S3-75956123	S3	Empire Dental Associates	Empire  Dental	765 400, UT, Spanish Fork	765 400, Spanish FORK, Utah	US	US
S1-362520	S3-216455007	S3	Empire Dental Associates	Empire Drenal Associates	765 400, UT, Spanish Fork	765 400, Spanish FORK, Utah	US	US
S1-560848017	S2-639806092	S2	Angel Foods Jalna Pvt. Ltd.	Angel Jalna Pvt. Ltd. Services	Maharashtra, Jalgaon Pheron, Jalna, C/O Sahebrao Vishwanath H No 276	H.NO 5-221 C/O SAHEBRAO VISHWANATH H NO 276, JALGAON PHERON, JALNA, Maharashtra	India	India
S1-560848017	S2-194068422	S2	Angel Foods Jalna Pvt. Ltd.	ANGEL FOODS JÁLNA PVT.	Maharashtra, Jalgaon Pheron, Jalna, C/O Sahebrao Vishwanath H No 276	H.NO 5-221 C/O SAHEBRAO VISHWANATH H NO 276, JALGAON PHERON, JALNA, महाराष्ट्र	India	India
S1-560848017	S3-112262362	S3	Angel Foods Jalna Pvt. Ltd.	Angel F0ods Jalna Pvt Ltd	Maharashtra, Jalgaon Pheron, Jalna, C/O Sahebrao Vishwanath H No 276	C/o Sahebrao Vishwanath H No 276, Jalna, Aurangabad (MAHARASHTRA), MH	India	India
S1-877733833	S3-425211270	S3	Torrens Preferred Nano	Torrens Nano [Service]	1895 Garretts Bend, Sod, WV	01895 Garretts Bend, SOD Ttownship, West Virginia	US	US
S1-196390702	S3-538143738	S3	XBW Synthetics	XBW Synthnghtics	Hotel Sai Sanjeevani, Opp. Saibaba Hospital, Behind Bsnl Building, Nagar Manmad Highw, Ay, Shirdi, Ahmednagar, Maharashtra	H.no 532 Hotel Sai Sanjeevani, Opp. Saibaba Hospital, Behind Bsnl Building, Nagar Manmad Highw, Ay, Ahmednagar, MH	India	India
S1-196390702	S3-926980878	S3	XBW Synthetics	xsynthetics.com	Hotel Sai Sanjeevani, Opp. Saibaba Hospital, Behind Bsnl Building, Nagar Manmad Highw, Ay, Shirdi, Ahmednagar, Maharashtra	#532 Hotel Sai Sanjeevani, Opp. Saibaba Hospital, Behind Bsnl Building, Nagar Manmad Highw, Ay, Ahmednagar, Shirdi, MH	India	India
S1-37213524	S2-663403314	S2	Surgical Clinic Clinic	Surgical Clinic Clrtsic	864 Country Road, Brookhaven, NY	864 COUNTRY RD, BROOKHAVEN, NY	US	US
S1-369711048	S2-694146109	S2	Robichaud Voya LLC	ROBICHAUD VOYA	82 Erobi Ln, Iowa City, IA		US	US
S1-297525707	S2-515961553	S2	Bright Consultancy	ब्राइट कंसल्टेंसी	Maharashtra, Mumbai City, Shop No. A/17 Gaurav Annex Nr. Mandvi Co.-Op. Bank. R. R. T. Rd., Mumbai, M, Ulund West	SHOP NO. A/17  GAURAV ANNEX NR. MANDVI CO.-OP. BANK. R. R. T. RD., M, ULUND WEST, GREATER BOMBAY, MUMBAI CITY, Maharashtra	India	India
S1-682825529	S3-550491138	S3	Children's Society Partners	childrenssocietypartners.com	Unit 1071, Tempe, 701 Apache Boulevard, AZ	701 Apache Blvd, # 1071, Tempe, Arizona	US	US
S1-455885431	S2-906513579	S2	Lyrial Aria	Lyria1-Aria	21406 Catalina Circle, Rehoboth Beach, DE	21406 CATNLINA CIR, REHOBOT HBEACH TOWNSHIP, DE	US	US
S1-455885431	S2-336011155	S2	Lyrial Aria	Lyrial Services	21406 Catalina Circle, Rehoboth Beach, DE	21406 CATALINA CIRCLE, REHOBOT HBEACH TOWNSHIP, DE	US	US
S1-455885431	S3-609790585	S3	Lyrial Aria	Belojax	21406 Catalina Circle, Rehoboth Beach, DE	21406 Catalina Cir, Rehoboth Beach, Delaware	US	US
S1-70746778	S3-447495308	S3	Rajdarbar Business Private Limited	Private Rajdarbar Bcauises (Limited)	Khasra No. 16/1/4, Kundli, Sonepat, Haryana	#B3/16/1/4, Sonepat, Kundli, HR	India	India
S1-866369736	S2-534202335	S2	CDR Digital, Inc	cdrdigital.com	Grove, NY, 11852 16	GROVE, 11852D 16, NY	US	US
S1-866369736	S2-580478902	S2	CDR Digital, Inc	CDR DIGITAL,	Grove, NY, 11852 16	11852D 16, DALTON, NY	US	US
S1-415042128	S2-746642269	S2	Ujala Public School	UJALA PUBLIC PUBLIC SCHOOL CORPORATION	Thrissur, Room No.6/404 D1 Mary Land Complex, Thrissur, Kerala, Venginessery P O	ROOM NO.6/404 D1 MARY LAND COMPLEX, VENGINESSERY P O, THRISSUR, കേരളം	India	India
S1-415042128	S2-30568957	S2	Ujala Public School	M/s Ujala School-Public	Thrissur, Room No.6/404 D1 Mary Land Complex, Thrissur, Kerala, Venginessery P O	ROOM NO.6/404 D1 MARY LAND COMPLEX, VENGINESSERY P O, THRISSUR, കേരളം	India	India
S1-415042128	S2-468141629	S2	Ujala Public School	Ujala Public 5chool	Thrissur, Room No.6/404 D1 Mary Land Complex, Thrissur, Kerala, Venginessery P O	ROOM NO.6/404 D1 MARY LAND COMPLEX, VENGINESSERY P O, THRISSUR, Kerala	India	India
S1-223283080	S2-374659322	S2	Young Builders, Inc	ybuilders.com	1935 Apache Boulevard, Unit 3005, Tempe, AZ	1935 APACHE BOULEVARD, TEMPE, AZ	US	US
S1-223283080	S3-300619888	S3	Young Builders, Inc	INC YOUNG BUILDERS,	1935 Apache Boulevard, Unit 3005, Tempe, AZ	1935 Apache Boulevard, Unit 3005, Tempe, Arizona	US	US
S1-101076392	S2-778615858	S2	Straight Edge Pub	Straight Edge Pub LLC	515 Monroe Avenue, Mcalester, OK	515 MONROE AVE, MCALESTER, OK	US	US
S1-101076392	S2-492780513	S2	Straight Edge Pub	Syndrex	515 Monroe Avenue, Mcalester, OK	515 MONROE AVE, MCALESTER, OK	US	US
S1-210055577	S3-519246599	S3	Arlette Schmidt Dpc	Arlette Schhsadt Dpc	4744 Oak Knoll Road, Rolling Prairie, IN	Oak Knoll Road, Rolling Pairie Township, Indiana	US	US
S1-744315333	S3-100306586	S3	Vision Associates LLC	Vision Acsscis LLC LLC	660 Olive Avenue, Stratford, OK	66 Olive Ave, Stratford, Oklahoma	US	US
S1-744315333	S3-834109148	S3	Vision Associates LLC	Vision Associates	660 Olive Avenue, Stratford, OK	66 Olive Ave, Stratford, Oklahoma	US	US
S1-435143060	S2-526841189	S2	Yalonda Steiner Bce LLC	Stier, Yalonda Bce LLC	410 5th Avenue, Nome, AK	#410 5TH AVENUE, NOME CENSUS AREA, AK	US	US
S1-780502827	S3-408625130	S3	Congregation Community Church	Congregation (Church) Community	WI, Unit Site 69, Town Of Alma, N11702 Elker Road	N11702 Elker Road, Wisconsin, # Site 69, Merrillan	US	US
S1-453939454	S2-48845776	S2	Pediatric Dentistry Care Associates LLC	Pediatric Dentistry Care Associates	154 Rapor Ridge Road, Wythe County, VA	154 RAPOR RIDGE RD, WYTHE COUNTY, VA	US	US
S1-453939454	S3-627477604	S3	Pediatric Dentistry Care Associates LLC	Pediatric Denbsttry Care Associates LLC	154 Rapor Ridge Road, Wythe County, VA	154. Rapor Ridge Road, Austinville, Virginia	US	US
S1-897226407	S3-568003253	S3	Lv Industries Group Private Limited	Lv Índustries Group Private Limited	A 19, Ground Floor, Fiee Complex, Suite 1247, New Delhi, South Delhi, Delhi	A ##19, New Delhi, South Delhi, दिल्ली	India	India
S1-927838010	S2-145658068	S2	City Global Private Limited	సిటీ గ్లోబల్ ప్రైవేట్ లిమిటెడ్	6-6-427/3/4 Gandhi Nagar, Secunderabad, Hyderabad, Telangana	C-6-6-427/3/4 GANDHI NAGAR, SECUNDERABAD, HYDERABAD, Andhra Pradesh	India	India
S1-927838010	S3-565425985	S3	City Global Private Limited	సిటీ గ్లోబల్ ప్రైవేట్ లిమిటెడ్	6-6-427/3/4 Gandhi Nagar, Secunderabad, Hyderabad, Telangana	Hyderabad, Secunderabad, 6-427/3/4 Gandhi Nagra, తెలంగాణ	India	India
S1-843616710	S2-782473159	S2	Super Productions Co	co super productions	29/30, Rkr Residency, B2, 1St Cross, Munekolala, Bangalore North, Bangalore, Karnataka	Karnataka, RKR RESIDENCY, B2, 1ST CROSS, MUNEKOLALA, C-29/30, BANGALORE	India	India
S1-698954473	S3-386756595	S3	Pnc (India) Design Private Limited	Pnc (India) Design Prívate Limited	Sonkh Road Kumher, Bharatpur, Rajasthan	Sonkh Road Kumher, Bharatpur, राजस्थान	India	India
S1-448345019	S3-462678740	S3	Urban Construction Private Limited	Urban Private  Limited Center	Flat No. B1/604, Minar Regency Talao Pali Mumbra, Thane, Maharashtra	Door No 899 Flat No. B1/604, Thane, महाराष्ट्र	India	India
S1-448345019	S3-452820751	S3	Urban Construction Private Limited	urbanconstruction.com	Flat No. B1/604, Minar Regency Talao Pali Mumbra, Thane, Maharashtra	#899 Flat No. B1/604, Thane, महाराष्ट्र	India	India
S1-541300902	S2-51575988	S2	Interstate Veterinary Clinic LLC	INTERSTATE VÉTERINARY CLINIC LLC	1810 24th Avenue, Seattle, WA	24TH AVE, WA, SEATTLE	US	US
S1-360909582	S3-941669819	S3	Coastal School of Medicine	Coastal School of [Center]	3 Astor Ridge Drive, Unit Unit D, Amherst, NY	Astor Ridge Drive, # Unit D, Bufalo, New York	US	US
S1-360909582	S3-928751934	S3	Coastal School of Medicine	Tavoavi	3 Astor Ridge Drive, Unit Unit D, Amherst, NY	3 Astor Ridge Dr, Unit Unit D, Bufalo, New York	US	US
S1-533049965	S2-531706549	S2	Innovative Hospitality Private Limited	INNOVATIVE HOSPTALISY PRIVATE LIMITED	101/106 Anjani Complexparrera Hill Road Off Andheri Kurla Road Andheri East, Mumbai, Maharashtra	H.NO 101/106 ANJANI COMPLEXPARRERA HILL ROAD OFF ANDHERI KURLA ROAD ANDHERI EAST, MUMBAI, Maharashtra	India	India
S1-533049965	S2-48222670	S2	Innovative Hospitality Private Limited	INNOVATIVE HOSPITALITY PRIV LIMITED	101/106 Anjani Complexparrera Hill Road Off Andheri Kurla Road Andheri East, Mumbai, Maharashtra	DOOR NO 101/106 ANJANI COMPLEXPARRERA HILL ROAD OFF ANDHERI KURLA ROAD ANDHERI EAST, MUMBAI, महाराष्ट्र	India	India
S1-533049965	S3-775766417	S3	Innovative Hospitality Private Limited	Innovative Private Limited Services	101/106 Anjani Complexparrera Hill Road Off Andheri Kurla Road Andheri East, Mumbai, Maharashtra	101/106 Anjani Complexparrera Hill Road Off Andheri Kurla Road Andheri East, Mumbai, महाराष्ट्र	India	India
S1-533049965	S3-496765652	S3	Innovative Hospitality Private Limited	Dr lnnovative Hospitality Private Limited	101/106 Anjani Complexparrera Hill Road Off Andheri Kurla Road Andheri East, Mumbai, Maharashtra	No 101/106 Anjani Complexparrera Hill Road Off Andheri Kurla Road Andheri East, Mumbai, MH	India	India
S1-251311978	S2-368098041	S2	Banks and Ratcliff Bread LLC	BANKS AND RATCLIFF BREAD	1504 2nd Avenue, Eugene, OR	1504 SECOND AVE, EUGNEE, OR	US	US
S1-251311978	S3-956048801	S3	Banks and Ratcliff Bread LLC	bánksratcliffbread.com	1504 2nd Avenue, Eugene, OR	1504 Second Ave, Oregon, Eugene	US	US
S1-558011533	S2-662751805	S2	Mumbai Infra Limited	Limited Mumbai Infar	B/103 Nirman Palacejijamatamarg Pump House Andheri East, Mumbai, Maharashtra	B/103 NIRMAN PALACEJIJAMATAMARG PUMP HOUSE ANDHERI EAST, MUMBAI, महाराष्ट्र	India	India
S1-558011533	S2-429797718	S2	Mumbai Infra Limited	Mumbai Limited  Center	B/103 Nirman Palacejijamatamarg Pump House Andheri East, Mumbai, Maharashtra	B/103 NIRMAN PALACEJIJAMATAMARG PUMP HOUSE ANDHERI EAST, MUMBAI, महाराष्ट्र	India	India
S1-805104360	S2-896654790	S2	Mcleod Cardiology	Mcleod Caobology	1000 Taywood Road, Unit 112, Englewood, OH	1000-B Taywood Rd, ENGLEWOOD, OH	US	US
S1-299278979	S3-415729250	S3	Siri Industries Limited	Siri Límited-Industries	H. No. 223 Korain, Fatehpur, Uttar Pradesh	Fatehpur, उत्तर प्रदेश, H. No. 223 Korain	India	India
S1-299278979	S3-171378770	S3	Siri Industries Limited	... Siri Inthutsries Limited	H. No. 223 Korain, Fatehpur, Uttar Pradesh	H. No. 223 Korain, Fatehpur, UP	India	India
S1-299278979	S3-725205683	S3	Siri Industries Limited	Siri Índustries-Limited	H. No. 223 Korain, Fatehpur, Uttar Pradesh	H. No. 223 Korain, Fatehpur, उत्तर प्रदेश	India	India
S1-408130216	S2-579616174	S2	Tabbie Jacobs Healthcare LLC	@tabbiejacobs	17867 Cleary Trail, MN, Prior Lake	17867-A CLEARY TRL, N/A, PRIOR LAKE, MN	US	US
S1-408130216	S2-765510338	S2	Tabbie Jacobs Healthcare LLC	>> TABBIE  JACOBS HEALTHCARE	17867 Cleary Trail, MN, Prior Lake	17867-A CLEARY TRAIL, PRIOR LAKE, N/A, MN	US	US
S1-408130216	S3-812036647	S3	Tabbie Jacobs Healthcare LLC	Tabbie Jacobs	17867 Cleary Trail, MN, Prior Lake	##17867 Cleary Trail, Prior Lake, Minnesota	US	US
S1-408130216	S3-114914156	S3	Tabbie Jacobs Healthcare LLC	Tabbie Jbns Healthcare LLC	17867 Cleary Trail, MN, Prior Lake	##17867 Cleary Trl, Minnesota, Prior Lake	US	US
S1-233584777	S3-843155622	S3	Fischer Burtech Partners	Fischer Búrtech Partners	2362 Stop 11 Road, Indianapolis, IN	2362-2364 Stop 11 Rd, Indianapolis, Indiana	US	US
S1-31205819	S2-673077177	S2	Tirupati Media Pvt Ltd	तिरुपति मीडिया प्रा. लि.	Zeelproperties Panchkutir, Pawarwadi A S Marg Powai, Mumbai, Maharashtra	ZEELPROPERTIES PANCHKUTIR, MUMBAI, महाराष्ट्र	India	India
S1-31205819	S3-704524429	S3	Tirupati Media Pvt Ltd	तिरुपति मीडिया प्रा. लि.	Zeelproperties Panchkutir, Pawarwadi A S Marg Powai, Mumbai, Maharashtra	Zeelproperties Panchkutir, Pawarwadi A S Marg Powai, Mumbai, महाराष्ट्र	India	India
S1-441322	S3-584700852	S3	Evangeline Chase Invesco LLC	Evangeline Chase	13809 43rd Avenue, Spokane, WA	13809 43rd Ave, Spokane, Washington	US	US
S1-474310615	S2-697330268	S2	Pytel, Clark & Deloach Regions LLC	Pytel, Clark +  Ddlcoh Regions LLC	33 Sausalito Drive, Amherst, NY	SAUSALITO DRIVE, AMHERST, NY	US	US
S1-907635568	S2-115742424	S2	Ridge Bridge	ridgebridge.com	3314 Dungarvan Drive, City Of El Paso, TX	3314 DUNGARVAN DR, CITY OF EL PASO, TX	US	US
S1-539197690	S2-871400892	S2	Foundation Purple Logistics Limited	Foundation Purple Logistics | www.foundation.com	Thameens Residence Allumoodu Jn, Neyyattinkara P O, Thiruvananthapuram, Trivandrum, Kerala	THAMEENS RESIDENCE ALLUMOODU JN, NEYYATTINKARA P O, THIRUVANANTHAPURAM, Kerala	India	India
S1-539197690	S2-458208456	S2	Foundation Purple Logistics Limited	#foundationpurple	Thameens Residence Allumoodu Jn, Neyyattinkara P O, Thiruvananthapuram, Trivandrum, Kerala	THAMEENS RESIDENCE ALLUMOODU JN, NEYYATTINKARA P O, THIRUVANANTHAPURAM, Kerala	India	India
S1-539197690	S2-443462047	S2	Foundation Purple Logistics Limited	Arcsyn	Thameens Residence Allumoodu Jn, Neyyattinkara P O, Thiruvananthapuram, Trivandrum, Kerala	TAHMEENS RESIDENCE ALLUMOODU JN, NEYYATTINKARA P O, THIRUVANANTHAPURAM, TRIVANDRUM, Kerala	India	India
S1-539197690	S2-212272105	S2	Foundation Purple Logistics Limited	@foundationpurple	Thameens Residence Allumoodu Jn, Neyyattinkara P O, Thiruvananthapuram, Trivandrum, Kerala	THAMEENS RESIDENCE ALLUMOODU JN, NEYYATTINKARA P O, THIRUVANANTHAPURAM, Kerala	India	India
S1-525055772	S3-889633408	S3	Summit Network	Summit Summit Nemtwko	8313 Sweet Cherry Lane, Laurel, MD	8313 Sweet Cherry Ln, Laurel, Maryland	US	US
S1-915189817	S2-613686982	S2	Global Trust	GLOBAL THÓST	Redlands, CO, 620 19 1/2 Road	620 19 1/2 RD, REDLANDS, CO	US	US
S1-915189817	S2-972137482	S2	Global Trust	GLOBAL TRUST LP	Redlands, CO, 620 19 1/2 Road	620 19 1/2 Road, REDLANDS, CO	US	US
S1-915189817	S3-952992110	S3	Global Trust	Global Trúst	Redlands, CO, 620 19 1/2 Road	20 19 1/2 Rd, Redlands, Colorado	US	US
S1-624514617	S2-98658845	S2	Tramaon Global LLC	Tramaon LLC Services	15056 120th Place, Collinsville, OK	15056 120TH PL, COLLINSVILLE, OK	US	US
S1-613598143	S2-980172703	S2	Clair Sprott Inc	CLAIRSPROTT.COM	430 Lewis Avenue, Lombard, IL	LOMBARD, IL, 430 Lewis Avenue	US	US
S1-613598143	S2-742518143	S2	Clair Sprott Inc	CLAIRSPROTT.COM	430 Lewis Avenue, Lombard, IL	430 LEWIS AVE, LOMBARD, IL	US	US
S1-482286138	S2-522148710	S2	Dermatology Care Associates	Dermatology-Care	35080 N Fork Road, Kenai Peninsula Borough, AK	35080 NORTH FORK ROAD, ANCHOR POINT, AK	US	US
S1-482286138	S3-396099586	S3	Dermatology Care Associates	Dermatology Ccomh Associates	35080 N Fork Road, Kenai Peninsula Borough, AK	35080 North Fork Rd, Kenai Peninsula Borough, Alaska	US	US
S1-482286138	S3-12127054	S3	Dermatology Care Associates	Dermatology Care	35080 N Fork Road, Kenai Peninsula Borough, AK	35080 N Fork Rd, Anchor Point, Alaska	US	US
S1-745839307	S2-148602546	S2	Innovative Agro Private Limited	ಇನೋವೇಟಿವ್ ಅಗ್ರೋ ಪ್ರೈವೇಟ್ ಲಿಮಿಟೆಡ್	No.1, Ground Floor, H I M Towers, 9Th Cross Kempegowd Layout Nageshwara Nagebahalli, Bangalore, Karnataka	Karnataka, BANGALORE, NO.1	India	India
S1-745839307	S3-218169504	S3	Innovative Agro Private Limited	innovativeagro.com	No.1, Ground Floor, H I M Towers, 9Th Cross Kempegowd Layout Nageshwara Nagebahalli, Bangalore, Karnataka	No.g-1, Bangalore, KA	India	India
S1-915479091	S2-155091128	S2	Better Axiom Inc	Veovio	13803 Gullane Drive, Prince William County, VA	13803 GULLANE DRIVE, WOODBRDIGE, VA	US	US
S1-915479091	S2-369580474	S2	Better Axiom Inc	ONYXVANTAGE	13803 Gullane Drive, Prince William County, VA	13803 GULLANE DRIVE, WOODBRDIGE, VA	US	US
S1-915479091	S3-424951867	S3	Better Axiom Inc	Better Atoxm Inc	13803 Gullane Drive, Prince William County, VA	13803. Gullane Dr, Prince William County, Virginia	US	US
S1-915479091	S3-318543180	S3	Better Axiom Inc	Better Aixom Inc	13803 Gullane Drive, Prince William County, VA	13803. Gullane Dr, Woodbridge, Virginia	US	US
S1-874413333	S2-991178073	S2	Primary Care Classic Associates LLC	PRIMARY ASSOCIATES CLASSIC CARE LLC	James City County, VA, 3005 London Company Way	LONDON COMPANY WAY, VA, WILLIAMSBURG	US	US
S1-942104958	S3-915116552	S3	Force Wealthtech Private Limited	Force Waefobhtbeh Private Limited	Pune, 148, Maharashtra, Pune, Ganesh Nagar Colony No. 12 Pune	No. 415 148, Pune, MH	India	India
S1-942104958	S3-887375431	S3	Force Wealthtech Private Limited	Smt forcewealthtech.com	Pune, 148, Maharashtra, Pune, Ganesh Nagar Colony No. 12 Pune	415 148, Pune, महाराष्ट्र	India	India
S1-218948566	S2-454383040	S2	Vision Global Solutions Private Limited	विजन ग्लोबल सॉल्यूशंस प्राइवेट लिमिटेड	Pune, Midc, Industrial Estate Bhosari, W51, Pune, Maharashtra	W0051, MIDC, INDUSTRIAL ESTATE BHOSARI, PUNE, Maharashtra	India	India
S1-218948566	S2-295835711	S2	Vision Global Solutions Private Limited	VISION GLOBAL SOLUTIONS PRIVATE LTD	Pune, Midc, Industrial Estate Bhosari, W51, Pune, Maharashtra	W0051, MIDC, INDUSTRIAL ESTATE BHOSARI, PUNE, महाराष्ट्र	India	India
S1-218948566	S2-262675939	S2	Vision Global Solutions Private Limited	Vision Global 5olutions Private Limited	Pune, Midc, Industrial Estate Bhosari, W51, Pune, Maharashtra		India	India
S1-218948566	S3-666592235	S3	Vision Global Solutions Private Limited	विजन ग्लोबल सॉल्यूशंस प्राइवेट लिमिटेड	Pune, Midc, Industrial Estate Bhosari, W51, Pune, Maharashtra	Greater Bombay, MH, W51, Pune	India	India
S1-218948566	S3-875212181	S3	Vision Global Solutions Private Limited	Kordova aka Vision Global Solutions Private Limited	Pune, Midc, Industrial Estate Bhosari, W51, Pune, Maharashtra	W51, Midc, Industrial Estate Bhosari, Pune, Maharashtra	India	India
S1-177375169	S2-784656974	S2	High and Dills Generation LLC	HIGH AND DILLS GÉNERATION LLC	3211 Heathstead Place, Unit C, Charlotte, NC	3211 HEATHSTEAD PL, CHRALOTTE, NC	US	US
S1-629969170	S3-691669074	S3	Keelia White Smart Futurewave Inc	Keelia  White Smart Inc Center	12 Haffards Street, Unit 1N, Fall River, MA		US	US
S1-722435697	S2-701876656	S2	Innovative Integrated Dome Inc	innovativeintegrateddome.com	218 Railroad Avenue, Souderton Borough, PA	RAILROAD AVENUE, SOUDERTON, PA	US	US
S1-127222577	S2-836906814	S2	Shivam City Products Private Limited	ശിവം സിറ്റി പ്രൊഡക്ട്സ് പ്രൈവറ്റ് ലിമിറ്റഡ്	Safa Building Airport Road, Ramanatkara, Calicut Dt, Kozhikode, Kerala	KOZHIKODE, Kerala, RAMANATKARA, SAFA BUILDING AIRPORT ROAD	India	India
S1-127222577	S3-137050745	S3	Shivam City Products Private Limited	ശിവം City Products പ്രൈവറ്റ് ലിമിറ്റഡ്	Safa Building Airport Road, Ramanatkara, Calicut Dt, Kozhikode, Kerala	Safa Building Airport Road, Ramanatkara, Calicut Dt, Keralam	India	India
S1-401850061	S2-678112514	S2	Tonia Goens, MD	tonia góens, md	608 Allison Avenue, Lewistown, MT	608 ALLISON AVE, LEWISTOWN, MT	US	US
S1-401850061	S2-951574111	S2	Tonia Goens, MD	toniagoensmd.com	608 Allison Avenue, Lewistown, MT	608 ALLISON AVE, PMB 2788, LEWISTOWN, MT	US	US
S1-169108778	S2-650989582	S2	Smart Industries Private Limited	स्मार्ट इंडस्ट्रीज प्राइवेट लिमिटेड	Delhi, South Delhi, New Delhi, Omaxe, Square, Plot No.14, Jasola District Center, Unit No. Ff-48A	UNIT NO. FF-048A, SOUTH DELHI, NEW DELHI, Delhi	India	India
S1-169108778	S2-254738362	S2	Smart Industries Private Limited	स्मार्ट इंडस्ट्रीज प्राइवेट लिमिटेड	Delhi, South Delhi, New Delhi, Omaxe, Square, Plot No.14, Jasola District Center, Unit No. Ff-48A	UNIT NO. FF-048A, OMAXE, SQUARE, PLOT NO.14, JASOLA DISTRICT CENTER, SOUTH DELHI, NEW DELHI, Delhi	India	India
S1-169108778	S2-998590512	S2	Smart Industries Private Limited	स्मार्ट Industries Private Limited	Delhi, South Delhi, New Delhi, Omaxe, Square, Plot No.14, Jasola District Center, Unit No. Ff-48A	UNIT NO. FF-048A, OMAXE, SQUARE, PLOT NO.14, JASOLA DISTRICT CENTER, NEW DELHI, SOUTH DELHI, Delhi	India	India
S1-169108778	S2-234283268	S2	Smart Industries Private Limited	SMART INDUSTRIES PRIVATE (LTD)	Delhi, South Delhi, New Delhi, Omaxe, Square, Plot No.14, Jasola District Center, Unit No. Ff-48A	UNIT NO. FF-048A, OMAXE, SQUARE, PLOT NO.14, JASOLA DISTRICT CENTER, NEW DELHI, दिल्ली	India	India
S1-998207330	S2-193535681	S2	Raghunathapali Advisory Private Limited	RAGHUNATHAPALIADVISORY.COM	Plot No 2286, At Brahmani Tarang, Po-Vedvyas, Ps-B. Tarang, Raghunathapali, Sundargarh, Orissa	DOOR NO 286 , AT BRAHMANI TARANG, PO-VEDVYAS, PS-B. TARANG, RAGHUNATHAPALI, Odisha	India	India
S1-998207330	S2-974147979	S2	Raghunathapali Advisory Private Limited	RAGHUNATHAPALI ADVISORY PRIVATE	Plot No 2286, At Brahmani Tarang, Po-Vedvyas, Ps-B. Tarang, Raghunathapali, Sundargarh, Orissa	PLOT NO 286 , AT BRAHMANI TARANG, PO-VEDVYAS, PS-B. TARANG, RAGHUNATHAPALI, Odisha	India	India
S1-527408099	S2-446517760	S2	Arpit India (India) Private Limited	ARPIT INDIA (INDIA) PRIVATE  LTD	Fn No-101, 1St Floor, Sky, Homes Vill Sarfabadsec-73, Noida, Gautam Buddha Nagar, Uttar Pradesh	FN NO-101, 1ST FLOOR, SKY, HOMES VILL SARFABADSEC-73, NOIDA, Uttar Pradesh	India	India
S1-527408099	S2-906060441	S2	Arpit India (India) Private Limited	Arpit India (India) Limited Partners	Fn No-101, 1St Floor, Sky, Homes Vill Sarfabadsec-73, Noida, Gautam Buddha Nagar, Uttar Pradesh	FN NO-101, 1ST FLOOR, SKY, HOMES VILL SARFABADSEC-73, NOIDA, उत्तर प्रदेश	India	India
S1-527408099	S2-25729373	S2	Arpit India (India) Private Limited	ARPIT INDIA (INDIA)	Fn No-101, 1St Floor, Sky, Homes Vill Sarfabadsec-73, Noida, Gautam Buddha Nagar, Uttar Pradesh	FN NO-101, 1ST FLOOR, SKY, HOMES VILL SARFABADSEC-73, NOIDA, उत्तर प्रदेश	India	India
S1-728032080	S2-246548462	S2	Roopesh (india)	ROOPESH (INDIA) LLP	1014, 10Th Floor, B Wing Mittal Tower 6/47, Mg Road, Banglore., 6/47, Mg Road, Banglore., Karnataka	1014, 10TH FLOOR, B WING MITTAL TOWER 6/47, MG ROAD, BANGLORE., 6/47, MG ROAD, Karnataka	India	India
S1-186761262	S2-892595869	S2	Jodhpur Health Private Limited	Jodhpur Private  Limited Center	B-35-36 Industry Estate, Jodhpur, Rajasthan, Jodhpur	B-35-36 INDUSTRY ESTATE, JODHGUR, Rajasthan	India	India
S1-665624518	S2-407261781	S2	Shree Food Private Limited	શ્રી ફૂડ પ્રાઇવેટ લિમિટેડ	Shop -812, The Capital, Opp Hetarth Party Plot, Ahmedabad, Gujarat	SHOP -0812, THE CAPITAL, OPP HETARTH PARTY PLOT, NASIK, AHMEDABAD, Gujarat	India	India
S1-665624518	S2-36565052	S2	Shree Food Private Limited	Smt SHREE FOOD PRIVATE (LIMITED)	Shop -812, The Capital, Opp Hetarth Party Plot, Ahmedabad, Gujarat	SHOP -0812, THE CAPITAL, OPP HETARTH PARTY PLOT, AHMEDABAD, Gujarat	India	India
S1-106653705	S2-626588077	S2	Auric Partners Inc	Auric Inc Service	7759 Everd Avenue, Fl 0, Pasadena, MD	7759  EVERD AVENUE, PASADENA, MD	US	US
S1-477308019	S2-620013313	S2	Cardiology Center Group	Cardiology Center Group-Council	930 600, Logan City, UT	930 600, LOAN, UT	US	US
S1-477308019	S3-362720450	S3	Cardiology Center Group	Center Cardiology Group	930 600, Logan City, UT	930 600, Logan City, Utah	US	US
S1-477308019	S3-533185008	S3	Cardiology Center Group	Cardiology Center	930 600, Logan City, UT	Logan City, 930 600, Utah	US	US
S1-506720235	S2-630144942	S2	Strategic Pioneer Priority Inc.	Strategic Pioneer Prolriety Inc.	1216 Lakeside Drive, Harpers Ferry, WV	Lakeside Drive, HARPERS FERRY, WV	US	US
S1-506720235	S3-69225334	S3	Strategic Pioneer Priority Inc.	Strategic Pioneer Inc. [Service]	1216 Lakeside Drive, Harpers Ferry, WV	Harpers Ferry, West Virginia, Lakeside Dr	US	US
S1-558634684	S2-623955087	S2	Prime Food Private Limited	प्राइम फूड प्राइवेट लिमिटेड	Plot No. 23, Zone-1 M.P. Nagar, Bhopal, Madhya Pradesh	PLOT NO. 23, BHOPAL, मध्य प्रदेश	India	India
S1-558634684	S2-536166686	S2	Prime Food Private Limited	PRIME PRIVATE LIMITED SERVICE	Plot No. 23, Zone-1 M.P. Nagar, Bhopal, Madhya Pradesh	NO 23 , ZONE-1 M.P. NAGAR, BHOPAL, मध्य प्रदेश	India	India
S1-985038901	S2-895941180	S2	Schaefer, Michael and Silver Associates	Silver Michael and Schaefer, Ass0ciates	32876 Circle Drive, Millsboro, DE	32876 CIDCLE DR, MILLSBORO, DE	US	US
S1-985038901	S3-216786851	S3	Schaefer, Michael and Silver Associates	Schaefer, Michael and	32876 Circle Drive, Millsboro, DE	32876 Circle Drive, Millsboro, Delaware	US	US
S1-705987662	S2-107137878	S2	Jai Global Private Limited	जय ग्लोबल प्राइवेट लिमिटेड	Hn. 35.A Yadav Nagar Mandi Samiti Firozabad Road, Agra, Uttar Pradesh	HN. 33.A YADAV NAGAR MANDI SAMITI FIROZABAD ROAD, AGRA, Uttar Pradesh	India	India
S1-893609958	S3-63293660	S3	Sun Maa Hospitality Private Limited	സൺ മാ ഹോസ്പിറ്റാലിറ്റി പ്രൈവറ്റ് ലിമിറ്റഡ്	Xxi/152, Panadans, Cochin, Universitypost, Kalamasery, Ernakulam, Kerala	Xxi/52, Ernakulam, Keralam	India	India
S1-893609958	S3-90868895	S3	Sun Maa Hospitality Private Limited	sunmaahospitality.com	Xxi/152, Panadans, Cochin, Universitypost, Kalamasery, Ernakulam, Kerala	Xxi/52, Ernakulam, Keralam	India	India
S1-947166860	S2-935894318	S2	Apoorva Works Private Limited	Mr Apoorva Works Prívate Limited	22/2791, Old Y Block, 6Th Street 12Th Main Road, Anna Nagar, Chennai, Tamil Nadu	Tamil Nadu, 22/2791, OLD Y BLOCK, 6TH STREET 12TH MAIN ROAD, ANNA NAGAR, CHENNAI	India	India
S1-947166860	S3-29876156	S3	Apoorva Works Private Limited	Wexwex	22/2791, Old Y Block, 6Th Street 12Th Main Road, Anna Nagar, Chennai, Tamil Nadu	B3/22/2791, Chennai City Region, TN	India	India
S1-376690332	S2-787570292	S2	Nilam Automation Private Limited	Mr Nilam Automation Limited Center	Gbr 203, Alpha Building, Ghodbunder Road, Kasarvadavli Naka, Kasa, Rvadavli, Thane, Maharashtra	Maharashtra, GBR 203, ALPHA BUILDING, GHODBUNDER ROAD, KASARVADAVLI NAKA, KASA, RVADAVLI, THANE	India	India
S1-376690332	S3-34402965	S3	Nilam Automation Private Limited	Nilam Automation Prilvate Limited	Gbr 203, Alpha Building, Ghodbunder Road, Kasarvadavli Naka, Kasa, Rvadavli, Thane, Maharashtra	Hn 970 Gbr 203, Alpha Building, Ghodbunder Road, Kasarvadavli Naka, Kasa, Rvadavli, Thane, MH	India	India
S1-398084502	S2-232703130	S2	Halcyon LLC	Halcyon (LLC)	6600 Capitol Drive, Greenbelt, MD		US	US
S1-111065528	S2-808062793	S2	Duplantis Wisekey Inc	duplantiswisekey.com	7340 Stock Ranch Road, Unit APT 7, Citrus Heights, CA	7340 STOCK RANCH RD, CITRUS HEIGHTS, CA	US	US
S1-111065528	S2-28390752	S2	Duplantis Wisekey Inc	duplantiswisekey.com	7340 Stock Ranch Road, Unit APT 7, Citrus Heights, CA	7340 STOCK RANCH RD, CITRUS HEIGHTS, CA	US	US
S1-111065528	S2-917662827	S2	Duplantis Wisekey Inc	Duplantis Inc [Center]	7340 Stock Ranch Road, Unit APT 7, Citrus Heights, CA	7340 STOCK RANCH ROAD, CITRUS HEIGHTS, CA	US	US
S1-111065528	S3-340441081	S3	Duplantis Wisekey Inc	Partners Duplantis Inc	7340 Stock Ranch Road, Unit APT 7, Citrus Heights, CA	7340 Stock Ranch Road, Unit APT 7, Citrus Heights, California	US	US
S1-527727380	S2-303500895	S2	Alpha Bright Technologies Private Limited	अल्फा ब्राइट टेक्नोलॉजीज प्राइवेट लिमिटेड	B1102 Unity Complex Chs Ltd Yari Road, East Of Link Road Near Gulmohar Garden, Mumbai, Maharashtra	B1102 UNITY COMPLEX CHS LTD YARI ROAD, MUMBAI, Maharashtra, EAST OF LINK ROAD NEAR GULMOHAR GARDEN	India	India
S1-778456014	S2-441962131	S2	Tot Network Company	Shri Tot-Network Company	Mahuva, Bhavnagar, Behind Kings Cold Storage, Mahuva-Bhavnagar Highway, Mahuva, Revenue Survey No. 190P1/P1 & 190P1/P2, Gujarat	REVENUE SURVEY NO. 190P1/P1  & 190P1/P2, BEHIND KINGS COLD STORAGE, MAHUVA-BHAVNAGAR HIGHWAY, MAHUVA, MAHUVA, Gujarat	India	India
S1-778456014	S2-337228324	S2	Tot Network Company	TOT  NETWORK	Mahuva, Bhavnagar, Behind Kings Cold Storage, Mahuva-Bhavnagar Highway, Mahuva, Revenue Survey No. 190P1/P1 & 190P1/P2, Gujarat	Gujarat, REVENUE SURVEY NO. 190P1/P1  & 190P1/P2, BEHIND KINGS COLD STORAGE, MAHUVA-BHAVNAGAR HIGHWAY, MAHUVA, MAHUVA	India	India
S1-778456014	S3-315273814	S3	Tot Network Company	Tot Nthwerk Company	Mahuva, Bhavnagar, Behind Kings Cold Storage, Mahuva-Bhavnagar Highway, Mahuva, Revenue Survey No. 190P1/P1 & 190P1/P2, Gujarat	Revenue Survey No. ##190P1/P1 & 190P1/P2, Behind Kings Cold Storage, Mahuva-bhavnagar Highway, Mahuva, Mahuva, Bhavnagar, GJ	India	India
S1-37338275	S2-539764215	S2	Mjm Energy Private Limited	MEPRIVATE.COM	2104 Delmar Tower 2, Salunkhe Vihar Road, Near Reliance Mart, Pune, Maharashtra	2104 DELMAR TOWER 2, SALUNKHE VIHAR ROAD, NEAR RELIANCE MART, POONA, PUNE, महाराष्ट्र	India	India
S1-978421811	S3-453096432	S3	Highland Learning Center	highlandlearningcenter.com	1240 Indiana Avenue, Salt Lake City, UT	1240 Indiana Ave, Salt Lake City, Utah	US	US
S1-432139268	S2-212736826	S2	Clark & Hebert Jpmorgan LLC	Clark & Hébert Jpmorgan LLC	7815 Mirage Valley Drive, Dallas, TX	7815 MIRAGE VALLEY DR, DALLAS, TX	US	US
S1-16807998	S2-210875849	S2	Innovative Payment Digital	Innovative Payment Center	1202 Scottsboro Road, Unit C, Marion, IL	1202 SCOTTSBORO RD, MARION, IL	US	US
S1-299511557	S2-905757896	S2	Freeman, Whyte & Bradley	Freeman, Whyte  +	AL, Gulf Shores, 485 Shepard Street	#485 SHEPARD ST, GULF SHORES, AL	US	US
S1-292393735	S2-953922783	S2	Corner Grill Inc	cornergrill.com	4416 3325, West Valley City, UT	4415 3325, WEST VALLEY CITY, UT	US	US
S1-45414958	S2-28838037	S2	Royal Agro Limited	रॉयल एग्रो लिमिटेड	A-2 Devli Road, Khan Pur, South Delhi, Delhi	KHAN PUR, A-2 DEVLI ROAD, Delhi, SOUTH DELHI	India	India
S1-45414958	S3-705745228	S3	Royal Agro Limited	रॉयल एग्रो लिमिटेड	A-2 Devli Road, Khan Pur, South Delhi, Delhi	Block G-904 A-2 Devli Road, South Delhi, Khan Pur, DL	India	India
S1-566183725	S3-401413843	S3	Coco Sangh	Coco Sángh	H.No. 9-586/I, Shaikroza Road, Opp. Genius School, Aland Colony, Gulbarga, Karnataka	H.no. 9-586/I, North Karnataka Region, Gulbarga, KA	India	India
S1-502818456	S3-441983154	S3	HQJ Works	HQJ (Woirgks)	Bldg C- 4 S, Waswani Road, Block No 23, Pune City, Pune, Maharashtra	Bldg C- 4 S, Pune City, Pune, MH	India	India
S1-791107630	S2-6791339	S2	Paschim Puri Pumps Private Limited	Lumsolavi	205, Capital Tower, Inder Enclave, Paschim Puri, New Delhi, Delhi	205, CAPITAL TOWER, INDER ENCLAVE, PASCHIM PURI, NEW DELHI, दिल्ली	India	India
S1-791107630	S3-105036839	S3	Paschim Puri Pumps Private Limited	Paschim Pgnrui Pumps Private Limited	205, Capital Tower, Inder Enclave, Paschim Puri, New Delhi, Delhi	205, New Delhi, Paschim Puri, DL	India	India
S1-459799143	S3-888745534	S3	Tandi Loy Keystone Goldman Inc	Tandi Loy Keystone	Du Bois, IL, 460 Keil Drive	154 1/2 Keil Drive, Du Bois, Illinois	US	US
S1-339696594	S3-846617862	S3	Montex Mckinley	Montex Services	6655 Juniper Avenue, Twentynine Palms, CA	6655 1/2 Juniper Ave, Twentynine Palms, California	US	US
S1-229555888	S2-554839207	S2	Rapid Quality Made LP	Rapid Qua1ity Made (LP)	6 Wildwood Lane, Goshen, MA	6 WILDWOOD LN, MA, GOSHEN	US	US
S1-502288504	S2-28248099	S2	Knott's Advanced Manufacturing	KNOTT'S ADVANCED	137 Main Street, Elk Park, NC	137 Main St, ELK PARK OTWNSHIP, NC	US	US
S1-502288504	S2-657143066	S2	Knott's Advanced Manufacturing	Knott's Advanced	137 Main Street, Elk Park, NC	ELK PARK OTWNSHIP, 137 Main Street, NC	US	US
S1-256480068	S2-370211822	S2	Kshatriya (India) Logistics LLP	Kshatriya (India) Lgoshicms LLP	H.No.24 A T Umbarni, Village Tal Kalyan Dist, Kalyan, Thane, Maharashtra	NO 24 A T UMBARNI, VILLAGE TAL KALYAN DIST, KALYAN, Maharashtra	India	India
S1-270255759	S2-406037169	S2	AY Entertainment Group	#ayentertainment	5629 Galloway Road, Flemington, WV	5629B GALLOWAY RD, FLEMINGTON CITY, WV	US	US
S1-270255759	S2-154274883	S2	AY Entertainment Group	AY  Entertainment	5629 Galloway Road, Flemington, WV	5629B GALLOWAY RD, FLEMINGTON CITY, WV	US	US
S1-78424718	S2-301061376	S2	Lord Engineering Corporation	Lord Corporation Service	5/157, Madarwadi, Farrukh, Uttar Pradesh, Farrukhabad, Uttar Pradesh	PLOT 168 5/157, MADARWADI, FARRUKH, UTTAR PRADESH, FARRUKHABAD, उत्तर प्रदेश	India	India
S1-925783039	S3-698172821	S3	Orelee's Barbershop	Orelee'S Services	1795 Westchester Drive, High Point, NC	Westchester Dr, High Point, North Carolina	US	US
S1-200376709	S2-846017335	S2	Herminia Dickerson, D.D.S., M.D., P.C.	Gildnyla	5439 Meadowbrook Drive, Fort Wayne, IN	5439 MEADOWBROOK DR, FORT WAYNE, IN	US	US
S1-200376709	S3-179839544	S3	Herminia Dickerson, D.D.S., M.D., P.C.	@Herminiadickerson	5439 Meadowbrook Drive, Fort Wayne, IN	5439 Meadowbrook Drihe, Saint Joseph, Indiana	US	US
S1-104955523	S2-324764832	S2	Infotech Engineering Pvt. Ltd.	Pvt. Infotech Engneering Ltd.	H No 555, 556 Budhwar Peth, Pune City, Maharashtra, Ground Floor Shop No 2A, Pune	HN D/123 GROUND FLOOR SHOP NO 2A, PUNE, महाराष्ट्र, PUNE CITY	India	India
S1-82192539	S2-975811115	S2	Federal Society	Federal Sóciety LP	3562 Summerwood Road, KS, Topeka	SUMMERWOOD RD, TOPEKA, KS	US	US
S1-615738219	S2-736811334	S2	Rahul Brothers Private Limited	RAHUL BRÓTHERS	A-279Okhla Phase-I, New Delhi, South Delhi, Delhi	A-D/279OKHLA PHASE-I, NEW DEGHI, Delhi	India	India
S1-615738219	S3-6559536	S3	Rahul Brothers Private Limited	Rahul Private Limited Center	A-279Okhla Phase-I, New Delhi, South Delhi, Delhi	A-00279okhla Phase-i, New Delhi, Vasundhara, दिल्ली	India	India
S1-353948236	S3-843946011	S3	Golden Keystone LLC	Golden Kdooysnne LLC	600 Grove Parkway, Unit 1091, Tempe, AZ	600 Grove Pkwy, # 1091, Tempe, Arizona	US	US
S1-372897884	S2-85078492	S2	Brigit Brown Montreal	BRIGIT  BORMWN MONTREAL	1890 Marble Ridge Drive, Rockingham County, VA	1890 MARBLE RIDGE DR, HARRISONBURG, VA	US	US
S1-500552277	S2-613760087	S2	U Q & Z Kimco	U Q & Z Kimfco	105 Susan Court, Winchester, KY	105 SUSAN COURT, KY, WINCHESTER	US	US
S1-500552277	S3-829483271	S3	U Q & Z Kimco	U Q & Kimco Center	105 Susan Court, Winchester, KY	105 Susan Ct, Winchester, Kentucky	US	US
S1-500552277	S3-628706426	S3	U Q & Z Kimco	U Q + Z	105 Susan Court, Winchester, KY	Winchester, Kentucky, 105 Susan Ct	US	US
S1-832785535	S2-788217878	S2	R X & A Avalanche	R X & A Avalanche Ltd	1622 70th Street, Village Of Superior, WI	1622 70TH STREET, PMB 9472, VILLAGE OF SUPERIOR, WI	US	US
S1-832785535	S3-109817694	S3	R X & A Avalanche	R X & A Avalanche Co	1622 70th Street, Village Of Superior, WI	1622 70th St, Superior, Wisconsin	US	US
S1-832785535	S3-101247772	S3	R X & A Avalanche	R X + A	1622 70th Street, Village Of Superior, WI	1622 70th St, Village Of Superior, Wisconsin	US	US
S1-360352734	S2-251996150	S2	Torrez Vernal Inc	torrezvernal.com	6012 Ronwood Drive, Des Moines, IA	6012 RONWOOD DR, DES MOINES, IA	US	US
S1-909532705	S2-592311860	S2	Perea Liberty Bioscience, LLC	Perea-Lidoebaty Bioscience, LLC | www.perealido.com	N4752 Christopher Road, Town Of Lowville, WI	#N4752 CHRISTOPHER RD, TOWN OF LOWVILLE, WI	US	US
S1-183540234	S3-163529317	S3	Hussain (thrissur) Private Limited	Hussain  Limited Private (Thrissur)	Yasmin 0131 Umar Sardar, Road Near Azad Hind Club, Barrackpur - I, North 24 Parganas, West Bengal		India	India
S1-735268637	S2-373242841	S2	Unified Tri-State Uranium	Unified Tri-5tate Úranium	3669 Shoal Creek Road, Goodspring, TN	3669  SHOAL CREEK RD, GOODSPRING, TN	US	US
S1-279028557	S2-728877716	S2	Torres Oxley Corp	Torres  Oxley | www.torresox.com	908 Market Street, Benson, NC	MARKET ST, BENSON CITY, NC	US	US
S1-279028557	S3-777514937	S3	Torres Oxley Corp	Torres Oxbdey Corp	908 Market Street, Benson, NC		US	US
S1-889584874	S3-405213450	S3	Bebe Singletary Empire Blackstone LLC	Bebe Sengletary Empire Blackstone LLC	146 Forest Oaks Lane, Lake Jackson, TX	146 Frest Oaks Lane, Lake Jackson, Texas	US	US
S1-549730361	S3-431626920	S3	Velasco Financial, LLC	Velasco Fínancial, LLC	Mentor, OH, 8385 Munson Road		US	US
S1-862093695	S2-317721189	S2	Loveron LLC	Levon LLC	39 River Oaks Drive, Unit C, Greensboro, NC	39 RIVER OAKS DR, GREENSBORO, NC	US	US
S1-376114110	S2-533166942	S2	Elite Systems Private Limited	Elite System Private Limited	Delhi, 306 & 307 Sewek Bhawan16/2 W E A, New Delhi, Arya Samaj Road Karolbagh	DOOR NO 306  & 307 SEWEK BHAWAN16/2 W E A, ARYA SAMAJ ROAD KAROLBAGH, Delhi	India	India
S1-376114110	S3-810125479	S3	Elite Systems Private Limited	Elite Systems Pigrallte Limited	Delhi, 306 & 307 Sewek Bhawan16/2 W E A, New Delhi, Arya Samaj Road Karolbagh	306- & 307 Sewek Bhawan16/2 W E A, New Delhi, DL	India	India
S1-746713383	S3-781288572	S3	Schoenberger Spire, Inc	Schoenberger Inc Service	241 Yant Street, Bolivar, OH	Yant St, Bolivar, Ohio	US	US
S1-545370440	S2-551808572	S2	Oliver Springs Urology Precision Care PC	Oliver Spríngs Urology Precision Care PC	628 Sleepy Hollow Road, Oliver Springs, TN	628 SLEEPY HOLLOW RD, OLIVER SPRINGS, TN	US	US
S1-483281264	S2-59557708	S2	Louisa's Group	Louisa's LLC - 2082645296	599 Mountain Shadow Lane, Maryville, TN	599 1/2 MOUNTAIN SHADOW LANE, MARYVILLE, TN	US	US
S1-483281264	S2-639567176	S2	Louisa's Group	Loluiass' Group	599 Mountain Shadow Lane, Maryville, TN	599 1/2 MOUNTAIN SHADOW LN, MARYVILLE, TN	US	US
S1-483281264	S3-246582348	S3	Louisa's Group	Lrusir'S Group	599 Mountain Shadow Lane, Maryville, TN	599D Mountain Shadow Lane, PO Box 2895, Maryille, Tennessee	US	US
S1-552658307	S3-660932884	S3	Yamuora Agro Pvt. Ltd.	yamuoraagro.com	Gr Fl-Fr, Fl-13/ Higu, 13/2 Biren Roy Road(West), Kolkata, Kolkata, Howrah, West Bengal	Gr Fl-fr, Calcutta, Howrah, পশ্চিমবঙ্গ	India	India
S1-543291404	S2-369294405	S2	Southern Technologies Private Limited	സതേൺ ടെക്നോളജീസ് പ്രൈവറ്റ് ലിമിറ്റഡ്	Excelsior Building Thengana, Perumpanachy P.O., Changanacherry, Kottayam, Kerala	EXCELSIOR BUILDING THENGANA, PERUMPANACHY P.O., KOTTAYAM, CHANGANACHERRY, Kerala	India	India
S1-543291404	S2-728000855	S2	Southern Technologies Private Limited	Southern ടെക്നോളജീസ് പ്രൈവറ്റ് ലിമിറ്റഡ്	Excelsior Building Thengana, Perumpanachy P.O., Changanacherry, Kottayam, Kerala		India	India
S1-208973592	S2-481660181	S2	Morgan Ameren Inc	INC MORGAN AEMBERN	LA, 266 Enterprise Drive, Houma	266 ENTERPRISE DR, BAYOU CANE, LA	US	US
S1-208973592	S3-931413846	S3	Morgan Ameren Inc	@morganameren	LA, 266 Enterprise Drive, Houma	Bayou Cane, Louisiana, 267 Enterprise Drive	US	US
S1-208973592	S3-645496810	S3	Morgan Ameren Inc	Morgan Ámeren Inc	LA, 266 Enterprise Drive, Houma	267 Enterprise Drive, Houma, Louisiana	US	US
S1-174390454	S3-161067370	S3	Awesome Trading Private Limited	Awesome-Trading Prívate	F.No.404 And 405, 4 Th Floor Maithri Vihar Complex, Ameerpet, Hyderabad, Telangana	F.no.404 And 405, Hyderabad, 4 Th Floor Maithri Vihar Complex, Ameerpet, Hyderabad, TG	India	India
S1-368357600	S2-983267650	S2	Prakruti India Corporation	PRAKRUTI-INDIA CORP	Icono One World Centre, #03, Plot No.21, Sector 24, Turbhe, Navi Mumbai, Thane, Maharashtra	#697 ICONO ONE WORLD CENTRE, #03, PLOT NO.21, SECTOR 24, TURBHE, NAVI MUMBAI, महाराष्ट्र	India	India
S1-368357600	S2-101707408	S2	Prakruti India Corporation	Prakruti Corporation Center	Icono One World Centre, #03, Plot No.21, Sector 24, Turbhe, Navi Mumbai, Thane, Maharashtra	H.NO 697 ICONO ONE WORLD CENTRE, #03, PLOT NO.21, SECTOR 24, TURBHE, NAVI MUMBAI, महाराष्ट्र	India	India
S1-368357600	S3-234185534	S3	Prakruti India Corporation	Prakruti Índia	Icono One World Centre, #03, Plot No.21, Sector 24, Turbhe, Navi Mumbai, Thane, Maharashtra	Icono One World Centre, #03, Plot No.21, Sector 24, Turbhe, Navi Mumbai, Thane, MH	India	India
S1-368357600	S3-9101520	S3	Prakruti India Corporation	Shri Prakruti Ibdnoai Corporation - 6571825680	Icono One World Centre, #03, Plot No.21, Sector 24, Turbhe, Navi Mumbai, Thane, Maharashtra	Icono One World Centre, Navi Mumbai, Thane, महाराष्ट्र	India	India
S1-928870866	S2-260483158	S2	Maddie Alexander Strategic Bitwise PLLC	LUMKORKOR	821 Parkplace Ri, Princeton, TX	PARKPLACE RI, PRINCETON, TX	US	US
S1-928870866	S2-205903179	S2	Maddie Alexander Strategic Bitwise PLLC	MADDIE ALEXANDER STRATEGIC [BITWISE]	821 Parkplace Ri, Princeton, TX		US	US
S1-345107626	S2-553873238	S2	Childress Translational LP	FAYECALO	5600 S 3rd St, Louisville, KY	5600 S 3RD ST, KY, LOUISVILLE	US	US
S1-839067903	S3-926186789	S3	Dustin Premier Spdr	Dustin Spdr [Center]	2602 Hemlock Avenue, Baltimore, MD	2602. Hemlock Avenue, Baltimore, Maryland	US	US
S1-839067903	S3-809237962	S3	Dustin Premier Spdr	premierspdr.com	2602 Hemlock Avenue, Baltimore, MD	2602. Hemlock Ave, Baltimore, Maryland	US	US
S1-417264639	S3-629415035	S3	Melton Workshop PLLC	(Workshop) Me1ton PLLC	9326 Hemphill Drive, Fort Wayne, IN	9326 Hemphill Drive, FORT Wayne CITY, Indiana	US	US
S1-536948776	S2-376450162	S2	I+ Corporate Inc.	I+ Coporae Inc.	718 94, Warwick, NY	718 94, PMB 8827, FLORDA, NY	US	US
S1-536948776	S3-783545761	S3	I+ Corporate Inc.	I+ Crposdrate Inc.	718 94, Warwick, NY	718 1/2 94, Warwick, New York	US	US
S1-536948776	S3-51327360	S3	I+ Corporate Inc.	l+ Corporate Inc.	718 94, Warwick, NY	718 1/2 94, Warwick, New York	US	US
S1-536948776	S3-315892953	S3	I+ Corporate Inc.	I+ Corporate	718 94, Warwick, NY	718 1/2 94, Warwick, New York	US	US
S1-690538628	S2-937863474	S2	Hydro Krupa	HYDRO SERVICE	4-139, Maruthi Nagar, Guduru Mandal, Guduru, Krishna, Andhra Pradesh	#4-139, MARUTHI NAGAR, GUDURU MANDAL, GUDURU, Andhra Pradesh	India	India
S1-800482427	S3-355590735	S3	B+ Biotechnologies LLC	B+ LLC Services	328 Buckingham Street, Unit 414, Columbus, OH		US	US
S1-724315493	S2-92058922	S2	Cobalt LP	Cobalt	3300 204th Street, Unit ROOM 12, WA, Lynnwood	3300 1/2 204TH STREET, LYNNWOOD, WA	US	US
S1-724315493	S2-326565486	S2	Cobalt LP	Cobalt LLC	3300 204th Street, Unit ROOM 12, WA, Lynnwood	3300 1/2 204th Street, ALDERWOOD MANOR, WA	US	US
S1-724315493	S3-928249286	S3	Cobalt LP	Cobalt LP Center	3300 204th Street, Unit ROOM 12, WA, Lynnwood	3300 204th Street, # ROOM 12, Lynnwood CIYT, Washington	US	US
S1-724315493	S3-87221440	S3	Cobalt LP	The Cobalt LP	3300 204th Street, Unit ROOM 12, WA, Lynnwood	Lynnwood CIYT, Washington, 204th Street	US	US
S1-521143416	S2-778845793	S2	Dreddy Lowe, CPA Clinic	#dreddylowe	930 Trout Street, Staunton City, VA	930 TROUT ST, STAUNTON, VA	US	US
S1-521143416	S2-144542716	S2	Dreddy Lowe, CPA Clinic	LOWE,, DREDDY CPA PARTNERS	930 Trout Street, Staunton City, VA	930 Trout Street, STAUNTON, VA	US	US
S1-592498716	S3-556150719	S3	Supreme Dave	Supreme Dae	6104 Gauley Turnpike, Heaters, WV	6104 Gauley Tpke, Heaters, West Virginia	US	US
S1-262975311	S2-481203540	S2	Global Trust LLC	G1obal Trust	Leominster, MA, Unit 4, 42 Main Street	MAIN ST, LEOMINSTER, MA	US	US
S1-262975311	S2-265468345	S2	Global Trust LLC	Ectolyra	Leominster, MA, Unit 4, 42 Main Street	62 MAIN SAINT, LEOMINSTER, MA	US	US
S1-834788095	S3-168287171	S3	Sanchez Crystal Royce	sanchezcrystal.com	323 32nd Avenue, IA, Clinton	323 32nd Avenue, Clinton, Iowa	US	US
S1-623261026	S2-477672690	S2	Orthopedic Care	ORTHOPEDICCARE.COM	827 Elmhurst Road, Des Plaines, IL	827-B ELMHURST RD, DES PLAINES, IL	US	US
S1-623261026	S2-987930016	S2	Orthopedic Care	Orthopedic  Care	827 Elmhurst Road, Des Plaines, IL	827-B ELMHURST ROAD, DES PLAINES, IL	US	US
S1-623261026	S3-694852291	S3	Orthopedic Care	Orthopedic Care LP	827 Elmhurst Road, Des Plaines, IL	827. Elmhurst Rd, Des Plaines, Illinois	US	US
S1-740254254	S2-482679078	S2	Pediatric Prairie Physicians, LLC	#44590 Pediatric Prairie Physicians,	Salem, IL, 1009 Trenary Avenue	1009  TRENARY AVENUE, SALEM, IL	US	US
S1-740254254	S2-285568761	S2	Pediatric Prairie Physicians, LLC	Pediatric Prairie Physicians, LLC Authority	Salem, IL, 1009 Trenary Avenue	1009  TRENARY AVE, SALEM, IL	US	US
S1-740254254	S2-290998875	S2	Pediatric Prairie Physicians, LLC	PEDIATRIC PIRMIE PIRMIE PHYSICIANS, LLC	Salem, IL, 1009 Trenary Avenue	1009  TRENARY AVE, SALEM, IL	US	US
S1-740254254	S2-263513530	S2	Pediatric Prairie Physicians, LLC	Pediatric Prairie Physicians,	Salem, IL, 1009 Trenary Avenue	1009  TRENARY AVE, SALEM, IL	US	US
S1-150821320	S2-1352532	S2	CI Consulting Private Limited	CI PRIVATE LIMITED SERVICES	84/63 H.No. 264 Tejab Mill Campus Anwarganj, Kanpur Nagar, Kanpur, Uttar Pradesh	NO #84/63 H.NO. 264 TEJAB MILL CAMPUS ANWARGANJ, KANPUR NAGAR, उत्तर प्रदेश	India	India
S1-150821320	S3-777507499	S3	CI Consulting Private Limited	private ci consulting limited	84/63 H.No. 264 Tejab Mill Campus Anwarganj, Kanpur Nagar, Kanpur, Uttar Pradesh	#4/63 H.no. 264 Tejab Mill Campus Anwarganj, Kanpur Nagar, Kanpur, UP	India	India
S1-150821320	S3-731627975	S3	CI Consulting Private Limited	Private CI Cobsuitng Limited	84/63 H.No. 264 Tejab Mill Campus Anwarganj, Kanpur Nagar, Kanpur, Uttar Pradesh	4/63 H.no. 264 Tejab Mill Campus Anwarganj, Kanpur, Kanpur Nagar, UP	India	India
S1-661315962	S2-906228400	S2	Scott Eagle Inc	THE SCOTT EAGLE INC	4828 Hedges Avenue, Kansas City, MO	4828 HEDGES AVENUE, NULL, KANSAS CITY, MO	US	US
S1-661315962	S3-173691513	S3	Scott Eagle Inc	Scott Ene Inc	4828 Hedges Avenue, Kansas City, MO	Hedges Ave, Kansas City, Missouri	US	US
S1-218518704	S3-375483340	S3	Ajay Welfare Society	Ajay Society Welfare	Lg-27, F Block, Ground Floor Sushant Shopping Arcade, Sushant Lok-1, Gurgaon, Haryana	HR, Lg-27, Gurgaon, Gurugram, F Block, Ground Floor Sushant Shopping Arcade, Sushant Lok-1	India	India
S1-529148390	S2-803565	S2	PG Contractors Private Limited	PG CONTRACTORS PRIVATE	Sube Singh X3-4624 Rohtak, Haryana, Rohtak, Haryana	SUBE SINGH XB3/3-4624 ROHTAK, HARYANA, ROHTAK, Haryana	India	India
S1-529148390	S3-695353747	S3	PG Contractors Private Limited	Private PG Conbractotrs Limited	Sube Singh X3-4624 Rohtak, Haryana, Rohtak, Haryana	Sube Singh X3-4624 Rohtak, Rohtak, HR	India	India
S1-529148390	S3-828700224	S3	PG Contractors Private Limited	PG C0ntractors Private  Limited	Sube Singh X3-4624 Rohtak, Haryana, Rohtak, Haryana	Sube Singh X3-4624 Rohtak, Rohtak, HR	India	India
S1-983652708	S3-958817857	S3	Regional Heartland Chiropractic	Regional Héartland Chiropractic	1631 45th Place, Tulsa, OK	1631 45st Place, Tulsa, Oklahoma	US	US
S1-378245327	S2-612759341	S2	Dental Center	Dental Center	12814 175th Avenue, Monroe, WA	12814 175TH AVE, MONROE, WA	US	US
S1-378245327	S2-525888317	S2	Dental Center	Dental Cfenter	12814 175th Avenue, Monroe, WA		US	US
S1-378245327	S3-646121866	S3	Dental Center	Dental Center LLC	12814 175th Avenue, Monroe, WA	12814 175th Ave, Snohomish, Washington	US	US
S1-378245327	S3-16419007	S3	Dental Center	Dental  Center	12814 175th Avenue, Monroe, WA	12814 175th Ave, Snohomish, Washington	US	US
S1-212460801	S2-40562774	S2	Clyyn Pan PLLC	Cns-Pan PLLC	209 Simpson Road, Marlborough, MA	MA, MARBOROUGH, 209 SIMPSON RD	US	US
S1-212460801	S2-176105500	S2	Clyyn Pan PLLC	Clyyn  Pan	209 Simpson Road, Marlborough, MA	209 SIMPSON RD, MARBOROUGH, MA	US	US
S1-212460801	S2-992566277	S2	Clyyn Pan PLLC	C1yyn Pan PLLC	209 Simpson Road, Marlborough, MA	209 SIMPSON ROAD, MARBOROUGH, MA	US	US
S1-212460801	S2-617119666	S2	Clyyn Pan PLLC	C1yyn PLLC Pan	209 Simpson Road, Marlborough, MA	209 SIMPSON ROAD, MARBOROUGH, MA	US	US
S1-212460801	S3-995893255	S3	Clyyn Pan PLLC	Clyyn Pan	209 Simpson Road, Marlborough, MA	109 Simpson Road, Marlborough, Massachusetts	US	US
S1-212460801	S3-250424633	S3	Clyyn Pan PLLC	C1yyn Pan  PLLC	209 Simpson Road, Marlborough, MA	109 Simpson Rd, Marlborough, Massachusetts	US	US
S1-491337400	S3-32770541	S3	Ramey Heritage Property Inc	Ramey Heritage Pcorhpeyt Inc	10107 Limewood Lane, Sugar Land, TX	20107 Limewood Lane, Sugar Land, Texas	US	US
S1-130264484	S2-32411869	S2	Green Foundation Limited	ग्रीन फाउंडेशन लिमिटेड	875/31, Laxman Vihar Phase-I, Gurgaon, Haryana	875/31, GURGAON, Haryana	India	India
S1-130264484	S3-789536190	S3	Green Foundation Limited	ग्रीन Foundation लिमिटेड	875/31, Laxman Vihar Phase-I, Gurgaon, Haryana	HR, 875/31, Gurgaon, Laxman Vihar Phase-i	India	India
S1-130264484	S3-11461627	S3	Green Foundation Limited	ग्रीन Foundation Limited	875/31, Laxman Vihar Phase-I, Gurgaon, Haryana	875/31, Gurgaon, HR	India	India
S1-130264484	S3-49245310	S3	Green Foundation Limited	ग्रीन फाउंडेशन लिमिटेड	875/31, Laxman Vihar Phase-I, Gurgaon, Haryana	875/31, Laxman Vihar Phase-i, Gurgaon, हरियाणा	India	India
S1-471497067	S2-80270893	S2	Bombay Media LLP	बॉम्बे मीडिया एलएलपी	Fattepuria Niwas Old Cotton Market, Wardha, Maharashtra	#216 FATTEPURIA NIWAS OLD COTTON MARKET, WARDHA, Maharashtra	India	India
S1-471497067	S2-131617194	S2	Bombay Media LLP	bombaymedia.com	Fattepuria Niwas Old Cotton Market, Wardha, Maharashtra	#216 FATTEPURIA NIWAS OLD COTTON MARKET, WARDHA, Maharashtra	India	India
S1-471497067	S2-557385841	S2	Bombay Media LLP	BOMBAY  MEDIA	Fattepuria Niwas Old Cotton Market, Wardha, Maharashtra	216 FATTEPURIA NIWAS OLD COTTON MARKET, WARDHA, महाराष्ट्र	India	India
S1-471497067	S3-510474257	S3	Bombay Media LLP	Bombay LLP [Pártners]	Fattepuria Niwas Old Cotton Market, Wardha, Maharashtra	Door No 614- Fattepuria Niwas Old Cotton Market, Buldana, Wardha, MH	India	India
S1-471497067	S3-611182398	S3	Bombay Media LLP	Bombaymediacom	Fattepuria Niwas Old Cotton Market, Wardha, Maharashtra	No 614- Fattepuria Niwas Old Cotton Market, Buldana, Wardha, महाराष्ट्र	India	India
S1-226564818	S2-891882828	S2	Literacy Fund LLC	LITERACY FUND Enterprises	414 B White Oak Street, High Point, NC		US	US
S1-226564818	S3-763657951	S3	Literacy Fund LLC	Literacy Fsufnd LLC	414 B White Oak Street, High Point, NC	414 B White Oak St, HIGH Point CITY, North Carolina	US	US
S1-226564818	S3-439796269	S3	Literacy Fund LLC	(Services) Literacy LLC	414 B White Oak Street, High Point, NC	414 B White Oak Saint, HIGH Point CITY, North Carolina	US	US
S1-90032658	S2-943944964	S2	Fortune Energy Private Limited	फॉर्च्यून एनर्जी प्राइवेट लिमिटेड	F No.201, Keshavkala Appt, Sauth Ambazari Rd, Rahate, Nagpur, Maharashtra	F NO.201, KESHAVKALA APPT, SAUTH AMBAZARI RD, RAHATE, NAGPUR, महाराष्ट्र	India	India
S1-90032658	S3-749559488	S3	Fortune Energy Private Limited	Mr FORTUNE ENERGY PRIVATE LIMITED	F No.201, Keshavkala Appt, Sauth Ambazari Rd, Rahate, Nagpur, Maharashtra	F No.00201, Nagpur, MH	India	India
S1-360871186	S2-796575158	S2	Naya Bas Eye LLP	LLP Naya Bás Eye	290, Naya Bas, Alwar, Rajasthan	PLOT 235 290, NAYA BAS, ALWAR, Rajasthan	India	India
S1-574668375	S2-173374464	S2	BD Dham Ltd	... BD Ltd Center	N-219 Greater Kailash Part-Ii, New Delhi, South Delhi, Delhi	N-219 GREATER KAILASH PART-II, SOUTH DELHI, NEW DELHI, दिल्ली	India	India
S1-574668375	S3-59072810	S3	BD Dham Ltd	bddham.com	N-219 Greater Kailash Part-Ii, New Delhi, South Delhi, Delhi	Plot 407 N-219 Greater Kailash Pat-ii, New Delhi, South Delhi, DL	India	India
S1-352234501	S2-379384733	S2	Clean Investment Services	CLEAN INVESTMENT-CENTER	34 Abbott Square, Birmingham, AL		US	US
S1-599703679	S2-615230476	S2	Moylan Argentina L.L.C.	L.L.C. MOYLAN ARGENTINA	OK, Spiro, 24062 Tucker Road	024062 TUCKER RD, SPIRO, OK	US	US
S1-596555182	S2-697857785	S2	Creative Consultancy Pvt Ltd	Creative Pvt Ltd (Center)	20B, Sarat Bose Road, Kolkata, Howrah, West Bengal	20B, SARAT BOSE ROAD, KOLKATA, পশ্চিমবঙ্গ	India	India
S1-596555182	S3-891727879	S3	Creative Consultancy Pvt Ltd	Creative Pvt Ltd Services	20B, Sarat Bose Road, Kolkata, Howrah, West Bengal	20B, Sarat Bose Road, Kolkata, Howrah, WB	India	India
S1-657091961	S2-463768264	S2	Blue Foundation LLC	Blue Fóundation LLC	1205 Concord Road, Clovis, NM	NM, CLOVVIS, ##1205 CONCORD RD	US	US
S1-657091961	S2-347752194	S2	Blue Foundation LLC	Blue Fóundation L.L.C.	1205 Concord Road, Clovis, NM	##1205 CONCORD ROAD, CLOVVIS, NM	US	US
S1-720173062	S2-332450198	S2	Maurita's Crystal Wellness Inc	Vantagesol	20198 Brookview Square, Loudoun County, VA	20197 BROOKVIEW SQ, ASHBURRN CITY, VA	US	US
S1-720173062	S3-636421161	S3	Maurita's Crystal Wellness Inc	Maurita's Crystal Wcllmess Inc	20198 Brookview Square, Loudoun County, VA	20198 Brookview Sq, PO Box 1432, Loudoun County, Virginia	US	US
S1-336308856	S3-467978363	S3	Rajendranagar Agro Private Limited	Rajendranagar Arcog Private Limited | www.rajendrana.com	Rajendranagar, Hyderabad, Bandlaguda Jagir, Telangana, Pno13&14Fno 203 Mounika N	Pno13&14fno 203 Mounika N, Rajendranagar, Hyderabad, TG	India	India
S1-65296733	S2-713270157	S2	Fresh Book Store	FRESH BOOK	Lancaster, NY, 323 Central Avenue, Unit Suite 2	323 CCNTRAL AVENUE, LANCASTER CDP, NY	US	US
S1-631152952	S2-784242957	S2	First Lutheran Church	First Lutheran	595 Hicks Road, Unit E, Nashville, TN	595 HICKS RD, PO BOX 5298, NASHVILLE, TN	US	US
S1-631152952	S2-27064688	S2	First Lutheran Church	Lutheran First Church	595 Hicks Road, Unit E, Nashville, TN	PO BOX 5298, NASHVILLE, 595 HICKS ROAD, TN	US	US
S1-631152952	S3-73598087	S3	First Lutheran Church	First Lutheran	595 Hicks Road, Unit E, Nashville, TN	595 Hicks Road, Unit E, Nashville, Tennessee	US	US
S1-676648395	S2-873160450	S2	Bhubaneswar India	BHUBANE5WAR INDIA COMPANY	Rev. Plot No. 1063, Duplex No. 40, Golden Arena, Balianta, Bhubaneswar, Khordha, Orissa	REV. PLOT NO. 1063, DUPLEX NO. 40, GOLDEN ARENA, BALIANTA, BHUBANEWSAR, Odisha	India	India
S1-417074218	S2-776251876	S2	One Constructions Private Limited	वन कंस्ट्रक्शंस प्राइवेट लिमिटेड	130, Zahoor Garden, Khaggu Sarai, Sambhal, Moradabad, Uttar Pradesh	130, MORADABAD, ZAHOOR GARDEN, KHAGGU SARAI, Uttar Pradesh, SAMBHAL	India	India
S1-417074218	S3-171555434	S3	One Constructions Private Limited	Oneconstructions.Com	130, Zahoor Garden, Khaggu Sarai, Sambhal, Moradabad, Uttar Pradesh	130, Zahoor Garden, Khaggu Sarai, Moradabad, Sambhal, उत्तर प्रदेश	India	India
S1-417074218	S3-387274034	S3	One Constructions Private Limited	वन कंस्ट्रक्शंस प्राइवेट लिमिटेड	130, Zahoor Garden, Khaggu Sarai, Sambhal, Moradabad, Uttar Pradesh	130, Moradabad, Sambhal, UP	India	India
S1-41217356	S2-59327396	S2	Dental Valley Specialists LLC	LLC Denta1 Valley Sfpceilifts	4 Curtis Street, Peabody, MA	#4 CURTIS ST, PEABODY CDP, MA	US	US
S1-41217356	S2-599949028	S2	Dental Valley Specialists LLC	LLC Dental Valley Specialists	4 Curtis Street, Peabody, MA	PEABODY CDP, MA, #4 CURTIS STREET	US	US
S1-41217356	S3-272041321	S3	Dental Valley Specialists LLC	Dental Valley	4 Curtis Street, Peabody, MA	4-8 Curtis Street, Peabody DCP, Massachusetts	US	US
S1-41217356	S3-2196662	S3	Dental Valley Specialists LLC	Dental Valley Sepicalists LLC	4 Curtis Street, Peabody, MA	4-8 Curtis Street, Peabody DCP, Massachusetts	US	US
S1-41217356	S3-755948561	S3	Dental Valley Specialists LLC	Dental Valley Specialists	4 Curtis Street, Peabody, MA	Massachusetts, 4-8 Curtis St, Peabody DCP	US	US
S1-350245409	S2-987341678	S2	Select Broadcast Networks	SELECT  BROADCAST	671 Main Street, Chartiers Township, PA	MAIN ST, CHARTIERS TOWNSHIP, PA	US	US
S1-350245409	S2-66366568	S2	Select Broadcast Networks	Select Broadcast Nétworks LP	671 Main Street, Chartiers Township, PA	671 MAIN STREET, HOUSTON, PA	US	US
S1-350245409	S3-905502276	S3	Select Broadcast Networks	selectbroadcastnetworks.com	671 Main Street, Chartiers Township, PA	671 Main Steet, Chartiers Township, Pennsylvania	US	US
S1-519482575	S2-599641873	S2	Eurasia Foods	efoods.com	Apsara Villa 17 D Crossindira Nagar Ii Stage, Bangalore, Karnataka, Bangalore	HN #406 APSARA VILLA 17 D CROSSINDIRA NAGAR II STAGE, BENGALURU, null, ಕರ್ನಾಟಕ	India	India
S1-307045007	S2-575079520	S2	Sandoval First Pelican Inc.	SANDOVAL INC. PELICAN FIRST	485 Gettysburg Drive, Sylva, NC	#485 Gettysburg Dr, SYLVA, NC	US	US
S1-307045007	S3-364455928	S3	Sandoval First Pelican Inc.	Sandovalfirstpelican.Com	485 Gettysburg Drive, Sylva, NC	Gettysburg Dr, Sylva, North Carolina	US	US
S1-495565221	S2-192139561	S2	Patron Fund Private Limited	PATRON FÚND PRIVATE LIMITED	87, Arcot Road, Sathuvachari, Vellore-632 009, Vellore-632 009, Vellore, Tamil Nadu	BLOCK D-223 87, ARCOT ROAD, SATHUVACHARI, VELLORE-632 009, VELLORE-632 009, Tamil Nadu	India	India
S1-554328643	S2-630903155	S2	A Complete Gen LLC	A Cómplete Gen Llc	1225 Providence Terrace, Fairfax County, VA	1225 PROVIDENCE TER, MCLEAN, VA	US	US
S1-391842573	S2-954464521	S2	#4 Presidio	#4 Prbegsilo	216 Walker Road, Mcminnville, TN	WALKER RD, MCMINNVILLE, TN	US	US
S1-512634625	S2-860706331	S2	Ironclad Lending LLC	IRONCLAD LNTDIG-LLC	OH, Hamilton, 736 East Avenue	HAMILTON, 736 1/2 EAST AVE, OH	US	US
S1-512634625	S3-777624715	S3	Ironclad Lending LLC	Ironclad Lénding LLC	OH, Hamilton, 736 East Avenue	East Ave, Hamilton, Ohio	US	US
S1-718013009	S2-223278425	S2	Inventive Commodities Pvt Ltd	INVENTIVE [COMMODITIES]	Gc-10, Sanskriti Vihar Gaur City Greater Noida, Noida, Ghaziabad, Uttar Pradesh	GC-10, SANSKRITI VIHAR GAUR CITY GREATER NOIDA, NOIDA, Uttar Pradesh	India	India
S1-783021266	S2-784556099	S2	Power Infotel	POWER-INFOTEL CORP	Sirsa, Ground Floor, H.No. 801, Sawera Hotel Wali Gali, Near Bus Stand, Gobind Nagar, Haryana, Sirsa	GROUND FLOOR, H.NO. 801, SAWERA HOTEL WALI GALI, NEAR BUS STAND, GOBIND NAGAR, SIRSA, हरियाणा	India	India
S1-783021266	S3-530494268	S3	Power Infotel	Power Ínfotel	Sirsa, Ground Floor, H.No. 801, Sawera Hotel Wali Gali, Near Bus Stand, Gobind Nagar, Haryana, Sirsa	Ground Floor, H.no. 801, Sawera Hotel Wali Gali, Near Bus Stand, Gobind Nagar, Sirsa, HR	India	India
S1-783021266	S3-837055216	S3	Power Infotel	P0wer  Infotel	Sirsa, Ground Floor, H.No. 801, Sawera Hotel Wali Gali, Near Bus Stand, Gobind Nagar, Haryana, Sirsa	Sirsa, Ground Floor, HR, Sirsa	India	India
S1-557511339	S2-180602673	S2	Irene Maung United Scuti	Maung, Irene United 5cuti	2425 Under The Mountain Road, Londonderry, VT	2425 UNDER THE MOUNTAIN ROAD, S. LONDONDERRY, VT	US	US
S1-673498458	S2-399435604	S2	Powell Capital Inc	THE POWELL CAPITAL INC	2100 Vinton Street, Lafayette, IN	2100 VINTON ST, LAFAYETTE, IN	US	US
S1-673498458	S3-865212297	S3	Powell Capital Inc	P0well-Capital Incorporated	2100 Vinton Street, Lafayette, IN	2100 Vinton St, Lafayette, Indiana	US	US
S1-884821612	S2-743344708	S2	Jai Products	जय प्रोडक्ट्स	80/17, Jagat Singh Complex, Gurudwara Road Naka Hindola, Lucknow, Uttar Pradesh	80/17, JAGAT SINGH COMPLEX, GURUDWARA ROAD NAKA HINDOLA, LUCKNOW, उत्तर प्रदेश	India	India
S1-420073336	S2-976528055	S2	Optimal Hospitality Holdings Care	Optimal Hóspitality Holdings Cea	10652 Sherman Drive, Eden Prairie, MN	EDEN PRAIRIE, MN, 10652 SHERMAN DRIVE	US	US
S1-326704888	S2-372345516	S2	Ear Nose & Throat Tri-State Specialists Associates	EAR NOSE & THROAT TRI-STATE	7804 National Service Road, Greensboro, NC	7804 NATIONAL SERVICE RD, GREENSBORO, NC	US	US
S1-906079981	S2-221175434	S2	Radhakrishna Ship Private Limited	Sri Radhakrishna Ship Proavee Limited	108 B, Devika Tower, New Delhi, South Delhi, Delhi		India	India
S1-906079981	S3-489697405	S3	Radhakrishna Ship Private Limited	Radhakrishna 5hip Private	108 B, Devika Tower, New Delhi, South Delhi, Delhi	South Delhi, 108 B, DL, New Delhi	India	India
S1-906079981	S3-745426542	S3	Radhakrishna Ship Private Limited	radhakrishnaship.com	108 B, Devika Tower, New Delhi, South Delhi, Delhi	108 B, Devika Tower, New Delhi, South Delhi, DL	India	India
S1-735419931	S3-69204812	S3	CZB Shreya-Bacliff	CZB Shréya-Bacliff	2501 Dove Cove Lane, Bacliff, TX	2501 Dove Cove Ln, Bacliff, Texas	US	US
S1-194887455	S2-120547520	S2	Tim Cuellar Range	Tim Cuellar	3136 Atrium Drive, Grand Prairie, TX	ATRIUM DRIVE, GRAND PRAIRIE, TX	US	US
S1-217259238	S3-489783956	S3	Buttler, Wilding and Manjarrez Inc	Butt1er, Wrioldinig And Manjarrez [Inc]	2038 Ohara Avenue, Sneads, FL	2038 Ohara Avenue, Sneads, Florida	US	US
S1-702336597	S2-320256266	S2	Physical Therapy Coastal Physicians LLC	Physical Therapy Coastal Physicians	4219 110th Street, Village Of Pleasant Prairie, WI	VILLAGE OF PLEASANT PRAIRIE, WI, 4219 110ND ST	US	US
S1-702336597	S2-899726138	S2	Physical Therapy Coastal Physicians LLC	Llc Physical Therapy Coastal Physicians	4219 110th Street, Village Of Pleasant Prairie, WI	WI, PLEASANT PRAIRIE, 4219 110ND ST	US	US
S1-702336597	S3-186792978	S3	Physical Therapy Coastal Physicians LLC	Physical Therapy Coastal LLC [Physicians]	4219 110th Street, Village Of Pleasant Prairie, WI	4219 110th St, Wisconsin, Village Of Pleasant Prairie	US	US
S1-702336597	S3-540053294	S3	Physical Therapy Coastal Physicians LLC	LLC Physical Therapy Coastal Physicians	4219 110th Street, Village Of Pleasant Prairie, WI	4219 110th Street, Village Of Pleasant Prairie, Wisconsin	US	US
S1-702336597	S3-115837750	S3	Physical Therapy Coastal Physicians LLC	Physical Thérapy Coastal Physicians Llc	4219 110th Street, Village Of Pleasant Prairie, WI	4219 110th Street, Village Of Pleasant Prairie, Wisconsin	US	US
S1-384388496	S3-665267842	S3	Big Builders Private Limited	बिग Builders प्राइवेट लिमिटेड	S/O Bhairu Lal Joshi Shiv, Shankar Temple Ward 29, Bijainagar, Ajmer, Rajasthan	Block A-728 S/o Bhairu Lal Joshi Shiv, Shankar Temple Ward 29, Bijainagar, Ajmer, RJ	India	India
S1-16609748	S2-884975007	S2	Midwest Mountain Wells LLC	midwestmountain.com	2140 71st Street, Lubbock, TX	2140 71TH STREET, LUBBOCK, TX	US	US
S1-16609748	S2-54823044	S2	Midwest Mountain Wells LLC	Midwest Muntbeani Wells LLC	2140 71st Street, Lubbock, TX	2140 71TH SAINT, LUBBOCK, TX	US	US
S1-16609748	S2-358858367	S2	Midwest Mountain Wells LLC	Midwest Mncruntain Wells (LLC)	2140 71st Street, Lubbock, TX	2140 71TH STREET, LUBBOCK, TX	US	US
S1-537740820	S3-336374726	S3	Raven Calisa	rávencalisa.com	1720 Mustang Chase Drive, Carmel, IN	Mustang Chase Drive, Carmel, Indiana	US	US
S1-640830255	S2-480468187	S2	United Complete Construction	Construction C0mplete United	Phoenix, 6026 Encinas Lane, AZ	6026 ENCINAS LANE, MARYVALE, AZ	US	US
S1-640830255	S3-994982012	S3	United Complete Construction	United Complete	Phoenix, 6026 Encinas Lane, AZ	6026 Encinas Ln, Phonix, Arizona	US	US
S1-640830255	S3-747204630	S3	United Complete Construction	United Construction Center	Phoenix, 6026 Encinas Lane, AZ	6026 Encinas Ln, Phonix, Arizona	US	US
S1-919267939	S2-892220211	S2	LX Electricalsprivate Private Limited	LX  ELECTRICALSPRIVATE	M- 59 Baludhyan Road Uttam Nagar, New Delhi, West Delhi, Delhi	दिल्ली, M- 0059 BALUDHYAN ROAD UTTAM NAGAR, NEW DELHI	India	India
S1-919267939	S2-648753107	S2	LX Electricalsprivate Private Limited	LX Private Limited (Services)	M- 59 Baludhyan Road Uttam Nagar, New Delhi, West Delhi, Delhi	M- 0059 BALUDHYAN ROAD UTTAM NAGAR, NEW DELHI, दिल्ली	India	India
S1-675959550	S2-500354211	S2	Ne Forwarding Private Limited	NE LIMITED PRÍVATE FORWARDING	No.5M-651/A, 1St Floor, 5Th Main, Banasawadi, Ombr Layout, Bangalore, Karnataka	H.NO 5M-651/A , 1ST FLOOR, 5TH MAIN, BANASAWADI, OMBR LAYOUT, BANGALORE, Karnataka	India	India
S1-675959550	S2-84417274	S2	Ne Forwarding Private Limited	Mr NE FORWARDING PRIVATE [LIMITED]	No.5M-651/A, 1St Floor, 5Th Main, Banasawadi, Ombr Layout, Bangalore, Karnataka	NO.5M-651/A, 1ST FLOOR, 5TH MAIN, BANASAWADI, OMBR LAYOUT, BANGALORE, ಕರ್ನಾಟಕ	India	India
S1-943879014	S3-420174178	S3	Crj Traders of Mysore Private Limited	Mr crjtradersmysore.com	No. 36, 3Rd Stage, Hale Kesare, Rs Naidu Nagar, Mysore, Karnataka	No. #36, Mysore, ಕರ್ನಾಟಕ	India	India
S1-114864723	S2-883382236	S2	Crittenden, Jones and Pope	CRITTENDEN, JONES AND PÓPE	10657 Golden Bear Way, Noblesville, IN	GOLDEN BEAR WAY, NOBLESVILLE, IN	US	US
S1-96384915	S2-736299627	S2	Urban Agro LLP	अर्बन एग्रो एलएलपी	C/O Shree Chand, Vill Maithna Inder Singh, Meerut, Uttar Pradesh	C/O SHREE CHAND, VILL MAITHNA INDER SINGH, MEERUT, NEW DELHI, Uttar Pradesh	India	India
S1-96384915	S3-62224210	S3	Urban Agro LLP	अर्बन एग्रो एलएलपी	C/O Shree Chand, Vill Maithna Inder Singh, Meerut, Uttar Pradesh	C/o Shree Chand, Meerut, UP, Meerut, N/A	India	India
S1-96384915	S3-193368378	S3	Urban Agro LLP	Urban एग्रो LLP	C/O Shree Chand, Vill Maithna Inder Singh, Meerut, Uttar Pradesh	C/o Shree Chand, N/A, Meerut, UP	India	India
S1-761585587	S2-586234138	S2	Classic Printing Enterprises Corp	Classic Enterprises Corp Services	22 Hickory Point Road, Constantia, NY		US	US
S1-761585587	S2-509160915	S2	Classic Printing Enterprises Corp	CLASSIC PRINTING ENTERPRISES CORPORATION	22 Hickory Point Road, Constantia, NY	22 HICKOYR POINT RD, CLEVELAND, NY	US	US
S1-761585587	S2-801229590	S2	Classic Printing Enterprises Corp	CLASSIC PRINTING ÉNTERPRISES C0RP	22 Hickory Point Road, Constantia, NY	22 HICKORY POINT RD, CONSTANTIA, NY	US	US
S1-761585587	S3-72688650	S3	Classic Printing Enterprises Corp	corp classic printing enterprises	22 Hickory Point Road, Constantia, NY	22 Hickory Point Rd, Cleveland, New York	US	US
S1-596431100	S3-652058856	S3	Smart Education Systems	education smart systems	2007 Mechanic Court, Vacaville, CA	2007 Mechanic Ct, Vacaville, California	US	US
S1-652331096	S2-57232621	S2	Arihant Infra Private Limited	अरिहंत इंफ्रा प्राइवेट लिमिटेड	Ig -Ii, 738 A, Vikas Puri, New Delhi, Delhi	IG -II, 738 A, VIKAS PURI, NEW DELHI, दिल्ली	India	India
S1-652331096	S2-844451178	S2	Arihant Infra Private Limited	ARIHANT  INFRA PRIVATE LTD | www.arihanti.com	Ig -Ii, 738 A, Vikas Puri, New Delhi, Delhi	IG -II, 738 A, VIKAS PURI, दिल्ली	India	India
S1-652331096	S2-152006595	S2	Arihant Infra Private Limited	M/s ARIHANT INFRA PRIVATE	Ig -Ii, 738 A, Vikas Puri, New Delhi, Delhi	IG -II, 738 A, VIKAS PURI, दिल्ली	India	India
S1-652331096	S3-280025695	S3	Arihant Infra Private Limited	Arihant Infra Prívate Limited	Ig -Ii, 738 A, Vikas Puri, New Delhi, Delhi	Ig -Ii, 738 A, Vikas Puri, New Delhi, DL	India	India
S1-669413769	S2-805282132	S2	First Investment Private Limited	ফার্স্ট ইনভেস্টমেন্ট প্রাইভেট লিমিটেড	57B, Purna Das Road, Kolkata, Howrah, West Bengal	5-7B, KOLKATA, পশ্চিমবঙ্গ	India	India
S1-47869953	S2-561735610	S2	Prestige Servicesprivate Corporation	-- PRESTIGE SERVICESPRIVATE - 5419705558	Near Choti Mazjid, Dhabali Vihir, Mangalwari Peth, Umred, Nagpur, Maharashtra	PLOT 48 NEAR CHOTI MAZJID, NAGPUR, Maharashtra	India	India
S1-279971988	S2-421146166	S2	Lee & Ginder, Inc.	Lee Ginder, Inc. Partners	460 Sunaire Terrace, Cincinnati, OH	460 SUNAIRE TERRACE, PO BOX 4846, CINCINNATI, OH	US	US
S1-520992658	S2-243949421	S2	Value Retail Global Inc.	Value Rétail Global Inc.	2518 Young, Colville, WA	2518 YONG, COLVILLE, WA	US	US
S1-749745623	S2-938842806	S2	Borst and Simmons	BORST  SIMMONS	2 Cranford Drive, Clarkstown, NY	002 CRANFORD DR, CLARKSTOWN, NY	US	US
S1-749745623	S3-93528382	S3	Borst and Simmons	Borst and Simmooas	2 Cranford Drive, Clarkstown, NY	Cranford Dr, New York, New City, NULL	US	US
S1-311090979	S2-252555009	S2	Brewster Rivernorth LLC	Brewster Rivmnarosrth LLC	Charlotte, NC, 1307 Briar Creek Road	001307 BRIAR CREEK RD, CHARLTTE, NC	US	US
S1-311090979	S3-651529833	S3	Brewster Rivernorth LLC	Brewster LLC Services	Charlotte, NC, 1307 Briar Creek Road	1307 Briar Creek Road, Charltote CITY, North Carolina	US	US
S1-375370928	S2-894175674	S2	Opttech Inc	OTTDECH INC	8110 Mt Holly-huntersville Road, Unit B, Charlotte, NC	8110 MT HOLLY-HUNTERSVILLE ROAD, CHARLOTTE, NC	US	US
S1-375370928	S3-178318248	S3	Opttech Inc	Opttech Inc Partners	8110 Mt Holly-huntersville Road, Unit B, Charlotte, NC	Mt Holly-Huntersville Road, # B, Charlotte, North Carolina	US	US
S1-594141325	S2-705279315	S2	Veterans Center LLC	VETERANS CÉNTER LLC	1940 Mary Queen Road, City Of Green Bay, WI	1940 Mary Queen Rd, CITY OF GREEN BAY, WI	US	US
S1-765734254	S3-799567902	S3	Health Fellowship Partners	Health Fellowship Partners Federation	601 Oleander Circle, Virginia Beach City, VA		US	US
S1-298019640	S2-925776645	S2	Harding, Perrine L., MD	Harding, Paorire L., MD	2844 Neely Store Road, Rock Hill, SC	#2844 NEELY STORE RD, ROCK HILL, SC	US	US
S1-298019640	S2-67103359	S2	Harding, Perrine L., MD	HARDING, PERRINE MD PARTNERS	2844 Neely Store Road, Rock Hill, SC	#2844 NEELY STORE RD, ROCK HILL, SC	US	US
S1-298019640	S3-949494322	S3	Harding, Perrine L., MD	Harding, Pérrine L., MD	2844 Neely Store Road, Rock Hill, SC	Neely Store Road, ROCK HILL, South Carolina	US	US
S1-877882228	S2-966628958	S2	Mendez Medical Center	Mendez Medical Center Co	Valparaiso, 267 475, IN	587 475, VALPARAISO, IN	US	US
S1-877882228	S3-64119890	S3	Mendez Medical Center	Mendez [Medical] Mendez	Valparaiso, 267 475, IN	475, Valparaiso, Indiana	US	US
S1-451464552	S2-562961503	S2	Green Producer	గ్రీన్ ప్రొడ్యూసర్	H.No.12-2-725/10/3/4, Dilshad Nagar, 2Nd Floor Dressden Showroom, Rethi Bowli, Pillar No., 44, Mehdipatnam, Hyderabad, Telangana	H.NO 12-2-725/10/3/4, DILSHAD NAGAR, 2ND FLOOR DRESSDEN SHOWROOM, RETHI BOWLI, PILLAR NO., 44, HYDERABAD, MEHDIPATNAM, Telangana	India	India
S1-451464552	S3-267728097	S3	Green Producer	greenproducer.com	H.No.12-2-725/10/3/4, Dilshad Nagar, 2Nd Floor Dressden Showroom, Rethi Bowli, Pillar No., 44, Mehdipatnam, Hyderabad, Telangana	Door No 12-2-725/10/3/4, Dilshad Nagar, 2Nd Floor Dressden Showroom, Rethi Bowli, Pillar No., 44, Mehdipatnam, Hyderabad, Andhra Pradesh	India	India
S1-451464552	S3-545512857	S3	Green Producer	Green Pgoguer	H.No.12-2-725/10/3/4, Dilshad Nagar, 2Nd Floor Dressden Showroom, Rethi Bowli, Pillar No., 44, Mehdipatnam, Hyderabad, Telangana	Andhra Pradesh, H.no.12-2-725/10/3/4, Hyderabad, Mehdipatnam, Dilshad Nagar, 2Nd Floor Dressden Showroom, Rethi Bowli, Pillar No., 44	India	India
S1-278756630	S2-472755273	S2	Art Enterprises LLP	ART ENTERPRISES	14 2Nd Floor Arjun Nagar, Safdarjung Enclave, New Delhi, Delhi	H.NO 14 2ND FLOOR ARJUN NAGAR, SAFDARJUNG ENCLAVE, NEW DELHI, NULL, Delhi	India	India
S1-278756630	S2-830975909	S2	Art Enterprises LLP	ART ENTERPRlSES	14 2Nd Floor Arjun Nagar, Safdarjung Enclave, New Delhi, Delhi	14 2ND FLOOR ARJUN NAGAR, SAFDARJUNG ENCLAVE, NEW DELHI, NULL, दिल्ली	India	India
S1-778632723	S2-150240064	S2	Main Street Pilates!	Main Street Pilates!  Center	4466 Park Drive, Sacramento, CA	SACRAMENTO, 4466 PARK DRIVE, CA	US	US
S1-574943722	S3-675433997	S3	Hayes Unified Regions LLC	Círaumbra	12 School Square, Unit 2, Winchendon, MA	##12 School Sq, Winchendon, Massachusetts	US	US
S1-761874846	S2-719023480	S2	Murray & Cruz Inc	MURRAY & CRUZ INCORPORATED	NM, 140 Villa Del Rio Loop, Sunland Park	140 VILLA DEL RIO LOOP, NM, SUNLAND PARK	US	US
S1-392214139	S2-90508167	S2	Jk College	Sri >> jk jk college	515, Palm Spring Centre, Link Road, Malad West, Mumbai, Maharashtra	MUMBAI, MALAD WEST, 515, महाराष्ट्र	India	India
S1-392214139	S3-694887844	S3	Jk College	Sri jkcollege.com	515, Palm Spring Centre, Link Road, Malad West, Mumbai, Maharashtra	Palm Spring Centre, Link Road, MH, Malad West, Mumbai, 515	India	India
S1-198728897	S2-132436	S2	Luciana Williams Landscaping LLC	LUCIANA WCILMAS LANDSCAPING LLC	7165 Burke County Road, Hickory, NC		US	US
S1-645147697	S2-255219691	S2	Wildlife Center	wildlifecenter.com	1020 43rd Street, Minot, ND	MINOT, ND, ##1020 43TH ST	US	US
S1-645147697	S2-553207883	S2	Wildlife Center	WILDLIFE CENTER  CORPORATION	1020 43rd Street, Minot, ND	##1020 43TH ST, MINOT, ND	US	US
S1-645147697	S2-954505074	S2	Wildlife Center	Wildlife Partners	1020 43rd Street, Minot, ND	##1020 43TH STREET, MINOT, ND	US	US
S1-645147697	S3-697028003	S3	Wildlife Center	Wildlife Center LLC	1020 43rd Street, Minot, ND	1021 43rd St, Minot, North Dakota	US	US
S1-17573606	S2-942630390	S2	Green Agro Private Limited	ग्रीन एग्रो प्राइवेट लिमिटेड	South Delhi, New Delhi, H-49/14Galib Aptt Iiird Floor Batla House Jaima Nagar Okhla, Delhi	BLOCK E-566 H-49/14GALIB APTT IIIRD FLOOR BATLA HOUSE JAIMA NAGAR OKHLA, DELHI, SOUTH DELHI, दिल्ली	India	India
S1-17573606	S2-353996643	S2	Green Agro Private Limited	Green Agro Prvate Limited	South Delhi, New Delhi, H-49/14Galib Aptt Iiird Floor Batla House Jaima Nagar Okhla, Delhi	दिल्ली, BLOCK E-566 H-49/14GALIB APTT IIIRD FLOOR BATLA HOUSE JAIMA NAGAR OKHLA, NEW DELHI	India	India
S1-17573606	S3-544605768	S3	Green Agro Private Limited	Green Green Private Limited Service	South Delhi, New Delhi, H-49/14Galib Aptt Iiird Floor Batla House Jaima Nagar Okhla, Delhi	H-49/14galib Aptt Iiird Floor Batla House Jaima Nagar Okhla, New Delhi, South Delhi, DL	India	India
S1-17573606	S3-402251662	S3	Green Agro Private Limited	ग्रीन एग्रो प्राइवेट लिमिटेड	South Delhi, New Delhi, H-49/14Galib Aptt Iiird Floor Batla House Jaima Nagar Okhla, Delhi	H-49/14galib Aptt Iiird Floor Batla House Jaima Nagar Okhla, New Delhi, South Delhi, DL	India	India
S1-17573606	S3-739459955	S3	Green Agro Private Limited	M/s gréenagro.com	South Delhi, New Delhi, H-49/14Galib Aptt Iiird Floor Batla House Jaima Nagar Okhla, Delhi	H-49/14galib Aptt Iiird Floor Batla House Jaima Nagar Okhla, New Delhi, South Delhi, दिल्ली	India	India
S1-881015038	S2-774828760	S2	Bharat Industries Private Limited	भारत इंडस्ट्रीज प्राइवेट लिमिटेड	B-3/276, Chitrakoot Vaishali Nagar, Jaipur, Rajasthan	B-3/276, JAIPUR, CHITRAKOOT VAISHALI NAGAR, Rajasthan, JAIPUR	India	India
S1-881015038	S3-724851583	S3	Bharat Industries Private Limited	Bharat Private  Limited Center	B-3/276, Chitrakoot Vaishali Nagar, Jaipur, Rajasthan	B-3/276, Chitrakoot Vaishali Nagar, Jaipur, RJ	India	India
S1-211678907	S2-436877380	S2	Creative Systems Private Limited	CREATIVE SYSTÉMS	Plot No - 12P1, Biada Industrial, Area Ward No - 4, Jhanjharpur, Madhubani, Bihar	PLOT NO - 12P1, BIADA INDUSTRIAL, AREA WARD NO - 4, JHANJHARPUR, Bihar	India	India
S1-211678907	S3-856847053	S3	Creative Systems Private Limited	Creative Private Limited 5ervices	Plot No - 12P1, Biada Industrial, Area Ward No - 4, Jhanjharpur, Madhubani, Bihar	#850 Plot No - 12P1, Jhanjharpur, Madhubani, BR	India	India
S1-582307657	S2-24066171	S2	Halcus Lionheart	halcuslionheart.com	2019 New Sun Drive, Fl 2, Florissant, MO	FLORISSANT, <NULL>, 2019 NEW SUN DR, MO	US	US
S1-582307657	S3-992288030	S3	Halcus Lionheart	Halcus Lionedhrt	2019 New Sun Drive, Fl 2, Florissant, MO		US	US
S1-862715502	S2-511304622	S2	Skytech Vinimay Limited	LIMITED SKYTECH VINIMAY	House No. 18-P, Sector-45, Gurugram, Sector -45, Gurgaon, Haryana	GURUGRAM, SECTOR -45, HOUSE NO. 18-P, Haryana	India	India
S1-578641214	S2-124089131	S2	Sbi Traders Private Limited	SBI-TRADERS	Maharashtra, Raigarh, Plot No-40, Krishna Heights, Sector-17, Ulwe Road, Flat No-1104, Ulwe	FLAT NO-1104, PLOT NO-40, KRISHNA HEIGHTS, SECTOR-17, ULWE ROAD, ULWE, Maharashtra	India	India
S1-578641214	S2-824570205	S2	Sbi Traders Private Limited	Sri sbi traders private private limited	Maharashtra, Raigarh, Plot No-40, Krishna Heights, Sector-17, Ulwe Road, Flat No-1104, Ulwe	FLAT NO-1104, PLOT NO-40, KRISHNA HEIGHTS, SECTOR-17, ULWE ROAD, ULWE, Maharashtra	India	India
S1-578641214	S3-92912454	S3	Sbi Traders Private Limited	5bi-Traders  Private Limited	Maharashtra, Raigarh, Plot No-40, Krishna Heights, Sector-17, Ulwe Road, Flat No-1104, Ulwe	Flat No-g-1104, N/A, Mumbai, Raigarh, MH	India	India
S1-578641214	S3-746522113	S3	Sbi Traders Private Limited	5bi Traders Private	Maharashtra, Raigarh, Plot No-40, Krishna Heights, Sector-17, Ulwe Road, Flat No-1104, Ulwe	N/A, Raigarh, Flat No-g-1104, महाराष्ट्र, Mumbai	India	India
S1-189218186	S2-940586364	S2	Sujay Electrodes Private Limited	Sujay Électrodes Private Limited	#221/2, Dhuri, Sangrur, Ward No. 10-A, Near Caplash Nursing Home, Punjab	#221/2, WARD NO. 10-A, NEAR CAPLASH NURSING HOME, DHURI, Punjab	India	India
S1-493124566	S2-366481725	S2	Ebel & Rearick	ebelrearick.com	1161 Purdue Avenue, Fl 0, Saint Louis, MO	1161- PURDUE AVENUE, SAINT LOUIS, MO	US	US
S1-976369483	S2-546179661	S2	FUE Pgim Care	FUE Care (Service)	211 Dewey Road, IL, Rockton	IL, ROCKTON, 211 DEWEY RD	US	US
S1-976369483	S2-984109039	S2	FUE Pgim Care	FUE PGIM	211 Dewey Road, IL, Rockton	211 DEWEY RD, ROCKTON, IL	US	US
S1-976369483	S2-268873536	S2	FUE Pgim Care	FUE PGIM CENTER	211 Dewey Road, IL, Rockton	IL, 211 DEWEY RD, ROCKTON	US	US
S1-976369483	S3-960615760	S3	FUE Pgim Care	FUE Pgim Ccae	211 Dewey Road, IL, Rockton	211 Dwey Rd, Rockton, Illinois	US	US
S1-705961596	S3-762367919	S3	IMQ Eye Private Limited	lMQ Eye Private Ltd	M.C.B.-Z-6-22224/0003 Main Road, Adarsh Nagar, Goniana Road, Bathinda, Punjab	M.c.b.-z-d/6-22224/0003 Main Road, Bathinda, PB	India	India
S1-492536604	S2-15424811	S2	Urban Properties Pvt Ltd	अर्बन प्रॉपर्टीज प्रा. लि.	Sno.25/8, Pune, Navecha Road, Nr. Durga, Pimple Gurav, Maharashtra, Pune	SNO.25/8, PUNE, Maharashtra	India	India
S1-362880192	S2-307086892	S2	Gulf Apex LLC	Gulf Alpex LLC	1025 Holland Sylvania Road, Unit 5, Toledo, OH	OH, 1025 HOLLAND SYLVANIA ROAD, TOLEDO	US	US
S1-6232617	S2-350187169	S2	Aspen Ridge LLC	ASPEN RIDGE	TX, 834 Sunshine Medley Lane, Richmond	834. Sunshine Medley Ln, RICHMOND, TX	US	US
S1-6232617	S2-555976504	S2	Aspen Ridge LLC	aspenridge.com	TX, 834 Sunshine Medley Lane, Richmond	834. SUNSHINE MEDLEY LN, RICHMOND, TX	US	US
S1-671445253	S2-510085826	S2	Metro Care, LLC	metrocare.com	MA, 500 Quincy Street, Abington, Unit 3-C1	500 QUINCY STREET, ABINGTON, MA	US	US
S1-671445253	S3-806509432	S3	Metro Care, LLC	Metro LLC Partners	MA, 500 Quincy Street, Abington, Unit 3-C1	500 Quincy Street, Unit 3-C1, Abington, Massachusetts	US	US
S1-2092817	S2-244625037	S2	Hamilton Newtekone	HAMILTON  NLWTBKOCE	210 Clark Street, Sweetwater, TN	10 CLARK ST, null, SWEETWATER, TN	US	US
S1-2092817	S3-891277782	S3	Hamilton Newtekone	hamiltonnewtekone.com	210 Clark Street, Sweetwater, TN	210 Clark St, Sweetwter, Tennessee	US	US
S1-2092817	S3-752797834	S3	Hamilton Newtekone	Hamilton Nlewittkone	210 Clark Street, Sweetwater, TN	210 Clark St, Sweetwter, Tennessee	US	US
S1-2092817	S3-120315989	S3	Hamilton Newtekone	Hamilton Néwtekone	210 Clark Street, Sweetwater, TN	210 Clark St, Sweetwter, Tennessee	US	US
S1-811584019	S2-518285727	S2	National Interprivate Inc	National Itetrgpfvate Inc	128 Lenoxplace Circle, Garner, NC	128 LENOXPLACE CRCLE, GARNER, NC	US	US
S1-811584019	S3-887761459	S3	National Interprivate Inc	National Indierprivate Inc	128 Lenoxplace Circle, Garner, NC	#128 Lenoxplace Cir, null, Garner, North Carolina	US	US
S1-910150597	S3-872314779	S3	Regional Aria, LLC	Regional Acrna,-LLC	711 Vintage Hills Way, Unit 302, Knoxville, TN	711 Vintage Hills Way, # 302, Knoxville, Tennessee	US	US
S1-17779586	S2-714942956	S2	Moses Vendome LLC	Moses Véndome LLC	1404 Brighton Court, Southlake, TX		US	US
S1-542211755	S2-778340028	S2	Rev It Up Seafood Inc	REV IT UP SEAFOOD INCORPORATED | www.revitup.com	11903 Sunset Court, Plymouth, IN	11903 SUNSET COURT, PLYMOTUH, IN	US	US
S1-542211755	S2-84543333	S2	Rev It Up Seafood Inc	REV IT-UP SEFOD INC	11903 Sunset Court, Plymouth, IN	11903 Sunset Court, PLYMOTUH, IN	US	US
S1-542211755	S2-80465864	S2	Rev It Up Seafood Inc	Rev  It Up	11903 Sunset Court, Plymouth, IN	11903 SUNSET COURT, PLYMOTUH, IN	US	US
S1-924467624	S2-770776347	S2	Midwest Federation	MIDWEST  FEDERATION LTD	6815 Hartwood Lane, Fairfax County, VA	6815- HARTWOOD LANE, CENTREVILLE, VA	US	US
S1-924467624	S2-937944750	S2	Midwest Federation	Midwest Federati0n	6815 Hartwood Lane, Fairfax County, VA	6815- HARTWOOD LN, CENTREVILLE, VA	US	US
S1-924467624	S3-62921840	S3	Midwest Federation	mídwestfederation.com	6815 Hartwood Lane, Fairfax County, VA	Hartwood Lane, Fairfax County, Virginia	US	US
S1-722170008	S2-185391723	S2	Ziraendra Investments Private Limited	PMIATE ZIRAENDRA INVESTMENTS LIMITED	G - 76/A, First Floor, Road No - 13, Saheen Bagh Abul Fazal Enclave Part - Ii, Jamia Naga, R, New Delhi, Delhi	NO 174 G - 76/A, FIRST FLOOR, ROAD NO - 13, SAHEEN BAGH ABUL FAZAL ENCLAVE PART - II, JAMIA NAGA, R, NEW DELHI, Delhi	India	India
S1-722170008	S2-445745602	S2	Ziraendra Investments Private Limited	ZIRAENDRA INVESTMENTS PTROVCET LIMITED	G - 76/A, First Floor, Road No - 13, Saheen Bagh Abul Fazal Enclave Part - Ii, Jamia Naga, R, New Delhi, Delhi		India	India
S1-316932948	S2-604906178	S2	Dev Enterprises	Shri Dev Enterprises	Plot No -1.2.3 Annta Enclave Pol No-1/13, Bulandshahar, Up, Bulandshahar, Bulandshahr, Uttar Pradesh	H.NO 00972 PLOT NO -1.2.3 ANNTA ENCLAVE POL NO-1/13, BULANDSHAHAR, UP, BULANDSHAHAR, Uttar Pradesh	India	India
S1-8092452	S2-404025676	S2	Urban Nails!	Urban  Nai1s!	1262 Grandstaff Avenue, Lancaster, OH	LANCASTER, OH, #1262 GRANDSTAFF AVE	US	US
S1-8092452	S3-183988476	S3	Urban Nails!	Urban Náils! - 1389976563	1262 Grandstaff Avenue, Lancaster, OH	1262 Grandstff Ave, Lancaster, Ohio	US	US
S1-677741106	S2-460418351	S2	Paul Holdings	PAUL-LIMITED	C/O- Akhilesh Kr Chauhan Patwatoli, Near Naksha Ghar, Hajipur, Vaishali, Bihar	BLOCK D-77 C/O- AKHILESH KR CHAUHAN PATWATOLI, NEAR NAKSHA GHAR, HAJIPUR, Bihar	India	India
S1-677741106	S2-658878695	S2	Paul Holdings	PFDAUL  HOLDING5	C/O- Akhilesh Kr Chauhan Patwatoli, Near Naksha Ghar, Hajipur, Vaishali, Bihar	BLOCK D-77 C/O- AKHILESH KR CHAUHAN PATWATOLI, NEAR NAKSHA GHAR, HARULI, HAJIPUR, बिहार	India	India
S1-677741106	S2-745716915	S2	Paul Holdings	PAUL HÓLDINGS	C/O- Akhilesh Kr Chauhan Patwatoli, Near Naksha Ghar, Hajipur, Vaishali, Bihar	BLOCK D-77 C/O- AKHILESH KR CHAUHAN PATWATOLI, NEAR NAKSHA GHAR, HAJIPUR, Bihar	India	India
S1-677741106	S2-148794360	S2	Paul Holdings	Paul	C/O- Akhilesh Kr Chauhan Patwatoli, Near Naksha Ghar, Hajipur, Vaishali, Bihar		India	India
S1-347171620	S2-570516060	S2	Firefighters Local 584	Firefighters Local 584 LLC	3494 State Rt 41, Troy, OH		US	US
S1-410474103	S2-884491563	S2	Grade Innovative Pvt Ltd	Pvt Grade Innovative Límited	2/3, Middle Street, Kodimangalam, Madurai, Tamil Nadu	HN 294  2/3, KODIMANGALAM, MADURAI, Tamil Nadu	India	India
S1-327370768	S2-197708977	S2	Solan & Co	Slan & Co	Plot No. 2006/7, G.I.D.C. Estate, Anand, Gujarat	ANAND, G.I.D.C. ESTATE, Gujarat, NO 2006/7	India	India
S1-125472274	S2-218583667	S2	Eagle India of Nagpur	EAGLE OF INDIA [NAGPUR]	Flat No 35, Yashoda Nagar Stage-Ii, H.Road, Nagpur, Maharashtra	H.NO 35 , YASHODA NAGAR STAGE-II, H.ROAD, NAGPUR, महाराष्ट्र	India	India
S1-125472274	S2-152111641	S2	Eagle India of Nagpur	Eag1e India of Nagpur Corp	Flat No 35, Yashoda Nagar Stage-Ii, H.Road, Nagpur, Maharashtra	FLAT NO 35, YASHODA NAGAR STAGE-II, H.ROAD, NAGPUR, महाराष्ट्र	India	India
S1-125472274	S3-188896551	S3	Eagle India of Nagpur	Eagle India of	Flat No 35, Yashoda Nagar Stage-Ii, H.Road, Nagpur, Maharashtra	Flat No 35, Yashoda Nagar Stage-ii, H.road, Nagpur, MH	India	India
S1-125472274	S3-176715932	S3	Eagle India of Nagpur	Eagle of Nagpur Center	Flat No 35, Yashoda Nagar Stage-Ii, H.Road, Nagpur, Maharashtra	Flat No 35, Yashoda Nagar Stage-ii, H.road, Nagpur, MH	India	India
S1-410040347	S2-641487662	S2	Temple Synagogue	TEMPLE  SYNAGOGUE CORP	10202 W Maple Road, Omaha, NE	10202- WEST MAPLE ROAD, OMAHA, NE	US	US
S1-410040347	S3-186997268	S3	Temple Synagogue	Temple Partners	10202 W Maple Road, Omaha, NE		US	US
S1-958577120	S2-614945214	S2	NTW Land Private Limited	Priotse NTW Land Limited	Flat -101, Bhagwat Villa Apartment, Bhubaneswar, Khordha, Orissa	FLAT -C-101, BHAGWAT VILLA APARTMENT, BHUBANESWAR, Orissa	India	India
S1-958577120	S2-658672541	S2	NTW Land Private Limited	Prvtoae NTW Land (Limited)	Flat -101, Bhagwat Villa Apartment, Bhubaneswar, Khordha, Orissa	FLAT -C-101, BHAGWAT VILLA APARTMENT, BHUBANESWAR, Orissa	India	India
S1-833798119	S2-174477369	S2	Regional Spruce LLC	REGIONAL SPRUCE	10 N1026, Eagar, AZ		US	US
S1-833798119	S2-164453128	S2	Regional Spruce LLC	LLC REGIONAL SPRUCE	10 N1026, Eagar, AZ	10 N1026, PMB 5306, EAGAR, AZ	US	US
S1-833798119	S3-342879520	S3	Regional Spruce LLC	Regional Sraoe LLC	10 N1026, Eagar, AZ	10 N1026, Apache County, Arizona	US	US
S1-368348061	S2-621867288	S2	Naon Enterprises Inc	Na0n Enterprises	31481 Oak Ridge Drive, Muscoda, WI	OAK RIDGE DR, MUSCODA, WI	US	US
S1-368348061	S3-832808344	S3	Naon Enterprises Inc	Naon Inc Partners	31481 Oak Ridge Drive, Muscoda, WI	Oak Ridge Dr, Musoda, Wisconsin	US	US
S1-368348061	S3-656890408	S3	Naon Enterprises Inc	Naon Ínc Partners	31481 Oak Ridge Drive, Muscoda, WI		US	US
S1-75627448	S2-580899262	S2	Dental Reliable Physicians	Dental Reliable | www.dentalrel.com	24 Topstone Drive, Bethel, CT	24 TOPSTONE DR, BETHEL, CT	US	US
S1-75627448	S2-559685516	S2	Dental Reliable Physicians	Dental Reliable Phyimians	24 Topstone Drive, Bethel, CT	24 TOSTONE DR, BETHEL, CT	US	US
S1-75627448	S3-562390632	S3	Dental Reliable Physicians	Dental Physicians Services	24 Topstone Drive, Bethel, CT	Topstone Drive, Bethel, Connecticut	US	US
S1-75627448	S3-69842839	S3	Dental Reliable Physicians	Dental  Reliable Physicians District	24 Topstone Drive, Bethel, CT	24 Topstone Dr, Bethel, Connecticut	US	US
S1-75627448	S3-938556119	S3	Dental Reliable Physicians	Dental Reliable Physicians Foundation	24 Topstone Drive, Bethel, CT	24 Topstone Drive, PMB 7463, Bethel, Connecticut	US	US
S1-648894561	S2-443506042	S2	Supreme Consultants Private Limited	सुप्रीम कंसल्टेंट्स प्राइवेट लिमिटेड	236 & 237, The Galleria Dlf, Second Floor, Mayur Vihar Ext-1, Noida Link Road, New Delhi, East Delhi, Delhi	DTOR NO 236. & 237, THE GALLERIA DLF, SECOND FLOOR, MAYUR VIHAR EXT-1, NOIDA LINK ROAD, NEW DELHI, EAST DELHI, Delhi	India	India
S1-648894561	S3-792976560	S3	Supreme Consultants Private Limited	सुप्रीम कंसल्टेंट्स प्राइवेट लिमिटेड	236 & 237, The Galleria Dlf, Second Floor, Mayur Vihar Ext-1, Noida Link Road, New Delhi, East Delhi, Delhi	East Delhi, Door No 236 & 237, New Delhi, दिल्ली	India	India
S1-648894561	S3-829470335	S3	Supreme Consultants Private Limited	सुप्रीम Consultants प्राइवेट लिमिटेड	236 & 237, The Galleria Dlf, Second Floor, Mayur Vihar Ext-1, Noida Link Road, New Delhi, East Delhi, Delhi	New Delhi, East Delhi, H.no 236 & 237, DL	India	India
S1-648894561	S3-809239143	S3	Supreme Consultants Private Limited	सुप्रीम कंसल्टेंट्स प्राइवेट लिमिटेड	236 & 237, The Galleria Dlf, Second Floor, Mayur Vihar Ext-1, Noida Link Road, New Delhi, East Delhi, Delhi	236 & 237, New Delhi, East Delhi, DL	India	India
S1-106011786	S2-729896110	S2	Continental Printing Studios	CONTINENTAL PRÍNTING-5TUDIOS INC	7258 Highway 144, Philpot, KY	07258 HIGHWAY 144, PHILPOT, KY	US	US
S1-928237806	S2-105966198	S2	Heavener Qdro, Inc	HEAVENER QDRO, ÍNC	1201 Fretz Avenue, Unit 35, Edmond, OK	1201 FRETZ AVE, EDMOND, OK	US	US
S1-701003373	S3-955931442	S3	Sampson & Cunningham LLC	Sampson & Cúnningham LLC | www.sampson.com	23560 259th Street, Mc Louth, KS	0023560 259th Street, Mc Louth, Kansas	US	US
S1-701003373	S3-23997241	S3	Sampson & Cunningham LLC	Sampson and Cnningrhgma LLC	23560 259th Street, Mc Louth, KS	##23661 259nd St, Mc Louth, Kansas	US	US
S1-988009600	S2-951991881	S2	Raj Software Private Limited	राज सॉफ्टवेयर प्राइवेट लिमिटेड	W/O Kumar Bharat, House No. 12, Kishore Bhawan, Justice Mandal Path, Patna, Bihar	W/O KUMAR BHARAT, HOUSE NO. 12, KISHORE BHAWAN, JUSTICE MANDAL PATH, PATNA, बिहार	India	India
S1-509332273	S2-759707242	S2	Kolkata Animation Private Limited	KOLKATA ANIMADION PRIVATE  LIMITED	Kolkata, B Block, 1St Floor, Suite-7, Kolkata, West Bengal, Howrah, 1 Chandney Chawk Street	1 CHANDNEY CHAWK STREET, B BLOCK, 1ST FLOOR, SUITE-7, KOLKATA, KOLKATA, West Bengal	India	India
S1-641579109	S2-196228165	S2	Unique Developers Private Limited	ইউনিক ডেভেলপারস প্রাইভেট লিমিটেড	104/A, Block F, 32 Jnan Goswami Sarani, Kolkata, Kolkata, Howrah, West Bengal	104/A, CALCUTTA, HOWRAH, West Bengal	India	India
S1-641579109	S3-862120141	S3	Unique Developers Private Limited	ইউনিক ডেভেলপারস প্রাইভেট লিমিটেড	104/A, Block F, 32 Jnan Goswami Sarani, Kolkata, Kolkata, Howrah, West Bengal	WB, New Alipore, Block F, 32 Jnan Goswami Sarani, Kolkata, #A-53 104/A, Kolkata	India	India
S1-409451774	S2-807412942	S2	All Cargo Company	allcargo.com	4725 Chowen Avenue, Minneapolis, MN	4725 CHOWEN AVE, MINNEAPOLIS, MN	US	US
S1-916773322	S2-572277218	S2	Integrated Myers Group	Integrated-Myers LLC	311 Glenn Avenue, Unit 33, Auburn, AL	299 GLENN AVE, AUBURN, AL	US	US
S1-916773322	S2-437727674	S2	Integrated Myers Group	MYERS INTEGRATED GROUP	311 Glenn Avenue, Unit 33, Auburn, AL	311 1/2 GLENN AVE, AUBURN, AL	US	US
S1-62329201	S2-2637735	S2	Urology Center Inc.	UROLOGYCENTER.COM (ID: 95871)	695 Empire Boulevard, Irondequoit, NY	694 EMPIRE BLVD, IRONDEQUOIT, NY	US	US
S1-62329201	S2-180956985	S2	Urology Center Inc.	Urology Center	695 Empire Boulevard, Irondequoit, NY	694 EMPIRE BLVD, IRONDEQUOIT, NY	US	US
S1-62329201	S2-400606005	S2	Urology Center Inc.	Urology Center	695 Empire Boulevard, Irondequoit, NY	694 EMPIRE BOULEVARD, ROCHESTER, NY	US	US
S1-62329201	S3-270245622	S3	Urology Center Inc.	Urology Inc. Center	695 Empire Boulevard, Irondequoit, NY	695 Empire Blvd, Irondequoit, New York	US	US
S1-62329201	S3-985598842	S3	Urology Center Inc.	Ur0logy Center  Inc.	695 Empire Boulevard, Irondequoit, NY	695 Empire Boulevard, Rochester, New York	US	US
S1-338840619	S2-844460747	S2	Quartz, LLC	[LLC] Quartz,	602 723, Bldg Residence, Crittenden County, KY	##602 723, <NULL>, CRITTENDEN COUNTY, KY	US	US
S1-338840619	S2-122455982	S2	Quartz, LLC	The Quartz, LLC	602 723, Bldg Residence, Crittenden County, KY	594 723, KY, CRITTENDEN COUNTY	US	US
S1-338840619	S2-624410308	S2	Quartz, LLC	LLC QUIATRZ,	602 723, Bldg Residence, Crittenden County, KY	594 723, CRITTENDEN COUNTY, KY	US	US
S1-338840619	S2-711927056	S2	Quartz, LLC	Quartz, LLC Enterprises	602 723, Bldg Residence, Crittenden County, KY		US	US
S1-986863583	S2-628332690	S2	Caldeon Duke Inc	CALDEON DUKE INC - 4010442962	8747 Santa Ridge Circle, Elk Grove, CA	8747 1/2 SANTA RIDGE CIR, ELK GROVE, CA	US	US
S1-986863583	S3-483372737	S3	Caldeon Duke Inc	Caldeon Inc Center	8747 Santa Ridge Circle, Elk Grove, CA	Santa Ridge Circle, Elk Grove, California	US	US
S1-836401682	S2-809341928	S2	Express Aerospace Associates Inc.	Express Áerospace Associates Inc.	107 Beaver Creek Drive, Portland, TN	107-B BEAVER CREEK DR, PORTLAND, TN	US	US
S1-998949892	S2-195061490	S2	Pam Mendez Alpha Inc	pámmendezalpha.com	8755 16 Avenue, Brooklyn, NY	BROOKLYN, 8755 16 AVE, NY	US	US
S1-998949892	S3-239471050	S3	Pam Mendez Alpha Inc	Pam Mendez Inc Partners	8755 16 Avenue, Brooklyn, NY	8755d 16 Avenue, Brooklyn, New York	US	US
S1-998949892	S3-444033019	S3	Pam Mendez Alpha Inc	mendez, pam alpha inc	8755 16 Avenue, Brooklyn, NY	8755d 16 Avenue, Brooklyn, New York	US	US
S1-684505968	S3-300894176	S3	Namaskar & Co Company	Naadkar & Co Company #60371	B 70/51, Keshav Puram, Delhi, North West Delhi, Delhi	B A-70/51, North West Delhi, Delhi, DL	India	India
S1-181306265	S3-540069320	S3	Continental Industrial Works Clinic	continentalindustrialworks.com	7703 Prairie View Road, Kansas City, MO	7703 Prairie View Rd, Kansas City, Missouri	US	US
S1-121839562	S2-502898971	S2	Horizon Wholesale Labs LLC	HORIZON WHOLESALE - 5157139909	OH, 7495 Lauren J Drive, Mentor	7495 LAUREN J DRIVE, MENTOR, OH	US	US
S1-399242844	S3-987244850	S3	Jindal (India) Kiran	Jindal (Índia) Kiran	Raikva 3A, Rammohan Mallick Garden Lane, P.O. Beliaghata, Kolkata, Howrah, West Bengal	Raikva 3A, Rammohan Mallick Garden Lane, P.o. Beliaghata, Sahebganj, Howrah, WB	India	India
S1-327553650	S2-410290055	S2	Urban Ice Cream	URBAN ICE CREAM CORP	322 Woodhills Boulevard, West Carrollton, OH	322 WOODHILLS BLVD, WEST CARROLLTON, OH	US	US
S1-739032625	S2-739252450	S2	Cardillo Tri-State Fashion, LLC	Vantagetavonovi	1632 California Avenue, Salt Lake City, UT	1632 CALIFORNIA AVE, PO BOX 5223, SALT LAKE CITY, UT	US	US
S1-935703127	S2-351235736	S2	Hartman & Hoang LLC	The Hartman and Hoang LLC - 9659170206	2694 -C Ih 45, New Waverly, TX	2694 -C-2698 IH 45, NEW WAVERLY, TX	US	US
S1-356319224	S2-577061900	S2	Womens Health Care	womenshealthcare.com	32 Lexington Avenue, Unit 1, Somerville, MA	32 LEXINGTON AVE, SOMERVILLE, MA	US	US
S1-356319224	S2-714702079	S2	Womens Health Care	Womens Care Services	32 Lexington Avenue, Unit 1, Somerville, MA	32 LEXINGTON AVE, SOMERVILLE, MA	US	US
S1-356319224	S3-884878054	S3	Womens Health Care	Womens Hcmaiet Care	32 Lexington Avenue, Unit 1, Somerville, MA	Lexington Avenue, null, Somerville, Massachusetts	US	US
S1-372903225	S2-126687988	S2	Elevate Professional Center	ELEVATE PROFESSIONAL CENTER CORP	74B, Lowther Road, Allahabad, Uttar Pradesh	D/74B, LOWTHER ROAD, ALLAHABAD, उत्तर प्रदेश	India	India
S1-372903225	S3-845582833	S3	Elevate Professional Center	Miraumbra	74B, Lowther Road, Allahabad, Uttar Pradesh	74B, Lowther Road, Kaushambi, Allahabad, उत्तर प्रदेश	India	India
S1-460833036	S2-217291038	S2	Fair Homeo Private Limited	FAIR HOMEO	Z-16 Office No.101 Akash Tower Mp Nagar Zone 1, Bhopal, Madhya Pradesh	H.NO 173 Z-16 OFFIEC NO.101 AKASH TOWER MP NAGAR ZONE 1, BHOPAL, Madhya Pradesh	India	India
S1-460833036	S2-824550377	S2	Fair Homeo Private Limited	Fair Heeo Private Limited	Z-16 Office No.101 Akash Tower Mp Nagar Zone 1, Bhopal, Madhya Pradesh	H.NO 173 Z-16 OFFICE NO.101 AKASH TOWER MP NAGAR ZONE 1, BHOPAL, Madhya Pradesh	India	India
S1-979860618	S2-404999258	S2	Family Center	Family Ceter	840 Norton Road, Berlin, CT	NORTON RD, BERRLIN, CT	US	US
S1-979860618	S2-142471392	S2	Family Center	Family Cénter	840 Norton Road, Berlin, CT	840 NORTON RD, BERRLIN, CT	US	US
S1-979860618	S2-61550131	S2	Family Center	family center	840 Norton Road, Berlin, CT	840 NORTON RD, BERRLIN, CT	US	US
S1-979860618	S3-57918248	S3	Family Center	Family Center	840 Norton Road, Berlin, CT	Connecticut, ##840 Norton Rd, Kensington	US	US
S1-548281154	S2-766510501	S2	Hoffman & Hardison Braemar Inc	#hoffman	8272 Brick Granary Road, DE, Lincoln	8272 BRICK GRANARY RD, LINCOLN, DE	US	US
S1-548281154	S2-590056246	S2	Hoffman & Hardison Braemar Inc	HOFFMAN & HARDISON BRAEMAR	8272 Brick Granary Road, DE, Lincoln	8272 BRICK GRANARY ROAD, LINCOLN, DE	US	US
S1-666876590	S2-185860935	S2	Ss Systems Limited	एसएस सिस्टम्स लिमिटेड	A-1, Malad (West), Mumbai, Maharashtra, 401, Rahul Apartment, Marve Road	A-3, 401, RAHUL APARTMENT, MARVE ROAD, MUMBAI, Maharashtra	India	India
S1-666876590	S2-409273	S2	Ss Systems Limited	SS  SYSTEMS	A-1, Malad (West), Mumbai, Maharashtra, 401, Rahul Apartment, Marve Road	A-3, 401, RAHUL APARTMENT, MARVE ROAD, MALAD (WEST), Maharashtra	India	India
S1-666876590	S2-975207252	S2	Ss Systems Limited	एसएस सिस्टम्स लिमिटेड	A-1, Malad (West), Mumbai, Maharashtra, 401, Rahul Apartment, Marve Road	A-3, 401, RAHUL APARTMENT, MARVE ROAD, MUMBAI SUBURBAN, MALAD (WEST), महाराष्ट्र	India	India
S1-263994317	S2-824812354	S2	Trusted Apex International LLC	TRUSTED APEX LLC CENTER	12340 Walker Place, Waldorf, MD	12340 WALKER PACE, WALDORF, MD	US	US
S1-509283665	S2-632563050	S2	Bay Pinnacle Horizon LP	Bay Pinnacle	2450 County Road 022, TX, Jasper	COUNTY ROAD 022, JASPER, TX	US	US
S1-512288351	S2-123887941	S2	Arambagh Crm Private Limited	ARAMBAGH CRM	West Bengal, W/N 5, Rabindrapally, Opposite Electric Supply Office, Hooghly, Arambagh	W/N 1, RABINDRAPALLY, OPPOSITE ELECTRIC SUPPLY OFFICE, ARAMBAGH, West Bengal	India	India
S1-771350895	S2-991542472	S2	Eastern Projects Limited	ஈஸ்டர்ன் புராஜெக்ட்ஸ் லிமிடெட்	S-2, Kurinchi 66 New Avadi Road, Chennai, Tamil Nadu	S-02, KURINCHI 66 NEW AVADI ROAD, CHENNAI, Tamil Nadu	India	India
S1-771350895	S2-617883903	S2	Eastern Projects Limited	ஈஸ்டர்ன் புராஜெக்ட்ஸ் லிமிடெட்	S-2, Kurinchi 66 New Avadi Road, Chennai, Tamil Nadu	S-02, KURINCHI 66 NEW AVADI ROAD, CHENNAI, Tamil Nadu	India	India
S1-771350895	S2-908584569	S2	Eastern Projects Limited	EASTERN  PROJECTS	S-2, Kurinchi 66 New Avadi Road, Chennai, Tamil Nadu	S-02, KURINCHI 66 NEW AVADI ROAD, CHENNAI, Tamil Nadu	India	India
S1-6504827	S2-836397520	S2	WOG Merger LLC	wogmerger.com	2196 Thornwood Lane, Memphis, TN	2196 THORNWOOD LN, MEMPHIS, TN	US	US
S1-6504827	S3-305588707	S3	WOG Merger LLC	WOG Mreger LLC	2196 Thornwood Lane, Memphis, TN	2196-B Thornwood Lane, Memphis, Tennessee	US	US
S1-666435696	S2-412678653	S2	Apex Pinnacle Music Group	DREXZEPH	NC, Albemarle, 29569 Forrest Road	FORREST RD, ALBEMARLE, NC	US	US
S1-666435696	S3-488091856	S3	Apex Pinnacle Music Group	Apex Pinnacle Msuaic-Group	NC, Albemarle, 29569 Forrest Road	029569 Forrest Road, Albemarle, North Carolina	US	US
S1-666435696	S3-574918654	S3	Apex Pinnacle Music Group	Apex Pinnacle Music	NC, Albemarle, 29569 Forrest Road	029569 Forrest Road, Albemarle, North Carolina	US	US
S1-666435696	S3-427834989	S3	Apex Pinnacle Music Group	Apex Music Music Group Services	NC, Albemarle, 29569 Forrest Road	Forrest Road, Albemarle, North Carolina	US	US
S1-501296085	S2-604608859	S2	Valley & Co	Mr Valley + Co.	Flat No 33 B, Udaygiri 1St, Sector 34, Uttar Pradesh, Gautam Buddha Nagar, Noida	FLAT NO 33 B, UDAYGIRI 1ST, SECTOR 34, NOIDA, उत्तर प्रदेश	India	India
S1-501296085	S3-406930359	S3	Valley & Co	Valley & &	Flat No 33 B, Udaygiri 1St, Sector 34, Uttar Pradesh, Gautam Buddha Nagar, Noida	Flat No D/33 B, Udaygiri 1St, Sector 34, Noida, Gautam Buddha Nagar, UP	India	India
S1-501296085	S3-328999650	S3	Valley & Co	CO & VALLEY	Flat No 33 B, Udaygiri 1St, Sector 34, Uttar Pradesh, Gautam Buddha Nagar, Noida	Flta No D/33 B, Noida, Gautam Buddha Nagar, UP	India	India
S1-576857452	S2-282093815	S2	Urban Investment Private Limited	अर्बन इन्वेस्टमेंट प्राइवेट लिमिटेड	709, 7Th Flr, Kosha Kommercial Komplex, Malad East, Mumbai, Maharashtra	709, 7TH FLR, KOSHA KOMMERCIAL KOMPLEX, MUMBAI II, MUMBAI, Maharashtra	India	India
S1-576857452	S2-51849291	S2	Urban Investment Private Limited	Urban Private Limited Center	709, 7Th Flr, Kosha Kommercial Komplex, Malad East, Mumbai, Maharashtra	709-, 7TH FLR, KOSHA KOMMERCIAL KOMPLEX, MALAD EAST, महाराष्ट्र	India	India
S1-576857452	S2-589475646	S2	Urban Investment Private Limited	URBAN INVESTMENT  PRIVAFTE LIMITED	709, 7Th Flr, Kosha Kommercial Komplex, Malad East, Mumbai, Maharashtra	709-, 7TH FLR, KOSHA KOMMERCIAL KOMPLEX, MALAD EAST, Maharashtra	India	India
S1-576857452	S3-534158896	S3	Urban Investment Private Limited	Private Urban Inesmmeit Limited	709, 7Th Flr, Kosha Kommercial Komplex, Malad East, Mumbai, Maharashtra	62 709, 7Th Flr, Kosha Kommercial Komplex, Malad East, Mumbai, MH	India	India
S1-850983521	S2-692305740	S2	Certified Network Partners LLC	Certified Ntewotrk Partners LLC	121 Summit Street, Baileyville, ME		US	US
S1-850983521	S3-992529128	S3	Certified Network Partners LLC	Certified Network	121 Summit Street, Baileyville, ME	121 Summit St, PO Box 4554, Baileyville, Maine	US	US
S1-1727907	S2-854809941	S2	Sun Hospitality Pvt Ltd	सन हॉस्पिटैलिटी प्रा. लि.	8 Mamta Kutir Mahakali Road Andheri (East), Mumbai City, Mumbai, Maharashtra	8 MAMTA KUTIR MAHAKALI ROAD ANDHERI (EAST), महाराष्ट्र, MUMBAI	India	India
S1-1727907	S2-925540841	S2	Sun Hospitality Pvt Ltd	Pvt Sun Hóspitality Ltd	8 Mamta Kutir Mahakali Road Andheri (East), Mumbai City, Mumbai, Maharashtra	8 MAMTA KUTIR MAHAKALI RAD ANDHERI (EAST), MUMBAI CITY, MUMBAI (SUBURBAN), Maharashtra	India	India
S1-1727907	S2-213722067	S2	Sun Hospitality Pvt Ltd	सन हॉस्पिटैलिटी प्रा. लि.	8 Mamta Kutir Mahakali Road Andheri (East), Mumbai City, Mumbai, Maharashtra	Maharashtra, MUMBAI (SUBURBAN), MUMBAI CITY, DOOR NO 8 MAMTA KUTIR MAHAKALI ROAD ANDHERI (EAST)	India	India
S1-170960991	S2-674061727	S2	Maanya & Co Center	MAANYACENTER.COM	Mr. Vishun Dayal, Flat No. 91 Pkt B2 Lok Nayak Puram, Mundka Near Ashram, Delhi, West Delhi, Delhi	NO 760 MR. VISHUN DAYAL, FLAT NO. 91 PKT B2 LOK NAYAK PURAM, MUNDKA NEAR ASHRAM, DELHI, दिल्ली	India	India
S1-170960991	S2-254893866	S2	Maanya & Co Center	Maanya & Co Cenbse	Mr. Vishun Dayal, Flat No. 91 Pkt B2 Lok Nayak Puram, Mundka Near Ashram, Delhi, West Delhi, Delhi	DOOR NO 760 MR. VISHUN DAYAL, FLAT NO. 91 PKT B2 LOK NAYAK PURAM, MUNDKA NEAR ASHRAM, DELHI, Delhi	India	India
S1-170960991	S3-508229742	S3	Maanya & Co Center	Maanya & Co Cénter	Mr. Vishun Dayal, Flat No. 91 Pkt B2 Lok Nayak Puram, Mundka Near Ashram, Delhi, West Delhi, Delhi	Hn 824 Mr. Vishun Dayal, Delhi, DL	India	India
S1-170960991	S3-607336054	S3	Maanya & Co Center	Maanya &	Mr. Vishun Dayal, Flat No. 91 Pkt B2 Lok Nayak Puram, Mundka Near Ashram, Delhi, West Delhi, Delhi	Hn 824 Mr. Vishun Dayal, Delhi, DL	India	India
S1-900945148	S2-83663810	S2	Mcbride Nippon	Mcbride Services	2509 Admiral Court, Tulsa, OK	ADMIRAL COURT, TULSA, OK	US	US
S1-900945148	S3-31871268	S3	Mcbride Nippon	Mcbride Service	2509 Admiral Court, Tulsa, OK	Admiral Court, Tulsa, Oklahoma	US	US
S1-900945148	S3-736977681	S3	Mcbride Nippon	*** Mcbride Níppon	2509 Admiral Court, Tulsa, OK	2509 Admiral Court, Tulsa, Oklahoma	US	US
S1-620608935	S2-830502695	S2	Urban Bistro PLLC	Urban Bistr0 PLLC Services	8560 9, Lewis, NY		US	US
S1-754570857	S3-328414962	S3	Stanley Elite Newhold Inc	Stanley Elite Nhwold Inc	11705 Winter Park Terrace, Fl 0, Beaverton, OR	1705 Winter Park Terrace, Fl 0, Portland, Oregon	US	US
S1-754570857	S3-498973708	S3	Stanley Elite Newhold Inc	Stanley Elite	11705 Winter Park Terrace, Fl 0, Beaverton, OR	1705 Winter Park Terrace, Fl. 0, Portland, Oregon	US	US
S1-440023753	S3-970385735	S3	Brown Complete Coca LLC	br0wncompletecoca.com	3580 Jackson Avenue, Ogden City, UT	3580 Jackson Ave, Ogden, Utah	US	US
S1-440023753	S3-53438457	S3	Brown Complete Coca LLC	Brown Cgomplete Coca LLC	3580 Jackson Avenue, Ogden City, UT	3580 Jackson Ave, Ogden, Utah	US	US
S1-874041790	S2-777944713	S2	Aggarsain Innovations Private Limited	M/s AGGARSAIN INNOVATIONS PRIVATE LIMITED	Gf, Ward No-31, Aghoriya Bazar Chowk Po-Ramna, Ps-Kazimohammadpur, Muzaffarpur, Bihar	GF, WARD NO-31, AGHORIYA BAZAR CHOWK PO-RAMNA, PS-KAZIMOHAMMADPUR, MUZAFFARPUR, बिहार	India	India
S1-451116961	S3-188017952	S3	Satecex Painting LLC	Satecexpainting.Com	7742 30th Avenue, Seattle, WA	Seattle, Washington, 30th Avenue	US	US
S1-366329737	S2-23560385	S2	Silver Constructions LLP	सिल्वर कंस्ट्रक्शंस एलएलपी	101 Cts No, 917/18 F P No, Near British Library, Pune City, Pune, Maharashtra	#101 CTS NO, PUNE CITY, PUNE, Maharashtra	India	India
S1-366329737	S3-21765103	S3	Silver Constructions LLP	सिल्वर कंस्ट्रक्शंस एलएलपी	101 Cts No, 917/18 F P No, Near British Library, Pune City, Pune, Maharashtra	Door No 101 Cts No, 917/18 F P No, Near British Library, Pune City, Pune, MH	India	India
S1-143671838	S3-255543002	S3	Svs Lal LLP	5vs Lal	Pune, Plaza, Sn -27 (Pt) Plot-3, Pune City, Maharashtra, Office No 612 Clover Hill	Office No 612 Clover Hill, Plaza, Sn -27 (Pt) Plot-3, Pune City, Pune, MH	India	India
S1-358447941	S3-29299865	S3	6-Star	6star.com	1304 105th Place, Unit 1004, Mesa, AZ	1304 105th Place, Mesa Four Peaks, Arizona	US	US
S1-596007326	S2-347285845	S2	Best Lakshmi Power Private Limited	बेस्ट लक्ष्मी पावर प्राइवेट लिमिटेड	A/203, Sunrise Plaza, Kasturi Garden, Ssm Road, Behind Maxus Mall, Bhayander W, Est, Bhayander, Thane, Maharashtra	A/203, SUNRISE PLAZA, KASTURI GARDEN, SSM ROAD, BEHIND MAXUS MALL, BHAYANDER W, EST, THANE, BHAYANDER, महाराष्ट्र	India	India
S1-596007326	S2-207940221	S2	Best Lakshmi Power Private Limited	बेस्ट लक्ष्मी पावर प्राइवेट लिमिटेड	A/203, Sunrise Plaza, Kasturi Garden, Ssm Road, Behind Maxus Mall, Bhayander W, Est, Bhayander, Thane, Maharashtra	THANE, SUNRISE PLAZA, KASTURI GARDEN, SSM ROAD, BEHIND MAXUS MALL, BHAYANDER W, EST, महाराष्ट्र, A/203, BHAYANDER	India	India
S1-596007326	S2-947816102	S2	Best Lakshmi Power Private Limited	Best-Lskcshmi Power Private Limited	A/203, Sunrise Plaza, Kasturi Garden, Ssm Road, Behind Maxus Mall, Bhayander W, Est, Bhayander, Thane, Maharashtra	A/203, SUNRISE PLAZA, KASTURI GARDEN, SSM ROAD, BEHIND MAXUS MALL, BHAYANDER W, EST, BHAYANDER, Maharashtra	India	India
S1-596007326	S3-382370282	S3	Best Lakshmi Power Private Limited	बेस्ट लक्ष्मी पावर प्राइवेट लिमिटेड	A/203, Sunrise Plaza, Kasturi Garden, Ssm Road, Behind Maxus Mall, Bhayander W, Est, Bhayander, Thane, Maharashtra	A/d/203, Sunrise Plaza, Kasturi Garden, Ssm Road, Behind Maxus Mall, Bhayander W, Est, Bhayander, Mumbai, MH	India	India
S1-238511000	S2-502477757	S2	Miller, Cathers & Silverman	... MILLER, CATHERS + SILVERMAN CORP	Woodburn, 4502 Center Street, IN	4502 CENTER ST, WOODBRN, IN	US	US
S1-238511000	S2-79286704	S2	Miller, Cathers & Silverman	MILLER, CATHERS &-SILVERMAN CORP	Woodburn, 4502 Center Street, IN	4502 CENTER ST, WOODBRN, IN	US	US
S1-238511000	S2-180821527	S2	Miller, Cathers & Silverman	Miller, Cathers	Woodburn, 4502 Center Street, IN	4502 CENTER ST, WOODBRN, IN	US	US
S1-609653903	S2-869562065	S2	Global Committee	Global Services	441 Evergreen Street, Fl 1, Chandler, AZ	441 EVERGREEN STREET, CHANDLRE, AZ	US	US
S1-872302647	S2-951619159	S2	Lucky Pilates Inc	Lucky Pirlates Inc	321 21st Street, Unit C, Newark, OH	321 Twenty First St, NEWARK, OH	US	US
S1-872302647	S3-56614947	S3	Lucky Pilates Inc	Lucky Inc Pi1ates	321 21st Street, Unit C, Newark, OH		US	US
S1-872302647	S3-589378521	S3	Lucky Pilates Inc	Lucky Pilales Inc	321 21st Street, Unit C, Newark, OH	null, Newark, Ohio, 321 21st Street	US	US
S1-324674388	S2-902329766	S2	Classic Park LLC	Classic LLC Center	5445 Desert Hills Drive, Glendale, AZ	5447 DESERT HILLS DR, GLENDALE, AZ	US	US
S1-324674388	S3-577061638	S3	Classic Park LLC	Classic Pdrk  LLC	5445 Desert Hills Drive, Glendale, AZ	5445 Desert Hills Dr, Glendale, Arizona	US	US
S1-656987935	S2-943844849	S2	Salley Clear Chemical, LLC	Salley Clear	27060 Petes Hill Trail, Elko New Market, MN	27070-27074 PETES HILL TRL, ELKO NEW MARKET, MN	US	US
S1-656987935	S2-166612865	S2	Salley Clear Chemical, LLC	SALLEY CLEAR	27060 Petes Hill Trail, Elko New Market, MN	ELKO NEW MARKET, MN, 2706 PETES HILL TRAIL	US	US
S1-656987935	S3-699487787	S3	Salley Clear Chemical, LLC	salleyclearchemical.com	27060 Petes Hill Trail, Elko New Market, MN	##27061 Petes Hill Trl, Elko New Market, Minnesota	US	US
S1-305440895	S2-793023011	S2	No Nursing Home	No Nursing Hóme	32, Vill. Bania Bigha, Tola Bania Bigha Panch-Amara, Panchyat, Block Arwal, Arwal, Bihar	32., VILL. BANIA BIGHA, TOLA BANIA BIGHA PANCH-MARA, PANCHYAT, BLOCK ARWAL, Bihar	India	India
S1-305440895	S2-594436200	S2	No Nursing Home	No Home Nursing	32, Vill. Bania Bigha, Tola Bania Bigha Panch-Amara, Panchyat, Block Arwal, Arwal, Bihar	32., VILL. BANIA BIGHA, TOLA BANIA BIGHA PANCH-AMARA, PANCHYAT, BLOCK ARWAL, Bihar	India	India
S1-305440895	S3-210855008	S3	No Nursing Home	No Nursing Home Co	32, Vill. Bania Bigha, Tola Bania Bigha Panch-Amara, Panchyat, Block Arwal, Arwal, Bihar	32, Block Arwal, Arwal, BR	India	India
S1-305440895	S3-292471555	S3	No Nursing Home	No  Nursing	32, Vill. Bania Bigha, Tola Bania Bigha Panch-Amara, Panchyat, Block Arwal, Arwal, Bihar	32, Block Arwal, Arwal, बिहार	India	India
S1-305440895	S3-547827089	S3	No Nursing Home	No  Nursing Service	32, Vill. Bania Bigha, Tola Bania Bigha Panch-Amara, Panchyat, Block Arwal, Arwal, Bihar	32, Arwal, Block Arwal, BR	India	India
S1-72252837	S2-860345985	S2	Upper Strategic Navios Inc.	UPPER STRATEGIC NVGCS INC.	3915 Shane Court, Denison, TX	3915 SHANE CT, DENISON, TX	US	US
S1-882796400	S2-499412885	S2	Helpful General Private Limited	Smt HELPFUL GÉNERAL PRIVATE LIMITED	2803, Redwood, Runwal Greens, Mulund-Goregaon Link Road, Bhandup West, Mumbai, Mumbai City, Maharashtra	2803, REDWOOD, RUNWAL GREENS, MULUND-GOREGAON LINK ROAD, BHANDUP WEST, MUMBAI, महाराष्ट्र	India	India
S1-670025586	S3-154922964	S3	Inox Management Private Limited	Pmtiate Inox Management Limited	14, Hamam Street, Fort, Mumbai, Maharashtra	MH, Mumbai, Mumbai Metro, 1-4, Hamam Street	India	India
S1-670025586	S3-346306473	S3	Inox Management Private Limited	Inox Management Pifvtae Limited	14, Hamam Street, Fort, Mumbai, Maharashtra	1-4, Mumbai, Greater Bombay, महाराष्ट्र	India	India
S1-472232440	S2-995936729	S2	Ramos and Benham Fusion	Ramos and Benham	Burrell, PA, 378 Devinney Hollow Road	378-380 DEVINNEY HOLLOW ROAD, BURRELL, PA	US	US
S1-472232440	S2-916177096	S2	Ramos and Benham Fusion	Ramos and Benham	Burrell, PA, 378 Devinney Hollow Road		US	US
S1-472232440	S3-614462819	S3	Ramos and Benham Fusion	Ramos And Beahm [Fusion]	Burrell, PA, 378 Devinney Hollow Road	Pennsylvania, Burrell, 378 Devinney Hollow Road	US	US
S1-199433633	S2-60950650	S2	Emanuel, Archer & Scott Inc	Scott Emanue1 Archer & Inc	301 Rumely, La Porte, IN	LA PORTE, IN, 0301 RUMELY	US	US
S1-418423816	S2-102566911	S2	Barnes, Campbell & Hillman Guaranty Inc.	Barnes, Campbell & Hillman Gúaranty Inc.	35 Madison Avenue, Unit Apartment 1C, Spring Valley, NY	35 MADISON AVENUE, SPRING VALLEY, NY	US	US
S1-418423816	S2-244371989	S2	Barnes, Campbell & Hillman Guaranty Inc.	BARNES, CAMPBELL AND HIHMTLLN GUARANTY INC.	35 Madison Avenue, Unit Apartment 1C, Spring Valley, NY	35 MADISON AVE, SPRING VALLEY, NY	US	US
S1-895337107	S3-50809795	S3	Belicia's Jewelers	Be1icia's Jewelers	2590 Twin Landing Cove, Fl 0, Annapolis, MD	Annpolis, Fl. 0, 2590 Twin Landing Cove, Maryland	US	US
S1-56629354	S2-592774385	S2	Classic Engineering Pvt Ltd	క్లాసిక్ ఇంజనీరింగ్ ప్రైవేట్ లిమిటెడ్	7-2-C-14, Industrial Estate, Sanath Nagar, Balanagar, Hyderabad, Telangana	తెలంగాణ, RANGA REDDY, HYDERABAD, B3/7-2-C-14	India	India
S1-56629354	S3-214270764	S3	Classic Engineering Pvt Ltd	Classic  Engneelng Pvt Ltd	7-2-C-14, Industrial Estate, Sanath Nagar, Balanagar, Hyderabad, Telangana	7-2-C-14, Hyderabad, Balanagar, Andhra Pradesh	India	India
S1-56629354	S3-573253818	S3	Classic Engineering Pvt Ltd	Classic Pvt Ltd Services	7-2-C-14, Industrial Estate, Sanath Nagar, Balanagar, Hyderabad, Telangana	7-2-C-14, Industrial Estate, Sanath Nagar, Hyderabad, Andhra Pradesh	India	India
S1-423126373	S2-272413498	S2	Purva Brothers Private Limited	Limited Purva Brothers Center	C-101 Bhukant Vihar, Awho Lda Colony, Lucknow, Uttar Pradesh	C-101 BHUKANT VIHAR, AWHO LDA COLONY, MAHARAJGANJ, LUCKNOW, Uttar Pradesh	India	India
S1-140882270	S2-626455595	S2	Prairie Bumrungrad LLC	Prairie Búmrungrad-LLC	3736 Everett Street, Lincoln, NE	373 EVERETT ST, LINCOLN, NE	US	US
S1-618570184	S2-136216991	S2	Advanced Barings	Advanced Baaidnsg	107 Margin Street, Orono, ME		US	US
S1-552720726	S2-524158368	S2	ZX Chit Private Limited	Pae ZX Chit Limited	50/1112, D11 2Nd Floor, Muhammad Haji Building Station Junction, Edappally P.O, Kochi, Ernakulam, Kerala	A-50/1112, N/A, KOCHI, Kerala	India	India
S1-552720726	S3-772001157	S3	ZX Chit Private Limited	ZX Private Limited Services	50/1112, D11 2Nd Floor, Muhammad Haji Building Station Junction, Edappally P.O, Kochi, Ernakulam, Kerala	D11 2Nd Floor, Muhammad Haji Building Station Junction, Edappally P.o, Kochi, 0/1112, കേരളം, Kerlala	India	India
S1-791155002	S3-492786088	S3	Body Trust	Body Center	3Rd Floor-B Wing, Simple Co-Op.Hsg Soc, Ramwadi, Manpada Road, B-36, Thane, Dombivali (East), Maharashtra	B-c-36, 3Rd Floor-b Wing, Simple Co-op.hsg Soc, Ramwadi, Manpada Road, Greater Bombay, Thane, MH	India	India
S1-830412925	S2-143411964	S2	Montyn Truist Inc	Montyn  Tarugist Inc	11053 Renfield Avenue, Mesa, AZ	1105 RENFIELD AVE, MESA, AZ	US	US
S1-830412925	S2-658508648	S2	Montyn Truist Inc	Montyn Inc Center	11053 Renfield Avenue, Mesa, AZ	1105 RENFIELD AVENUE, MESA, AZ	US	US
S1-830412925	S3-213725804	S3	Montyn Truist Inc	Montyn Inc Center	11053 Renfield Avenue, Mesa, AZ	11053 Renfield Avenue, Mesa Four Peaks, Arizona	US	US
S1-830412925	S3-838786995	S3	Montyn Truist Inc	Montyn-Trbhit Inc	11053 Renfield Avenue, Mesa, AZ	Renfield Avenue, Mesa, Arizona	US	US
S1-830412925	S3-751123762	S3	Montyn Truist Inc	Montyn Trusinst  Inc	11053 Renfield Avenue, Mesa, AZ	11053 Renfield Ave, Mesa, Arizona	US	US
S1-987994833	S3-878747011	S3	Muskan India Limited	Muskan Limited Services	S F Shop 2, Vaidehi Shine, Near Suraj 48, Gandhinagar, Gandhi Nagar, Gujarat	S F Shop ##2, Gandhinagar, Gandhi Nagar, GJ, Vaidehi Shine, Near Suraj 48	India	India
S1-706856946	S3-372592651	S3	Safe Vanguard Properties LLC	safevanguardproperties.com	488 Lakeside Drive, Latonia Ky, KY	488 Lakeside Dr, Latonia Ky, Kentucky	US	US
S1-706856946	S3-48972403	S3	Safe Vanguard Properties LLC	Safe Vanguard LLC Services	488 Lakeside Drive, Latonia Ky, KY	488 Lakeside Dr, PO Box 9683, Latonia Ky, Kentucky	US	US
S1-513223898	S3-930130955	S3	Black Logistics Private Limited	Private Black Lógistics Limited	J-1985 F/F, C.R. Park New Delhi, Delhi, South Delhi, Delhi	J-1985 F/f, South Delhi, <NULL>, DL	India	India
S1-513223898	S3-265928280	S3	Black Logistics Private Limited	ब्लैक लॉजिस्टिक्स प्राइवेट लिमिटेड	J-1985 F/F, C.R. Park New Delhi, Delhi, South Delhi, Delhi	J-1985 F/f, Delhi, <NULL>, DL	India	India
S1-513223898	S3-150688106	S3	Black Logistics Private Limited	Black Logists Private Limited	J-1985 F/F, C.R. Park New Delhi, Delhi, South Delhi, Delhi	J-1985 F/f, C.r. Park New Delhi, Delhi, <NULL>, DL	India	India
S1-513223898	S3-54391080	S3	Black Logistics Private Limited	ब्लैक लॉजिस्टिक्स प्राइवेट लिमिटेड	J-1985 F/F, C.R. Park New Delhi, Delhi, South Delhi, Delhi	J-1985 F/f, Delhi, <NULL>, DL	India	India
S1-530687623	S2-805066778	S2	Dermatology Center	DERMATOLOGY-CANOHTTER	288 Mistletoe Lane, Vincent, AL	AL, PO BOX 1622, 288 MISTLTOE LN, VINCENT	US	US
S1-530687623	S3-590996965	S3	Dermatology Center	Dermatology  Center	288 Mistletoe Lane, Vincent, AL	288 Mistletoe Lane, Vincent, Alabama	US	US
S1-530687623	S3-558165008	S3	Dermatology Center	Dermatology Center Corp	288 Mistletoe Lane, Vincent, AL	288 Mistletoe Lane, Vincent, Alabama	US	US
S1-102881886	S3-673002177	S3	Saugerties, Township Of Inc.	Ectoriza	3185 9W, Saugerties, NY	9W, New York, Saugerties	US	US
S1-73734420	S2-138659249	S2	Garner Ngl Inc	Gatrnr Ngl Inc	787 Haskins Road, Gallipolis, OH	787-C HASKINS RD, GALLIPOLIS, OH	US	US
S1-418655393	S2-858604147	S2	Wright Solid PLLC	wrightsolid.com	328 Union Place, City Of Manitowoc, WI	328 UNION PLACE, WI, CITY OF MANITOWOC	US	US
S1-418655393	S3-828964659	S3	Wright Solid PLLC	wrightsolid.com	328 Union Place, City Of Manitowoc, WI	328 Union Place, Manitowoc, Wisconsin	US	US
S1-621488405	S3-885329267	S3	Him Consultancy Limited	Him  Conlultncy Limited	8, Ramban Co. Op. Hsg. Soc., S. No. 252/2-3, Baner Opp. Aundh Telephone Exchange, Pune, Maharashtra	8, Ramban Co. Op. Hsg. Soc., S. No. 252/2-3, Pune, Baner Opp. Aundh Telephone Exchange, MH	India	India
S1-228678189	S2-163859376	S2	Innovative Investments Private Limited	ഇന്നൊവേറ്റീവ് ഇൻവെസ്റ്റ്മെന്റ്സ് പ്രൈവറ്റ് ലിമിറ്റഡ്	Puthuppallil House, Koorali P O, Elamgulam, Kottayam, Kerala	PUTHUPPALLIL HOUSE, KOTTAYAM, Keralam	India	India
S1-228678189	S2-497426027	S2	Innovative Investments Private Limited	Innovative Private Limited Center	Puthuppallil House, Koorali P O, Elamgulam, Kottayam, Kerala	PUTHUPPALLIL HOUSE, KOORALI P O, ELAMGULAM, KOTTAYAM, Keralam	India	India
S1-572730139	S2-339106673	S2	Kraft, Jobina, CPA Care	KRAFTJOBINACPA.COM	512 Colvard Woods, NC, Durham	512-516 COLVARD WOODS, DURHAM, NC	US	US
S1-354336647	S2-665838512	S2	Green Solutions LLP	ગ્રીન સોલ્યુશન્સ એલએલપી	C2Hiramanek Soc Nr Sharda, Petrol Pump Chandkheda, Ahmedabad, Gujarat	DOOR NO 347 C2HIRAMANEK SOC NR SHARDA, AHMEDABAD, Gujarat	India	India
S1-930644837	S2-903326793	S2	Dynamic International Private Limited	డైనమిక్ ఇంటర్నేషనల్ ప్రైవేట్ లిమిటెడ్	H No 96/3-35-155-C, Near Raghavendra V Santosh Nagar, Kurnool, Andhra Pradesh	#96/3-35-155-C, NEAR RAGHAVENDRA V SANTOSH NAGAR, Andhra Pradesh, KURNOOL REGION, KURNOOL	India	India
S1-505869859	S3-882498611	S3	Invest Investments Pvt Ltd	Invest Imsemefs Pvt Ltd	Ff-104, Meera Mana Arcade, Beside Krupa Petrol Pump, Ellisbridge, Ahmedabad, Gujarat	Ff-1-104, Meera Mana Arcade, Beside Krupa Petrol Pump, Ellisbridge, Ahmedabad, ગુજરાત	India	India
S1-457615425	S2-926575050	S2	Shanks's Interstate Physical Therapy	Shanks's Interstate Pchscrl Therapy	6515 Belcrest Road, Unit 1416, Hyattsville, MD	BELCREST ROAD, HYATTSVILLE, MD	US	US
S1-457615425	S2-487358904	S2	Shanks's Interstate Physical Therapy	SHANKS'S PHYSICAL THERAPY CENTER	6515 Belcrest Road, Unit 1416, Hyattsville, MD		US	US
S1-359497386	S2-419048452	S2	Shakti Global	శక్తి గ్లోబల్	2-40-314/C Ambedkar Nagar, Balamrai, Gymkhana, Hyderabad, Telangana	#-40-314/C AMBEDKAR NAGAR, BALAMRAI, GYMKHANA, HYDERABAD, Telangana	India	India
S1-359497386	S3-828181965	S3	Shakti Global	శక్తి గ్లోబల్	2-40-314/C Ambedkar Nagar, Balamrai, Gymkhana, Hyderabad, Telangana	TG, Hyderabad, Ambedkar Nagar, NULL	India	India
S1-359497386	S3-347606257	S3	Shakti Global	శక్తి గ్లోబల్	2-40-314/C Ambedkar Nagar, Balamrai, Gymkhana, Hyderabad, Telangana	Ambedkar Nagar, NULL, Hyderabad, TG	India	India
S1-725482440	S2-897894809	S2	Guru International Private Limited	गुरु इंटरनेशनल प्राइवेट लिमिटेड	Plot No - D-13/5, 13/6 13/7 Ttc Indl Area Turbhe, Navi Mumbai, Thane, Maharashtra	PLOT 277 PLOT NO - D-13/5, THANE, NAVI MUMBAI, Maharashtra	India	India
S1-725482440	S2-656918430	S2	Guru International Private Limited	गुरु इंटरनेशनल प्राइवेट लिमिटेड	Plot No - D-13/5, 13/6 13/7 Ttc Indl Area Turbhe, Navi Mumbai, Thane, Maharashtra	THANE, PLOT 277 PLOT NO - D-13/5, Maharashtra, NAVI MUMBAI	India	India
S1-725482440	S2-447747530	S2	Guru International Private Limited	Guru lnternational [Private]	Plot No - D-13/5, 13/6 13/7 Ttc Indl Area Turbhe, Navi Mumbai, Thane, Maharashtra	PLOT 277 PLOT NO - D-13/5, 13/6 13/7 TTC INDL AREA TURBHE, NAVI MUMBAI, Maharashtra	India	India
S1-238012566	S3-473914768	S3	Baldwin Superior Farms LLC	Baldwin Superior Farms Llc | www.baldwinsu.com	5016 85, New Salem, ND	5016 85, New Salem, North Dakota	US	US
S1-238012566	S3-538256219	S3	Baldwin Superior Farms LLC	Baldwin Subperoir Farms LLC	5016 85, New Salem, ND	North Dakota, New Salem, 5016 85	US	US
S1-895409233	S3-996545243	S3	Elysia's Therapy Corp	Elysia's (Thérapy)	584 Christine Drive, Vacaville, CA	584 Christine Drive, Vacaville, California	US	US
S1-309101313	S2-749718941	S2	Uniglobe Properties Limited	uproperties.com	C/O-Suryadev Kumar, Patel Colony, Patna Sadar, Sampatchak, Patna, Bihar	PLOT 897 C/O-SURYADEV KUMAR, PATNA, SAMPATCHAK, बिहार	India	India
S1-222806068	S2-511922775	S2	Maa Products Private Limited	மா புராடக்ட்ஸ் பிரைவேட் லிமிடெட்	No.89, 2Nd Floor, Jr Plaza Cmc Road, Senjai, Karaikudi, Sivaganga, Tamil Nadu	DOOR NO 29, 2ND FLOOR, JR PLAZA CMC ROAD, SENJAI, KARAIKUDI, SIVAGANGA, Tamil Nadu	India	India
S1-222806068	S3-444743347	S3	Maa Products Private Limited	மா புராடக்ட்ஸ் பிரைவேட் லிமிடெட்	No.89, 2Nd Floor, Jr Plaza Cmc Road, Senjai, Karaikudi, Sivaganga, Tamil Nadu	2Nd Floor, Jr Plaza Cmc Road, Senjai, Karaikudi, Door No 89, TN, Sivaganga	India	India
S1-222806068	S3-661189176	S3	Maa Products Private Limited	Maa Products Private Limited Enterprises	No.89, 2Nd Floor, Jr Plaza Cmc Road, Senjai, Karaikudi, Sivaganga, Tamil Nadu		India	India
S1-206894799	S2-984757330	S2	Dynamic Exports Pvt Ltd	ಡೈನಾಮಿಕ್ ಎಕ್ಸ್‌ಪೋರ್ಟ್ಸ್ ಪ್ರೈವೇಟ್ ಲಿಮಿಟೆಡ್	#56, Saint Thomos School Road, Industrial Suburb, Vishweshwara Nagar, Mysore, Karnataka	#56, VISHWESHWARA NAGAR, MYSORE, ಕರ್ನಾಟಕ	India	India
S1-206894799	S3-611476936	S3	Dynamic Exports Pvt Ltd	Dynamic Exooceps Pvt Ltd	#56, Saint Thomos School Road, Industrial Suburb, Vishweshwara Nagar, Mysore, Karnataka	H.no 0056, Vishweshwara Nagar, Mysore, ಕರ್ನಾಟಕ	India	India
S1-973414824	S3-314185820	S3	Premier Minerals Inc	Premier Mdnffrlas Inc	34815 Schwalm Road, Kenai Peninsula Borough, AK	034815 Schwalm Rd, Soldotna, Alaska	US	US
S1-143265439	S2-44180583	S2	Drayex Armour	Drayex Amrgur	312 Derby Lane, Unit 202, Lexington, NC	212 DERBY LANE, LEXINGTON, NC	US	US
S1-143265439	S2-648730112	S2	Drayex Armour	Drayex Service	312 Derby Lane, Unit 202, Lexington, NC	212 DERBY LN, LEXINGTON, NC	US	US
S1-143265439	S3-104196677	S3	Drayex Armour	Drayex [Amrour]	312 Derby Lane, Unit 202, Lexington, NC	Derby Ln, Unit 202, Lexington, North Carolina	US	US
S1-151608539	S2-128512750	S2	Orchid Renewable Ltd	Smt BRIXUMBRABELO	House No.26-352, Kadavakollu Bhavanam, Bhuttaipeta, Near E.N.T Hospital, Machilipatanam, Krishna, Andhra Pradesh	Andhra Pradesh, HOUSE NO.26-352, KADAVAKOLLU BHAVANAM, BHUTTAIPETA, NEAR E.N.T HOSPITAL, KRISHNA, MACHILIPATANAM	India	India
S1-790771894	S2-368928087	S2	Nexnet Family Office LP	NEXNET OFFICE FAMILY LP	1330 Dale Avenue, Stephenville, TX	##1330 DALE AVE, STEPHENVILLE, TX	US	US
S1-680585243	S3-159422096	S3	National Platinum Qdro Inc	National Phtiatmm Qdro Inc	MO, 105 Azalea Street, Duenweg	105 Azalea St, Missouri, Duuenweg	US	US
S1-8000604	S3-398732743	S3	Mahuva Care Private Limited	Mahuva Cáre Private Limited	R.S.No.27/3/1/1, Mahuva Bhavnagar, Village Rohisa, Taluka Mahuva, Mahuva, Bhavnagar, Gujarat	R.s.no.27/3/1/1, Mahuva Bhavnagar, Village Rohisa, Taluka Mahuva, Mahuva, GJ	India	India
S1-384152983	S3-201876749	S3	Womens Health Specialists PLLC	Womens Harehl Specialists PLLC	215 View Street, Oreana, IL	215 View St, Oreana, Illinois	US	US
S1-772324975	S2-130819540	S2	Eadie Richards Ace Signs Inc	RICHARDS, EADIE ACE SIGNS [INC]	8323 Fordson Road, Henrico County, VA	8323 FORDSON ROAD, VA, HENRICO	US	US
S1-772324975	S3-977786755	S3	Eadie Richards Ace Signs Inc	eadierichardsacecom #91837	8323 Fordson Road, Henrico County, VA	8323a Fordson Road, Henrico County, Virginia	US	US
S1-110602510	S2-486730997	S2	Real Alpha Media Private Limited	रियल अल्फा मीडिया प्राइवेट लिमिटेड	House No C-262, Siddharth Nagar, Jaipur, Rajasthan	HOUSE NO C-262, JAIPUR, Rajasthan	India	India
S1-110602510	S3-967353699	S3	Real Alpha Media Private Limited	रियल अल्फा मीडिया प्राइवेट लिमिटेड	House No C-262, Siddharth Nagar, Jaipur, Rajasthan	Houe No C-262, Siddharth Nagar, Jaipur, RJ	India	India
S1-185338284	S2-235336303	S2	Aditya Sai Management Limited	ಆದಿತ್ಯ ಸಾಯಿ ಮ್ಯಾನೇಜ್‌ಮೆಂಟ್ ಲಿಮಿಟೆಡ್	Royal Space Bldg No, 154/20, 3Rd Flr, 5Th Main, Bangalore South, Bangalore, Karnataka	ROYAL SPACE BLDG NO, 154/20, 3RD FLR, 5TH MAIN, BANGALORE SOUTH, SARJAPURA, Karnataka	India	India
S1-626922669	S2-715038214	S2	Vineeta Hospital Pvt. Ltd.	Vineeta Hóspital [Pvt.]	5/504, Swami Samarth Darshan, Sant Sena Maharaj Marg, 2Nd Kumbharwada, Girgaon, Mumbai, Kolhapur, Maharashtra	महाराष्ट्र, #0747 5/504, SWAMI SAMARTH DARSHAN, SANT SENA MAHARAJ MARG, 2ND KUMBHARWADA, GIRGAON, MUMBAI	India	India
S1-626922669	S3-698068138	S3	Vineeta Hospital Pvt. Ltd.	Vineeta Pvt. Ltd. Service	5/504, Swami Samarth Darshan, Sant Sena Maharaj Marg, 2Nd Kumbharwada, Girgaon, Mumbai, Kolhapur, Maharashtra	05/504, Swami Samarth Darshan, Sant Sena Maharaj Marg, 2Nd Kumbharwada, Girgaon, Mumbai, Kolhapur, MH	India	India
S1-761286259	S2-381769614	S2	Rio Rancho Urgent Care Silver Center Partners	Rio Rancho  Urgent Care Silver Center	521 Soothing Meadows Drive, Rio Rancho, NM	521-A SOOTHING MEADOWS DR, RIO RANCHO, NM	US	US
S1-761286259	S2-962052600	S2	Rio Rancho Urgent Care Silver Center Partners	RIO RANCHO URGENT CARE SILVER CENTER PÁRTNERS	521 Soothing Meadows Drive, Rio Rancho, NM	SOOTHING MEADOWS DR, RIO RANCHO, NM	US	US
S1-761286259	S2-268075828	S2	Rio Rancho Urgent Care Silver Center Partners	Rio Rancho Urgent Care Silver Center Partners Ltd	521 Soothing Meadows Drive, Rio Rancho, NM	521-A SOOTHING MEADOWS DR, RIO RANCHO, NM	US	US
S1-761286259	S2-880644810	S2	Rio Rancho Urgent Care Silver Center Partners	RIORANCHOURGENT.COM	521 Soothing Meadows Drive, Rio Rancho, NM	521-A SOOTHING MEADOWS DRIVE, RIO RANCHO, NM	US	US
S1-981904067	S3-265456486	S3	DJ Blue LLC	DJ Ble LLC	14 Bemus Street, Lakewood, NY	14 Bemus St, Lakewood, New York	US	US
S1-202909837	S2-193023352	S2	Sevue Family Office Inc	Inc Sevue Family Óffice	Baltimore, MD, 2102 Patapsco Avenue	2102 PATAPSCO AVE, PO BOX 9248, BALTIMORE, MD	US	US
S1-202909837	S2-726265291	S2	Sevue Family Office Inc	Sevue Family	Baltimore, MD, 2102 Patapsco Avenue	2102 PATAPSCO AVENUE, PO BOX 9248, BALTIMORE, MD	US	US
S1-300116004	S2-454010697	S2	Shelton Graf Inc	sheltongraf.com	812 Whipporwill Road, Conroe, TX	812 WHIPPORWILL ROAD, PO BOX 3154, CONROE, TX	US	US
S1-300116004	S3-869624666	S3	Shelton Graf Inc	sheltongraf.com	812 Whipporwill Road, Conroe, TX	812 Whipporwill Road, Coroe, Texas	US	US
S1-84172548	S2-932045532	S2	Prime Food Private Limited	Mr primefood.com	No. 14, 13Th Cross, Gante S Gopal Building Opposite To Kandhya Bhavan, Cubbonpet, Bangalore, Karnataka	NO G-14 , 13TH CROSS, GANTE S GOPAL BUILDING OPPOSITE TO KANDHYA BHAVAN, CUBBONPET, BANGALORE, Karnataka	India	India
S1-84172548	S3-632715238	S3	Prime Food Private Limited	ಪ್ರೈಮ್ ಫುಡ್ ಪ್ರೈವೇಟ್ ಲಿಮಿಟೆಡ್	No. 14, 13Th Cross, Gante S Gopal Building Opposite To Kandhya Bhavan, Cubbonpet, Bangalore, Karnataka	No. ##14, Bangalore, KA	India	India
S1-237670057	S2-65371457	S2	Jay Foods Private Limited	जय फूड्स प्राइवेट लिमिटेड	C/O Sirajuddin Ansari, Mohanmundera, Bodarwar, Hata, Kushinagar, Uttar Pradesh	C/O SIRAJUDDIN ANSARI, MOHANMUNDERA, BODARWAR, KUSHINAGAR, HATA, Uttar Pradesh	India	India
S1-98065022	S3-698900166	S3	Care Consultants	careconsultants.com	Survey No. 29, Plot No. 2, B/H Navjivan Way Bridge, Himatnagar, Sabarkantha, Gujarat	29, Himatnagar, NULL, GJ	India	India
S1-98065022	S3-11307508	S3	Care Consultants	Care Service	Survey No. 29, Plot No. 2, B/H Navjivan Way Bridge, Himatnagar, Sabarkantha, Gujarat	Survey No. 29, Plot No. 2, B/h Navjivan Way Bridge, NULL, GJ	India	India
S1-795631320	S2-526762534	S2	Smart Trading Private Limited	ಸ್ಮಾರ್ಟ್ ಟ್ರೇಡಿಂಗ್ ಪ್ರೈವೇಟ್ ಲಿಮಿಟೆಡ್	Flat No-1/22, Vijaya Enclave Nb, Bangalore South, Bangalore, Karnataka	FDAT NO-1/22, BANGALORE SOUTH, BANGALORE, ಕರ್ನಾಟಕ	India	India
S1-795631320	S3-150741082	S3	Smart Trading Private Limited	ಸ್ಮಾರ್ಟ್ ಟ್ರೇಡಿಂಗ್ ಪ್ರೈವೇಟ್ ಲಿಮಿಟೆಡ್	Flat No-1/22, Vijaya Enclave Nb, Bangalore South, Bangalore, Karnataka	KA, Flat No-1/22, Bangalore, Bangalore South	India	India
S1-795631320	S3-603278752	S3	Smart Trading Private Limited	ಸ್ಮಾರ್ಟ್ Trading ಪ್ರೈವೇಟ್ ಲಿಮಿಟೆಡ್	Flat No-1/22, Vijaya Enclave Nb, Bangalore South, Bangalore, Karnataka	Flat No-1/22, Bangalore, Bangalore South, ಕರ್ನಾಟಕ	India	India
S1-639708214	S2-757495858	S2	Kent Future Inc	Kent Inc Services	200 Sundance, Unit 0, Capron, IL	200 SUNDANCE, CAPPRON, IL	US	US
S1-606725408	S2-717573159	S2	Green Consulting Pvt Ltd	ग्रीन कंसल्टिंग प्रा. लि.	M-171, Greater Kailash-Ii, New Delhi, Delhi	M-G-171, GREATER KAILASH-II, NEW DELHI, Delhi	India	India
S1-606725408	S3-578712267	S3	Green Consulting Pvt Ltd	Green Cbsubtlng Pvt (Ltd)	M-171, Greater Kailash-Ii, New Delhi, Delhi	M-17, New Delhi, Greater Kailash-ii, दिल्ली	India	India
S1-606725408	S3-741068886	S3	Green Consulting Pvt Ltd	greenconsulting.com	M-171, Greater Kailash-Ii, New Delhi, Delhi	M-17, New Delhi, DL	India	India
S1-610266870	S2-793445903	S2	High Estate Limited	हाई एस्टेट लिमिटेड	Pl. No. 11, W.No.54, Radhika Nagar No.1, Near Hanuman Temple, Amravati, Maharashtra	NAGPUR REGION, महाराष्ट्र, AMRAVATI, PL. NO. ##11	India	India
S1-610266870	S2-912327667	S2	High Estate Limited	High Limited Service	Pl. No. 11, W.No.54, Radhika Nagar No.1, Near Hanuman Temple, Amravati, Maharashtra	महाराष्ट्र, PL. NO. ##11, W.NO.54, RADHIKA NAGAR NO.1, NEAR HANUMAN TEMPLE, AMRAVATI	India	India
S1-610266870	S3-98319410	S3	High Estate Limited	हाई एस्टेट लिमिटेड	Pl. No. 11, W.No.54, Radhika Nagar No.1, Near Hanuman Temple, Amravati, Maharashtra	MH, W.no.54, Radhika Nagar No.1, Near Hanuman Temple, Amravati, Pl. No. 11	India	India
S1-873852360	S2-959024229	S2	Pune City General Private Limited	Pune Cgy  General Private Limited	Cts No. 15, F.P. 17, Plot No. 2, Erandwane, Karve Road, Pune City, Pune, Maharashtra	CTS NO. 15, F.P. 17, PLOT NO. 2, ERANDWANE, KARVE ROAD, PUNE CITY, Maharashtra	India	India
S1-873852360	S2-174317508	S2	Pune City General Private Limited	Pune City Géneral Private Ltd	Cts No. 15, F.P. 17, Plot No. 2, Erandwane, Karve Road, Pune City, Pune, Maharashtra	CTS NO. 15, F.P. 17, PLOT NO. 2, ERANDWANE, KARVE ROAD, PUNE CITY, महाराष्ट्र	India	India
S1-873852360	S3-694712705	S3	Pune City General Private Limited	PUNE CÍTY GENERAL PRIVATE LIMITED	Cts No. 15, F.P. 17, Plot No. 2, Erandwane, Karve Road, Pune City, Pune, Maharashtra	Cts No. 15, Pune City, Erandwane, MH	India	India
S1-694085192	S2-820989203	S2	Internal Medicine Associates	Internal Medicine Asofiaes	5227 Main Street, Unit 32, Downers Grove, IL	005227 MAIN STREET, DOWNERS GROVE, IL	US	US
S1-694085192	S2-382062434	S2	Internal Medicine Associates	Internal Medicine  Center	5227 Main Street, Unit 32, Downers Grove, IL	005227 MAIN STREET, DOWNERS GROVE, IL	US	US
S1-694085192	S3-433741264	S3	Internal Medicine Associates	Internal Medicine	5227 Main Street, Unit 32, Downers Grove, IL	Main St, # 32, Downers Grove, Illinois	US	US
S1-277072715	S2-276736886	S2	Shiva Management Private Limited	శివ మేనేజ్‌మెంట్ ప్రైవేట్ లిమిటెడ్	D No. 20-6-3/12, Dantuluri Vari Street, Ayodyanagar, Vijayawada (Urban), Krishna, Andhra Pradesh	#20-6-3/12, KRISHNA, VIJAYAWADA (URBAN), Andhra Pradesh, DANTULURI VARI STREET, AYODYANAGAR	India	India
S1-429691516	S2-656967393	S2	Led Mail Pvt Ltd	#ledmail	Tamil Nadu, Kk Ngr, 187, Chennai, Sv Lingam Stkk Ngr, Chennai Kk Ngr, Chennai	187, SV LINGAM STKK NGR, CHENNAI KK NGR, CHENNAI, KK NGR, Tamil Nadu	India	India
S1-429691516	S3-729682539	S3	Led Mail Pvt Ltd	Led Miral Pvt (Ltd)	Tamil Nadu, Kk Ngr, 187, Chennai, Sv Lingam Stkk Ngr, Chennai Kk Ngr, Chennai	Plot 225 187, Kk Ngr, TN, P T Rajan Salai	India	India
S1-429691516	S3-948989150	S3	Led Mail Pvt Ltd	Led Pvt  Ltd Center	Tamil Nadu, Kk Ngr, 187, Chennai, Sv Lingam Stkk Ngr, Chennai Kk Ngr, Chennai	Plot 225 187, Chennai, TN	India	India
S1-327225619	S3-752160488	S3	Berman's Farms	bermansfarms.com	5232 Main, Montpelier, IN	Montpelier, 005232 Main, Indiana	US	US
S1-590317213	S2-531380470	S2	Ruiz Frontier Lane Clinic	Ruiz Frontier Clinic Partners	2157 Gilmer Lane, James City County, VA	002157 GILMER LN, JAMES CITY COUNTY, VA	US	US
S1-510772858	S2-479513439	S2	Life Agro Private Limited	लाइफ एग्रो प्राइवेट लिमिटेड	35, 26/2A/2, Anand Nagar, Pathardi, Tal. Pathardi, Pathardi, Ahmed Nagar, Maharashtra	15, 26/2A/2, ANAND NAGAR, PATHARDI, TAL. PATHARDI, AHMEDNAGAR, PATHARDI, Maharashtra	India	India
S1-510772858	S3-548890520	S3	Life Agro Private Limited	लाइफ एग्रो प्राइवेट लिमिटेड	35, 26/2A/2, Anand Nagar, Pathardi, Tal. Pathardi, Pathardi, Ahmed Nagar, Maharashtra	Blck A-150 35, 26/2A/2, Anand Nagar, Pathardi, Tal. Pathardi, Pathardi, Ahmed Nagar, महाराष्ट्र	India	India
S1-906686327	S2-335501512	S2	Happy Cleaning Service, LLC	Happy Cleaning 5ervice LLC Services	15 Pirates Cove, Hampton City, VA	PIRATES COVE, HAMPTON, VA	US	US
S1-576153543	S2-563703169	S2	Four Charitable Trust	CHARITABLE FOUR TRUST	334 Madhuban Apartment, Saket Nagar, Indore, Madhya Pradesh	H.NO 334/1 MADHUBAN APARTMENT, INDORE, Madhya Pradesh	India	India
S1-576153543	S2-149416100	S2	Four Charitable Trust	Four Trust (Charitable)	334 Madhuban Apartment, Saket Nagar, Indore, Madhya Pradesh	मध्य प्रदेश, 334/1 MADHUBAN APARTMENG, SAKET NAGAR, INDORE	India	India
S1-177844289	S2-277330552	S2	Krystal's Investments	KRYSTAL'S (INVESTMENTS) #2392	Saratoga Springs, 2244 Hunter Drive, UT	2244D HUNTER DRIVE, SARATOGA SPRINGS, UT	US	US
S1-366279397	S2-750964323	S2	Lakshmi Systems Private Limited	லட்சுமி சிஸ்டம்ஸ் பிரைவேட் லிமிடெட்	Old No.4/222, New No.14/118, Gangai Amman Koil Street, Periya Koluthuv, Ancherri, Iyyappanthangal, Chennai, Tamil Nadu	IYYAPPANTHANGAL, CHENNAI, OLD NO.4/222, தமிழ்நாடு	India	India
S1-366279397	S2-888421864	S2	Lakshmi Systems Private Limited	லக்ஷ்மி சிஸ்டம்ஸ் பிரைவேட் லிமிடெட்	Old No.4/222, New No.14/118, Gangai Amman Koil Street, Periya Koluthuv, Ancherri, Iyyappanthangal, Chennai, Tamil Nadu	OLD NO.4/222, CHENNAI, IYYAPPANTHANGAL, Tamil Nadu	India	India
S1-981091224	S2-835120852	S2	Physical Therapy Partners Care	Physical Therapy	2144 Madison Street, Chicago, IL	2144 MDISON ST, CHICAGO, IL	US	US
S1-981091224	S2-796586180	S2	Physical Therapy Partners Care	Physical Therapy Pártners Care	2144 Madison Street, Chicago, IL	2144 MADISON ST, CHICAGO, IL	US	US
S1-981091224	S3-258700465	S3	Physical Therapy Partners Care	Physical Thérapy Partners Cáre	2144 Madison Street, Chicago, IL	2144 Madison St, null, Chicago, Illinois	US	US
S1-661173194	S2-535975490	S2	Zeal Transport Company	zealtransport.com	Madhya Pradesh, Jabalpur, H.No.136, Ravindra Nagar, Adhartal	H.NO.D/136 , RAVINDRA NAGAR, ADHARTAL, JABALPUR, मध्य प्रदेश	India	India
S1-692096873	S2-397660740	S2	Surgical Partners, L.L.C.	Partners,-L.L.C. Surgical Surgical	972 1285, Clinton, UT	CLINTON, 972 1285, UT	US	US
S1-692096873	S3-234079848	S3	Surgical Partners, L.L.C.	Surgical L.L.C. Partners	972 1285, Clinton, UT	972 1285, Utah, Clearfield	US	US
S1-943911835	S2-670512626	S2	Yadav & Sons	Sri >> Yadav & Sóns	P1/7A Srs Pearl Floors, Sector-87, Kheri Kalan, Faridabad, Haryana	DOOR NO 646 P1/7A SRS PEARL FLOORS, FARIDABAD, Haryana	India	India
S1-943911835	S2-400862014	S2	Yadav & Sons	Yadav & Soens	P1/7A Srs Pearl Floors, Sector-87, Kheri Kalan, Faridabad, Haryana		India	India
S1-943911835	S3-71213358	S3	Yadav & Sons	Yadav & Sn	P1/7A Srs Pearl Floors, Sector-87, Kheri Kalan, Faridabad, Haryana	P1/7a Srs Pearl Floors, Faridabad, हरियाणा	India	India
S1-943911835	S3-687998141	S3	Yadav & Sons	Zephzeta a/k/a Yadav & Sons	P1/7A Srs Pearl Floors, Sector-87, Kheri Kalan, Faridabad, Haryana	Faridabad, Sector-87, Kheri Kalan, Faridabad, Haryana, P1/7A Srs Pearl Floors	India	India
S1-820935401	S2-890315797	S2	Research (India) Bengal Private Limited	researchindiabengal.com	G-244, Vikas Nagar Colony, Near Ketan Hospital Barga, Gorakhpur Sadar, Gorakhpur, Uttar Pradesh	Uttar Pradesh, G-B3/244, VIKAS NAGAR COLONY, NEAR KETAN HOSPITAL BARGA, GORAKHPUR SADRA	India	India
S1-457922425	S2-269716551	S2	Greencity Developers Private Limited	Greencity Private Limited Services	Unit 3 Flr 4 Pinnacle Blk, Int. Tech Park, Csir Road, Chennai City Corporation, Chennai, Tamil Nadu	UNIT 3 FLR 4 PINNACLE BLK, INT. TECH PARK, CSIR ROAD, CHENNAI CITY CORPORATION, Tamil Nadu	India	India
S1-622241555	S2-353265017	S2	New Delhi India	@newde1hi	Central Delhi, 37/8 E.V Charging, Delhi, Old Rajinder Nagar, New Delhi	DOOR NO #37/8 E.V CHARGING, OLD RAJINDER NAGAR, NEW DELHI, Delhi	India	India
S1-945115789	S3-355654423	S3	Volt Traders LLP	Volt Trader LLP	S. No. 464, Gouri Kirana Store, Tukaram Nagar, Shivaji School Road, Talwade, Pune, Maharashtra	S. No. 464, Gouri Kirana Store, Tukaram Nagar, Shivaji School Road, Talwade, Pune, MH	India	India
S1-16642923	S2-336781345	S2	Jain Hitech It Pvt Ltd	જૈન હાઇટેક આઈટી પ્રા. લિ.	Celler, Shop No 1, Sarvamangal B/H Zalak Complex, Nr Pankaj Society, Bhattha, Paldi, Ahmedabad, Gujarat	AHMEDABAD, CELLER, Gujarat, SHOP NO 1, SARVAMANGAL B/H ZALAK COMPLEX, NR PANKAJ SOCIETY, BHATTHA, PALDI	India	India
S1-16642923	S2-393075989	S2	Jain Hitech It Pvt Ltd	JAIN HITECH IT PVT LTD - 7365923641	Celler, Shop No 1, Sarvamangal B/H Zalak Complex, Nr Pankaj Society, Bhattha, Paldi, Ahmedabad, Gujarat	CELLER, SHOP NO 1, SARVAMANGAL B/H ZALAK COMPLEX, NR PANKAJ SOCIETY, BHATTA, PALDI, AHMEDABAD, ગુજરાત	India	India
S1-66101502	S2-61752601	S2	Lemay Quetta LLC	Lemay Quctba LLC	1 Spring House Road, Lutherville, MD	MD, 1 SPRING HOUSE ROAD, LUTHERVILLE	US	US
S1-116737194	S2-662170735	S2	Cannon Precious LLC	LLC CANNON PRÉCIOUS	Burlington, 161 Saint Paul Street, VT	161 Saint Paul St, BURLINGTON, VT	US	US
S1-116737194	S2-242454246	S2	Cannon Precious LLC	Llc Cannon Précious	Burlington, 161 Saint Paul Street, VT	161 SAINT PAUL ST, BURLINGTON, VT	US	US
S1-116737194	S2-158716458	S2	Cannon Precious LLC	cann0n précious llc	Burlington, 161 Saint Paul Street, VT	161 SAINT PAUL ST, BURLINGTON, VT	US	US
S1-829987371	S2-75779142	S2	Amber Sizzle Inc	ambersizzle.com	2128 Elmwood Drive, Isle Of Wight County, VA	ELMWOOD DR, ISLE OF WIGHT COUNTY, VA	US	US
S1-829987371	S2-406405133	S2	Amber Sizzle Inc	AMBER SIZZLE	2128 Elmwood Drive, Isle Of Wight County, VA	2128 ELMWOOD DR, ISLE OF WIGHT COUNTY, VA	US	US
S1-829987371	S3-222227038	S3	Amber Sizzle Inc	Amber Sízzle Incorporated	2128 Elmwood Drive, Isle Of Wight County, VA	2128 Elmwood Dr, Isle Of Wight County, Virginia	US	US
S1-829987371	S3-622562865	S3	Amber Sizzle Inc	Yumaonyx	2128 Elmwood Drive, Isle Of Wight County, VA	2128 Elmwood Drive, Isle Of Wight County, Virginia	US	US
S1-829987371	S3-4997917	S3	Amber Sizzle Inc	Inc Amber Sízzle	2128 Elmwood Drive, Isle Of Wight County, VA	2128 Elmwood Drive, Virginia, Isle Of Wight County	US	US
S1-615455408	S2-351928254	S2	D & L Metro LLC	D & L Mlgiro LLC	29931 Jones Avenue, Ardmore, AL	029931 Jones Ave, ARDMORE, AL	US	US
S1-615455408	S2-193907557	S2	D & L Metro LLC	D & L Metro	29931 Jones Avenue, Ardmore, AL	JONES AVE, ARDMORE, AL	US	US
S1-615455408	S3-156495960	S3	D & L Metro LLC	D & L Metro	29931 Jones Avenue, Ardmore, AL		US	US
S1-615455408	S3-698451052	S3	D & L Metro LLC	D & L  Metro	29931 Jones Avenue, Ardmore, AL	29931b Jones Avenue, Ardmoore, Alabama	US	US
S1-611979795	S2-3495097	S2	Basf (India) Marketing Private Limited	Private Basf (India) Mgardting Limited	2Nd Floor, Site 6, No.42/2, Munnekolala Varthur Hobli, Bangalore, Karnataka	H.NO 2ND FLOOR, BANGALORE, Karnataka	India	India
S1-994039959	S2-73994995	S2	Gabriel Michaels Nasdaq	gabrielmichaelsnasdaq.com	Bldg 28222, OH, Plain City, 8087 Brightside Drive	087 BRIGHTSIDE DR, OH, PLAIN CITY	US	US
S1-67628861	S3-255215350	S3	Nsn Scientific (India) Private Limited	Nsn 5cientific (India) Private Limited	1St Flr, Kagalwala House, C Block, Metro Es 175, Cst Road, Kalina, Santacruz East, Mumbai, Mumbai City, Maharashtra	#1St Flr, Mumbai, Mumbai City, महाराष्ट्र	India	India
S1-340929942	S2-218985360	S2	Board of Environmental Protection	#boardenvironmental	157 Winterbrook Court, Winston-salem, NC	NC, WINSTO-NSALEM, 157-159 WINTERBROOK COURT	US	US
S1-340929942	S2-517558795	S2	Board of Environmental Protection	Environmental B0ard-of Protection Corp	157 Winterbrook Court, Winston-salem, NC	157-159 WINTERBROOK COURT, WINSTO-NSALEM, NC	US	US
S1-340929942	S3-564816442	S3	Board of Environmental Protection	Board of Environmental (Center)	157 Winterbrook Court, Winston-salem, NC	157 Winterbrook Ct, Winston-Salem, North Carolina	US	US
S1-340929942	S3-960418844	S3	Board of Environmental Protection	... Board of Environmental	157 Winterbrook Court, Winston-salem, NC	157 Winterbrook Ct, Winston-Salem, North Carolina	US	US
S1-340929942	S3-53004288	S3	Board of Environmental Protection	Board Of Enviromrntcal Protection	157 Winterbrook Court, Winston-salem, NC	157 Winterbrook Court, Winston-Salem, North Carolina	US	US
S1-647059934	S3-144481277	S3	ZJ Desert Plutonian	Detor ZJ Plutonian	11602 Bannerstone Street, Marana, AZ	Marana, 11602 Bannerstone St, Arizona	US	US
S1-122492157	S3-128805477	S3	WGZ Sab LLC	WGZ Sáb LLC	14428 29th Street, Phoenix, AZ	14428 29th St, Arizona, Phoenix	US	US
S1-304476315	S3-178940338	S3	Oil Public School Co	opschool.com	Flat No. 804, Tower No. 11, The Tarika Co-Op Group Housing Society Ltd., . Plot No. Gh-08, Sector-43, Sadar Bazar, Gurgaon, Haryana	804, Tower No. 11, The Tarika Co-op Group Housing Society Ltd., . Plot No. Gh-08, Sector-43, Gurgaon, Sadar Bazar, हरियाणा	India	India
S1-536638885	S2-54080216	S2	Mega Advisors Limited	megaadvisors.com	A-99, Karan Vihar Ph V, New Delhi, Delhi	Delhi, A-97, KARAN VIHAR PH V, NEW DELHI	India	India
S1-536638885	S3-725022233	S3	Mega Advisors Limited	M/s Mega Ádvisors	A-99, Karan Vihar Ph V, New Delhi, Delhi	A-99, New Delhi, DL	India	India
S1-430842276	S2-464096602	S2	North Solutions Private Limited	नॉर्थ सॉल्यूशंस प्राइवेट लिमिटेड	Plot No. 18 Bhaisaura, Gomti Nagar Extension, Lucknow, Uttar Pradesh	LUCKNOW, Uttar Pradesh, PLOT NO. 18 BHAISAURA	India	India
S1-430842276	S2-12491126	S2	North Solutions Private Limited	NORTH SOLUTIONS PRIVATE	Plot No. 18 Bhaisaura, Gomti Nagar Extension, Lucknow, Uttar Pradesh	18 BHAISAURA, GOMTI NAGAR EXTENSION, LUCKNOW, उत्तर प्रदेश	India	India
S1-430842276	S2-965662594	S2	North Solutions Private Limited	नॉर्थ सॉल्यूशंस प्राइवेट लिमिटेड	Plot No. 18 Bhaisaura, Gomti Nagar Extension, Lucknow, Uttar Pradesh	DOOR NO 18 BHAISAURA, LUCKNOW, Uttar Pradesh	India	India
S1-430842276	S3-43366455	S3	North Solutions Private Limited	solutionsprivate.com	Plot No. 18 Bhaisaura, Gomti Nagar Extension, Lucknow, Uttar Pradesh	Door No 18 Bhaisaura, Lucknow, UP	India	India
S1-801645099	S2-306980962	S2	Ramit (India) Engineers Pvt Ltd	RAMIT (INDIA) ENGINEERS PVT	Raut Ni 111 787 Karjat Road, Khumbhargali, Karjat, Ahmed Nagar, Maharashtra	RAUT NI 111 787 KARJAT ROAD, KHUMBHARGALI, KARJAT, Maharashtra	India	India
S1-801645099	S3-446348408	S3	Ramit (India) Engineers Pvt Ltd	Ramit (India) Pvt Ltd Center	Raut Ni 111 787 Karjat Road, Khumbhargali, Karjat, Ahmed Nagar, Maharashtra	Raut Ni 11 787 Karjat Road, Ahmed Nagar, महाराष्ट्र	India	India
S1-801645099	S3-949459275	S3	Ramit (India) Engineers Pvt Ltd	Sri Ramit (Índia) Egnieneers Pvt Ltd	Raut Ni 111 787 Karjat Road, Khumbhargali, Karjat, Ahmed Nagar, Maharashtra	Raut Ni 11 787 Karjat Road, Khumbhargali, Karjat, Baradgaon Sudrik, MH	India	India
S1-796024407	S2-560403084	S2	Celinka Walters Ramaco LLC	Ce1inka Waeors Ramaco LLC	2929 Dougherty Ferry Road, Unit APT 110, Saint Louis, MO	2929-2931 DOUGHERTY FERRY RD, SAINT LOUIS, MO	US	US
S1-504285887	S2-544468234	S2	Swastik Foods Private Limited	स्वस्तिक फूड्स प्राइवेट लिमिटेड	House No.809-816 Flat 202, Sector 11, Juhugaon, Thane, Maharashtra	THANE, Maharashtra, SECTOR 11, JUHUGAON, HOUSE NO.00809-816 FLAT 202, THANE	India	India
S1-504285887	S3-127798021	S3	Swastik Foods Private Limited	स्वस्तिक फूड्स प्राइवेट लिमिटेड	House No.809-816 Flat 202, Sector 11, Juhugaon, Thane, Maharashtra	महाराष्ट्र, House No.#809-816 Flat 202, Thane, Sector 11, Juhugaon, Thane	India	India
S1-514155563	S2-556405995	S2	Horizon LLC	Horizon L.L.C.	2025 Sterigere Street, West Norriton Township, PA	2025 STERIGERE ST, NORRISTOWN, PA	US	US
S1-514155563	S2-893936251	S2	Horizon LLC	HORIZON HORIZON LLC	2025 Sterigere Street, West Norriton Township, PA	Sterigere Street, WEST NORRITON TOWNSHIP, PA	US	US
S1-514155563	S3-229519117	S3	Horizon LLC	Horizon LLC	2025 Sterigere Street, West Norriton Township, PA	2025 Sterigere Street, PO Box 2072, Norriistown Township, Pennsylvania	US	US
S1-514155563	S3-663732554	S3	Horizon LLC	horizon.com	2025 Sterigere Street, West Norriton Township, PA	2025 Sterigere Steret, PO Box 2072, Norriistown Township, Pennsylvania	US	US
S1-514155563	S3-54908638	S3	Horizon LLC	HORIZON LLC	2025 Sterigere Street, West Norriton Township, PA	2025 Sterigere Street, PO Box 2072, Norriistown Township, Pennsylvania	US	US
S1-883829621	S2-934657695	S2	Orange Metals Private Limited	Orange Mes Private [Limited]	Flat No 209, B-2 Vaishnav Building, Surendra Place, Bhopal, Madhya Pradesh	NO 209. , B-2 VAISHNAV BUILDING, SURENDRA PLACE, BHOPAL, Madhya Pradesh	India	India
S1-883829621	S3-708888654	S3	Orange Metals Private Limited	Shri orange metals private limited	Flat No 209, B-2 Vaishnav Building, Surendra Place, Bhopal, Madhya Pradesh		India	India
S1-511561869	S3-195462157	S3	JPY Energy Pvt. Ltd.	jpy energy pvt. pvt. ltd.	109 2 Floor 16 Cross Road, Jp Nagar Phase 4, Dollars, Bangalore South, Bangalore, Karnataka	H.no 109 2 Floor 16 Cross Road, Bangalore South, Bengaluru, KA	India	India
S1-954886409	S2-854432854	S2	Novial Hills LLC	Novial Hbclghls LLC	OH, Columbus, 507 Evergreen Terrace	507 EVERGREEN TER, COLUMBUS, OH	US	US
S1-599145787	S2-499470964	S2	Samagra Electronics Private Limited	Samagra Electronics Ptibvte Limited	11Th Main Road, Btm Layout, 1St Stage, Bangalore South, Bangalore, No 65, Karnataka		India	India
S1-599145787	S3-776147534	S3	Samagra Electronics Private Limited	Rizaquo	11Th Main Road, Btm Layout, 1St Stage, Bangalore South, Bangalore, No 65, Karnataka	No 65, 11Th Main Road, Btm Layout, 1St Stage, Bangalore South, Bangalore, Karnataka	India	India
S1-8813651	S2-794077082	S2	High Industries Private Limited	हाई इंडस्ट्रीज प्राइवेट लिमिटेड	42/333 Sant Tukaram Nagar, Pimpri, Pune, Maharashtra	#4-2/333 SANT TUKARAM NAGAR, PIMPRI, PUNE, महाराष्ट्र	India	India
S1-8813651	S3-585334001	S3	High Industries Private Limited	High Idnudshtdrise Private Límited	42/333 Sant Tukaram Nagar, Pimpri, Pune, Maharashtra	42/333 Sant Tukaram Nagar, Pimpri, MH, Pune	India	India
S1-8813651	S3-499691865	S3	High Industries Private Limited	हाई इंडस्ट्रीज प्राइवेट लिमिटेड	42/333 Sant Tukaram Nagar, Pimpri, Pune, Maharashtra	Door No 42/333 Sant Tukaram Nagar, Pimpri, Pune, MH	India	India
S1-354705482	S2-826116224	S2	Safe First Rockwool	Safe 1st Rockwool	323 Lake Elaine Road, Shelbyville, TN	323 LAKE ELAINE RD, SHELBYVILLE, TN	US	US
S1-354705482	S3-686576547	S3	Safe First Rockwool	Safe First Róckwool	323 Lake Elaine Road, Shelbyville, TN	Tennessee, PO Box 6844, 323 Lake Elaine Rd, Shelbyville	US	US
S1-245014023	S2-741088817	S2	Keva Trust LLC	Beloriza	11451 Cherry Hill Road, Unit 203, Beltsville, MD	MD, BELTSVILLE, 11451  CHERRY HILL RD	US	US
S1-761888543	S2-777211775	S2	Jhk Industries Private Limited	JHK INDUSTRIES  PRMIRTE LIMITED	P-3, New C.I.T.Road Second Floor, Kolkata, Kolkata, Howrah, West Bengal	448. P-3, NEW C.I.T.ROAD SECOND FLOOR, KOLKATA, KOLKATA, West Bengal	India	India
S1-761888543	S3-168539258	S3	Jhk Industries Private Limited	Jhk Private  Limited Partners	P-3, New C.I.T.Road Second Floor, Kolkata, Kolkata, Howrah, West Bengal	P-003, Kolkata Region, Howrah, WB	India	India
S1-908551239	S2-730965789	S2	Sun Solutions Private Limited	सन सॉल्यूशंस प्राइवेट लिमिटेड	F No. 403, Sudha Nill Aptt, New P P Colony, Patliputra, Patna, Bihar	F NO. 40, SUDHA NILL APTT, NEW P P COLONY, PATLIPUTRA, PATNA, Bihar	India	India
S1-908551239	S2-578201227	S2	Sun Solutions Private Limited	SUN SOLUTIONS PRÍVATE LIMITED	F No. 403, Sudha Nill Aptt, New P P Colony, Patliputra, Patna, Bihar	F NO. 40, SUDHA NILL APTT, NEW P P COLONY, PATLIPUTRA, PATNA, बिहार	India	India
S1-908551239	S2-788299668	S2	Sun Solutions Private Limited	सन सॉल्यूशंस प्राइवेट लिमिटेड	F No. 403, Sudha Nill Aptt, New P P Colony, Patliputra, Patna, Bihar	PATNA, F NO. 40, PATNA, Bihar	India	India
S1-908551239	S2-225415982	S2	Sun Solutions Private Limited	सन सॉल्यूशंस प्राइवेट लिमिटेड	F No. 403, Sudha Nill Aptt, New P P Colony, Patliputra, Patna, Bihar	F NO. 40, PATNA, Bihar	India	India
S1-908551239	S3-719062371	S3	Sun Solutions Private Limited	सन सॉल्यूशंस प्राइवेट लिमिटेड	F No. 403, Sudha Nill Aptt, New P P Colony, Patliputra, Patna, Bihar	बिहार, Patna, F No. 403	India	India
S1-116081375	S2-600462597	S2	Kestex Park	Kestex  Service	6334 Chandler Street, Cincinnati, OH	##6334 CHANDLER ST, CINCINNATI, OH	US	US
S1-116081375	S2-588434156	S2	Kestex Park	Kestex Párk	6334 Chandler Street, Cincinnati, OH	##6334 CHANDLER ST, PO BOX 8390, CINCINNATI, OH	US	US
S1-513115995	S3-936443358	S3	Thomas Calisa	Th0mas Calisa	126 D Street, Pittsfield, ME	126 D Stret, Pittsfield, Maine	US	US
S1-464514986	S3-604135891	S3	Valley Fund	Valley Center	97 Cass Avenue, Cheektowaga, NY	Cass Ave, Buffalo, New York	US	US
S1-609323033	S2-751582033	S2	Batts Global	BATTS GLÓBAL	362 Ocean Parkway, Berlin, MD	362A Ocean Parkway, BERLIN, MD	US	US
S1-691890832	S2-272152142	S2	Teamsters Union Local No 101 LLC	LLC Teamsters Union Local Nó 101	1877 Elmhurst Drive, Germantown, TN	1877 ELMHURST DR, GERMANTOWN, TN	US	US
S1-691890832	S3-252514794	S3	Teamsters Union Local No 101 LLC	Teamsters-Union Local No	1877 Elmhurst Drive, Germantown, TN	1877 Elmhurst Drive, Germantown, Tennessee	US	US
S1-20031068	S2-289390052	S2	Hayes Reliable Era, Inc.	Center Hayes Reliable Inc.	62 Cora Avenue, Chicopee, MA	62 CORA AVE, CHICOPEE, MA	US	US
S1-72785829	S2-368754569	S2	Baltazar & Barbosa Inc.	Rizaevo	3623 Queen Avenue, Minneapolis, MN	3623 QUEEN AVEUE, MINNEAPOLIS, MN	US	US
S1-800915873	S2-877162430	S2	Adams, Williams and Alexander Carolina LLC	Adams, Williams and Alexander LLC Center	7333 Lynn Avenue, Fl 0, Saint Louis, MO	7333-7337 LYNN AVE, SAINT LOUIS, MO	US	US
S1-800915873	S3-595714899	S3	Adams, Williams and Alexander Carolina LLC	LLC Adams, Williams and Aelxagre Carolina	7333 Lynn Avenue, Fl 0, Saint Louis, MO	7333-D Lynn Avenue, Floor 0, Saint Louis, Missouri	US	US
S1-558262132	S3-190544496	S3	Avatar Technology Private Limited	Dr avatar technology private limited	A/8, Madhav Baug, Jambli Galli Borivali (West), Mumbai, Bandra Suburban, Maharashtra	A/8, Bombay, Bandra Suburban, MH	India	India
S1-168226168	S2-248655910	S2	Vista & Sons LLP	Vista Sons LLP Center	A/36 Pallaspali, Near Air Port, Bhubaneswar, Khordha, Orissa	HN 529/3 A/36 PALLASPALI, NEAR AIR PORT, BHUBANESWAR, N/A, Odisha	India	India
S1-846529766	S2-133143908	S2	Pocius, Herrera & Lima Connecticut Inc	Pocius, Herrera & (Lima)	4831 Beaumont Street, Simi Valley, CA	4831 BEAUMONT STREET, SIMI VLLEY TOWNSHIP, CA	US	US
S1-846529766	S3-959205448	S3	Pocius, Herrera & Lima Connecticut Inc	Pocius, Herrera & Lima Inc Center	4831 Beaumont Street, Simi Valley, CA		US	US
S1-716442915	S2-998330328	S2	Creative Plum	Creative Center	7371 Denny Drive, North Ridgeville, OH	371 DENNY DRIVE, NORTH RIDGEVILLE, OH	US	US
S1-716442915	S3-355978425	S3	Creative Plum	Creative Center	7371 Denny Drive, North Ridgeville, OH		US	US
S1-130813878	S2-362757372	S2	Paducah Physical Therapy Care Associates	Paducah Physical Therapy  Care	3001 Jones Road, Paducah, KY	2858 JONES ROAD, PADUCAH, KY	US	US
S1-130813878	S3-211394534	S3	Paducah Physical Therapy Care Associates	Paducah Physical Therapy Care Associates LLC	3001 Jones Road, Paducah, KY	Jones Road, Paducah, Kentucky	US	US
S1-5842529	S2-959309886	S2	E & Y Analytics	E Analytics  Y +	1703 Linden Street, Normal, IL	1703 LINDEN STREET, null, NORMAL, IL	US	US
S1-5842529	S3-901688371	S3	E & Y Analytics	E & Y Analytics Inc.	1703 Linden Street, Normal, IL	1703 Linden Street, PO Box 644, Normal, Illinois	US	US
S1-887193507	S2-54495861	S2	Chandra Polytechnic	Chándra-Po1ytechnic	Sco 16, Phase-3B2, Mohali, Punjab	SCO 16/7, PHASE-3B2, MOHALI, ਪੰਜਾਬ	India	India
S1-887193507	S2-215822373	S2	Chandra Polytechnic	Sri CHANDRA  POLYCTHNC	Sco 16, Phase-3B2, Mohali, Punjab	Punjab, SCO 16/7, PHASE-3B2, MOHALI	India	India
S1-887193507	S3-705457869	S3	Chandra Polytechnic	Chandra  Center	Sco 16, Phase-3B2, Mohali, Punjab	No 458 Sco 16, Phase-3b2, Mohali, PB	India	India
S1-543127091	S2-185502700	S2	Painters Local 46	Painters 46 Local	6446 Ranier Lane, Maple Grove, MN	6446 RANIER LN, MAPLE GROVE, MN	US	US
S1-543127091	S3-13438597	S3	Painters Local 46	painterslocal46.com	6446 Ranier Lane, Maple Grove, MN	06446 Ranier Ln, Maple Grove, Minnesota	US	US
S1-543127091	S3-680634368	S3	Painters Local 46	painterslocal46.com	6446 Ranier Lane, Maple Grove, MN	06446 Ranier Ln, Maple Grove, Minnesota	US	US
S1-543127091	S3-611941405	S3	Painters Local 46	#Paintersl0cal	6446 Ranier Lane, Maple Grove, MN	Maple Grove, 06446 Ranier Ln, Minnesota	US	US
S1-846028981	S3-473512786	S3	Barbey Mclaughlin Oneim Group	Barbey Mclaughlin Group Partners	8610 Ep True Parkway, Unit Unit 5001, West Des Moines, IA	Unit Unit 5001, West Des Moines, Iowa, ##8610 Ep True Pkwy	US	US
S1-590815515	S2-194257257	S2	Apsara & Co	#apsara	Village & P.O. Fatepur, P.S Falta South 24 Parganas, South Parganas, Parganas South, West Bengal	VILLAGE & P.O. FATEPUR, P.S FALTA SOUTH 24  PARGANAS, SOUTH PARGANAS, West Bengal	India	India
S1-993662167	S2-133551138	S2	Kozhikode India Private Limited	KOZHIKODE IDIA PRIVATE LIMITED	Building No. 14/206 D, Kerala, Kozhikode, 1St Floor, Rifa Building Kerafed Junction, Mannakavu P.O, Naduvan, Noor, Kozhikode	BUILDING NO. 14/206 D, 1ST FLOOR, RIFA BUILDING KERAFED JUNCTION, MANNAKAVU P.O, NADUVAN, NOOR, KOZHIKODE, Kerala	India	India
S1-144979450	S2-586908296	S2	Sanjay Seva Samiti Corporation	SANJAYSEVASAMITI.COM	Ff-8, Devkrupa Flora, Opp. Astha Complex, Ahmedabad, Gujarat	FF-A-8, DEVKRUPA FLORA, OPP. ASTHA COMPLEX, AHMEDABAD, Gujarat	India	India
S1-144979450	S3-75900011	S3	Sanjay Seva Samiti Corporation	Sanjay Seva Stmiti (Corporation)	Ff-8, Devkrupa Flora, Opp. Astha Complex, Ahmedabad, Gujarat	Hn 46 Ff-8, Ahmedabad, GJ	India	India
S1-650704989	S3-755168920	S3	Bharat Management Pvt Ltd	भारत मैनेजमेंट प्रा. लि.	503 B, Dheeraj Recidency, Chs Ltd, 5/F, Link Road, Goregaon West, Mumbai, Maharashtra	503 B, Dheeraj Recidency, Chs Ltd, 5/F, Link Road, Mumbai, Goregaon West, MH	India	India
S1-142631764	S2-371449326	S2	Global Business Private Limited	Gl0bal Bsnigs Private Limited	C/O Mirtunjai Pandey, Ghoogapur, Balapur, Bara, Allahabad, Uttar Pradesh	C/O MIRTUNJAI PANDEY, BARA, ALLAHABAD, Uttar Pradesh	India	India
S1-703703543	S3-24409234	S3	Cultural Charities Inc.	Cultural Chnrntes Inc.	142 32nd Avenue, Eugene, OR	142 32rd Ave, Eugene, Oregon	US	US
S1-191451677	S3-888236907	S3	Ward Chiron LLC	Ward Chíron LLC	186 Gobel Road, Thomasville, NC	186 Gobel Road, PMB 1185, Thomasville, North Carolina	US	US
S1-252242682	S2-568363011	S2	Aggie E. Nagle, L.C.S.W.	AGGIE E. NAGLE,  L.C.S.W. INC.	11900 54th Avenue, Plymouth, MN	##11900 54ND AVE, MINNEAPLIS, MN	US	US
S1-252242682	S2-456524607	S2	Aggie E. Nagle, L.C.S.W.	Aggie E. Nágle, L.C.S.W.	11900 54th Avenue, Plymouth, MN	##11900 54nd Ave, MINNEAPLIS, MN	US	US
S1-252242682	S2-167308687	S2	Aggie E. Nagle, L.C.S.W.	AGGIE E. NLMGL, (L.C.S.W.)	11900 54th Avenue, Plymouth, MN	54ND AVENUE, MINNEAPLIS, MN	US	US
S1-252242682	S2-84842746	S2	Aggie E. Nagle, L.C.S.W.	*** aggieenagle.com	11900 54th Avenue, Plymouth, MN	54ND AVENUE, MINNEAPLIS, MN	US	US
S1-252242682	S3-527367881	S3	Aggie E. Nagle, L.C.S.W.	aggieenagle.com	11900 54th Avenue, Plymouth, MN	11900 54rd Ave, Plymouth, Minnesota	US	US
S1-98910320	S2-970297571	S2	Teraor Greenfire Inc	Teraor Gréenfire Inc	204 High Meadow Drive, Mckinney, TX	204 HIGH MEADOW DRIVE, MCKINNEY CITY, TX	US	US
S1-166601186	S2-419629303	S2	Pediatric Medicine LLC	Pediatric Medicine	5022 Goose Neck Road, Northwest, NC	4706- GOOSE NECK RD, RIEGEELWOOD, NC	US	US
S1-166601186	S3-743861068	S3	Pediatric Medicine LLC	L.L.C. Pediatric Medicine	5022 Goose Neck Road, Northwest, NC	4828c Goose Neck Road, Riegelwood, North Carolina	US	US
S1-681392030	S2-501358496	S2	Care Institute of Technology	Care of Innsdtitute Technology	West Bengal, Howrah, 229, Kolkata, Netaji Subhas Chandra Bose Road Vishnu Enclave, 3Rd Floor, Flat No.- 3A, Kolkata	NO. 423 229, NETAJI SUBHAS CHANDRA BOSE ROAD VISHNU ENCLAVE, 3RD FLOOR, FLAT NO.- 3A, KOLKATA, KOLKATA, West Bengal	India	India
S1-681392030	S3-340243016	S3	Care Institute of Technology	Care Institute óf Technology	West Bengal, Howrah, 229, Kolkata, Netaji Subhas Chandra Bose Road Vishnu Enclave, 3Rd Floor, Flat No.- 3A, Kolkata	229., Kolkata, WB	India	India
S1-638785454	S2-158017427	S2	Gs Hospitals Private Limited	Mr GS PRIVATE LIMITED CENTER	H.No-30, Ward No-16, Near Ice Factory Near Hindalco Petrol Pump, Hindalco City, Renukoot, Sonbhadra, Uttar Pradesh	H.NO-30, WARD NO-16, NEAR ICE FACTORY NEAR HINDALCO PETROL PUMP, HINDALCO CITY, RENUKOOT, उत्तर प्रदेश	India	India
S1-22305073	S2-578011604	S2	Dermatology Green Medicine	Dermatology Green	294 Meadowcreek Drive, Unit Unit 2, Village Of Pewaukee, WI	294 MADOWCREEK DR, PEWAUKEE, WI	US	US
S1-296323848	S2-47973133	S2	Modern Consulting Private Limited	ಮಾಡರ್ನ್ ಕನ್ಸಲ್ಟಿಂಗ್ ಪ್ರೈವೇಟ್ ಲಿಮಿಟೆಡ್	Bangalore Rural, Bengaluru, Karnataka, 29/1 Ground Floor Hosur Main Road Old Chandapura Anekal Taluk	H.NO 29/1 GROUND FLOOR HOSUR MAIN ROAD OLD CHANDAPURA ANEKAL TALUK, BENGALURU URBAN, BANGALORE RURAL, Karnataka	India	India
S1-20679780	S2-705956528	S2	Red Power LLP	ரெட் பவர் எல்எல்பி	No.47, 86Th Street, Kanniappa Nagar Ashok Nagar, Chennai, Tamil Nadu	86TH STREET, KANNIAPPA NAGAR ASHOK NAGAR, CHENNAI, MADRAS, NO.47, Tamil Nadu	India	India
S1-20679780	S3-354586828	S3	Red Power LLP	ரெட் பவர் எல்எல்பி	No.47, 86Th Street, Kanniappa Nagar Ashok Nagar, Chennai, Tamil Nadu	#47, Chennai, தமிழ்நாடு	India	India
S1-173971969	S2-292981300	S2	Hotel It Pvt Ltd	होटल आईटी प्रा. लि.	Kailash Bihari Singh, Cou, Po-Bhagwan, Chapra, Saran, Bihar	KAILASH BIHARI SINGH, COU, PO-BHAGWAN, SARAN, CHAPRA, Bihar	India	India
S1-173971969	S3-165312490	S3	Hotel It Pvt Ltd	होटल आईटी प्रा. लि.	Kailash Bihari Singh, Cou, Po-Bhagwan, Chapra, Saran, Bihar	Kailash Bihari Singh, Chapra, Saran, बिहार	India	India
S1-173971969	S3-210351517	S3	Hotel It Pvt Ltd	Htl It Pvt Ltd	Kailash Bihari Singh, Cou, Po-Bhagwan, Chapra, Saran, Bihar	Kailash Bihari Singh, Chapra, BR, Saran	India	India
S1-956930131	S3-112213518	S3	Womens Health Partners, LLC	Womens Health Partners,	2100 Fairfield Drive, Joliet, IL	2100 Fairfield Drive, Joliet, Illinois	US	US
S1-892015074	S2-602032584	S2	New Food	న్యూ ఫుడ్	Sy No 802, 806, 807, Beeramguda, Ramachandrapuram, Medak, Telangana	SY NO 802, 806, 807, BEERAMGUDA, MEDAK, RAMACHANDRAPURAM, తెలంగాణ	India	India
S1-892015074	S2-754941946	S2	New Food	newfood.com	Sy No 802, 806, 807, Beeramguda, Ramachandrapuram, Medak, Telangana	SY NO 802, 806, 807, BEERAMGUDA, RAMACHANDRAPURAM, Telangana	India	India
S1-892015074	S3-817353302	S3	New Food	న్యూ ఫుడ్	Sy No 802, 806, 807, Beeramguda, Ramachandrapuram, Medak, Telangana	Hyderabad City Region, Medak, 806, 807, Beeramguda, తెలంగాణ, Plot 388 Sy No 802	India	India
S1-392902135	S3-404689078	S3	Sampat Enterprises LLP	Sampat Enetdprises LLP	Plot No. 22, Harikrishna Enclave, Shivaji Nagar, Nagpur, Flat No. 601, Nagpur, Maharashtra	Flat No. 00601, Nagpur, Dharampeth Extn, MH	India	India
S1-392902135	S3-683156766	S3	Sampat Enterprises LLP	Sampat LLP Service	Plot No. 22, Harikrishna Enclave, Shivaji Nagar, Nagpur, Flat No. 601, Nagpur, Maharashtra	00601, Plot No. 22, Harikrishna Enclave, Shivaji Nagar, Nagpur, Dharampeth Extn, MH	India	India
S1-86804153	S2-844614219	S2	Regional Cornerstone Citizens LLC	REGIONAL CORNERSTONE LLC-CENTER	1300 Winding Creek Road, NC, Granite Quarry	1300 WINDING CREEK ROAD, GRANITE QUARRRY, NC	US	US
S1-86804153	S2-941915019	S2	Regional Cornerstone Citizens LLC	Regional Cornerstone LLC Service	1300 Winding Creek Road, NC, Granite Quarry	1300 WINDING CREEK RD, GRANITE QUARRRY, NC	US	US
S1-86804153	S3-90236076	S3	Regional Cornerstone Citizens LLC	Regional Conrechestone Citizens LLC LLC	1300 Winding Creek Road, NC, Granite Quarry	Winding Creek Rd, Granite Quarry, North Carolina	US	US
S1-27455843	S3-408770647	S3	Raj Digital Care Private Limited	Raj Dígital Private Limited Services	Flno B Sigma One S 124/3A/2 Pd Rd Kothrud Bh Mit College, Pune, Maharashtra	महाराष्ट्र, Flno B Sigma One S 124/3A/2 Pd Rd Kothrud Bh Mit College, Pune	India	India
S1-27455843	S3-128983471	S3	Raj Digital Care Private Limited	राज डिजिटल केयर प्राइवेट लिमिटेड	Flno B Sigma One S 124/3A/2 Pd Rd Kothrud Bh Mit College, Pune, Maharashtra	MH, Flno B Sigma One S 124/3A/2 Pd Rd Kothrud Bh Mit College, Pune	India	India
S1-27455843	S3-395631046	S3	Raj Digital Care Private Limited	राज डिजिटल केयर प्राइवेट लिमिटेड	Flno B Sigma One S 124/3A/2 Pd Rd Kothrud Bh Mit College, Pune, Maharashtra	Flno B Sigma One S 124/3A/2 Pd Rd Kothrud Bh Mit College, Pune, MH	India	India
S1-760816941	S2-832009593	S2	Rishika & Co	r.com	S-553/554 School Block, Shakarpur, New Delhi, Delhi	S-553/554 SCHOOL BLOCK, दिल्ली, NEW DELHI, SHAKARPUR	India	India
S1-760816941	S3-452171887	S3	Rishika & Co	M/s rishika.com	S-553/554 School Block, Shakarpur, New Delhi, Delhi	Block G-##648 S-553/554 School Block, <NULL>, दिल्ली, Shakarpur	India	India
S1-317610576	S2-74744199	S2	Fatehnagar Power Pvt Ltd	Fatehnagar  Power (ID: 74178)	C/O Kamal Nayan Agarwal Kalyan Furniture, Main Market, Fatehnagar, Udaipur, Rajasthan	C/O KAMAL NAYAN AGARWAL KALYAN FURNITURE, MAIN MARKET, FATEHNAGAR, Rajasthan	India	India
S1-317610576	S2-504644294	S2	Fatehnagar Power Pvt Ltd	Pvt Fatehnagar Posre Ltd	C/O Kamal Nayan Agarwal Kalyan Furniture, Main Market, Fatehnagar, Udaipur, Rajasthan	C/O KAMAL NAYAN AGARWAL KALYAN FURNITURE, MAIN MARKET, UDAIPUR, Rajasthan	India	India
S1-189831319	S2-585273067	S2	Jai Foods Private Limited	जय फूड्स प्राइवेट लिमिटेड	Netawar, Post - Belaon, Siwan, Siwan, Bihar	NETAWAR, SIWAN, NULL, बिहार	India	India
S1-189831319	S2-833352658	S2	Jai Foods Private Limited	जय फूड्स प्राइवेट लिमिटेड	Netawar, Post - Belaon, Siwan, Siwan, Bihar	NETAWAR, SIWAN, NULL, Bihar	India	India
S1-617253448	S3-424077922	S3	Mountz Colonial Hartford Inc	M0untz Colonial Inc Center	2630 Springdale Drive, Rockford, IL	Springdale Drive, Rockford, Illinois	US	US
S1-953014080	S2-733941253	S2	Solitaire Edutech Private Limited	M/s S0litaire Edutech Private Ltd	A-158/2 (F.F), Ganesh Nagar Near 24 Block School, Tilak Nagar, New Delhi, West Delhi, Delhi	A-0158/2 (F.F), GANESH NAGAR NEAR 24 BLOCK SCHOOL, TILAK NAGAR, WEST DELHI, NEW DELHI, Delhi	India	India
S1-175633133	S2-40070794	S2	Suyash Ventures Private Limited	SUYASH VENTURES PRIVATE LTD	D.No.9-47/36/3, Gf-103, Dtr, Mansion, Vaibhav Nagar, Visakhapatnam (Rural), Visakhapatnam, Vishakhapatnam, Andhra Pradesh	NO #9-47/36/3 , GF-103, DTR, MANSION, VAIBHAV NAGAR, VISAKHAPATNAM (RURAL), VISAKHAPATNAM, Andhra Pradesh	India	India
S1-175633133	S3-82838739	S3	Suyash Ventures Private Limited	Suyash Vtnturs Private Limited	D.No.9-47/36/3, Gf-103, Dtr, Mansion, Vaibhav Nagar, Visakhapatnam (Rural), Visakhapatnam, Vishakhapatnam, Andhra Pradesh		India	India
S1-571376605	S2-587418575	S2	Sunshine Health Private Limited	Sunshine Health Limited Center	C-380, D.S.I.D.C. Narela Industrial Area, Narela, North Delhi, Delhi	C-380, D.S.I.D.C. NARELA INDUSTRIAL AREA, NARELA, दिल्ली	India	India
S1-933356469	S2-530038004	S2	Agasti & Sons	AGASTI & SONS COMPANY	Bangalore, Unit-G2 Ground Floor, Karnataka, No. 35/1 And 35/2 Sgr Dental College Main Road, Munnekolal	DOOR NO 222 UNIT-G2 GROUND FLOOR, NO. 35/1 AND 35/2 SGR DENTAL COLLEGE MAIN ROAD, MUNNEKOLAL, BANGALORE, Karnataka	India	India
S1-126920508	S2-849898364	S2	Hotel Shiva Tech Private Limited	होटल शिवा टेक प्राइवेट लिमिटेड	Bihar, Patna, 212, Ashiana Tower, Exhibition Road, Phulwari	HN 863 212, PHULWARI, PATNA, ASHIANA TOWER, EXHIBITION ROAD, Bihar	India	India
S1-126920508	S3-812655890	S3	Hotel Shiva Tech Private Limited	होटल शिवा टेक प्राइवेट लिमिटेड	Bihar, Patna, 212, Ashiana Tower, Exhibition Road, Phulwari	2-12, Patna, BR, Ashiana Tower, Exhibition Road	India	India
S1-298890713	S2-292281255	S2	Alton & Co	Alton &	B-8, 3Rd Floor, Sahar Roy Appts. Chs Ltd, Sahar Road, Near Air Cargo Complex, Andh, Eri East, Mumbai, Mumbai City, Maharashtra	B-008, 3RD FLOOR, SAHAR ROY APPTS. CHS LTD, SAHAR ROAD, NEAR AIR CARGO COMPLEX, ANDH, ERI EAST, MUMBAI, महाराष्ट्र	India	India
S1-826696794	S2-939828385	S2	H/H Artificial Inc	H/H  Artificial	2076 Winslow Drive, Unit 9, Columbus, OH	2076  WINSLOW DRIVE, COLUMBUS, OH	US	US
S1-826696794	S2-408547460	S2	H/H Artificial Inc	HHARTIFICIAL.COM	2076 Winslow Drive, Unit 9, Columbus, OH	2076  WINSLOW DRIVE, COLUMBUS, OH	US	US
S1-826696794	S2-80713408	S2	H/H Artificial Inc	H/H ARTIFICIAL ÍNC	2076 Winslow Drive, Unit 9, Columbus, OH	2076  WINSLOW DR, COLUMBUS, OH	US	US
S1-826696794	S2-703787957	S2	H/H Artificial Inc	Brixvio	2076 Winslow Drive, Unit 9, Columbus, OH	WINSLOW DRIVE, COLUMBUS, OH	US	US
S1-140574806	S2-735906431	S2	Agneta Allen Shore	AGNETA ALLEN SHÓRE	216 Eagle Lane, Pittsylvania County, VA	VA, PITTSYLVANIA COUNTY, EAGLE LANE	US	US
S1-120433302	S2-44772905	S2	Authentic Electro Ltd	BRIXVEO	House No. S-219, Basement, Greater Kailash-Ii, New Delhi, South Delhi, Delhi	HOUSE NO. S-219, NEW DELHI, SOUTH DELHI, Delhi	India	India
S1-120433302	S3-784116632	S3	Authentic Electro Ltd	Authenticelectro.Com	House No. S-219, Basement, Greater Kailash-Ii, New Delhi, South Delhi, Delhi	House No. S-2-19, Basement, Greater Kailash-ii, New Delhi, South Delhi, दिल्ली	India	India
S1-120433302	S3-360838758	S3	Authentic Electro Ltd	Authentic Elbtro Ltd	House No. S-219, Basement, Greater Kailash-Ii, New Delhi, South Delhi, Delhi	House No. S-2-19, South Delhi, New Delhi, DL	India	India
S1-723275887	S2-238582553	S2	Little & Co	Little &	Telangana, Hyderabad, H.No.32/5, Sardar Patel Nagar Kukutpally	H.NO.#32/5 , SARDAR PATEL NAGAR KUKUTPALLY, Andhra Pradesh	India	India
S1-723275887	S2-542852582	S2	Little & Co	Little & Company	Telangana, Hyderabad, H.No.32/5, Sardar Patel Nagar Kukutpally	NO #32/5 , SARDAR PATEL NAGAR KUKUTPALLY, Andhra Pradesh	India	India
S1-701892935	S3-822521775	S3	Seia Inc.	Sama Inc.	9809 Doulton Court, Fairfax County, VA	9809 Doulton Ct, Fairfax, Virginia	US	US
S1-701892935	S3-767383517	S3	Seia Inc.	Seia Incorporated	9809 Doulton Court, Fairfax County, VA	9809 Doulton Court, Fairfax County, Virginia	US	US
S1-716831720	S2-753157844	S2	Premier Logistics Private Limited	பிரீமியர் லாஜிஸ்டிக்ஸ் பிரைவேட் லிமிடெட்	Tamil Nadu, Chennai, No.42/15, Malony Road T. Nagar, Chennai	NO.42/15, MALONY ROAD T. NAGAR, CHENNAI, Tamil Nadu	India	India
S1-186737681	S3-768667616	S3	Kemp, Celia, O.D.	kempceliaod.com	1309 Thorntree Drive, Erlanger, KY	1309. Thorntree Dr, Errlanger, Kentucky	US	US
S1-186737681	S3-319642517	S3	Kemp, Celia, O.D.	Kemp, Celia, Center	1309 Thorntree Drive, Erlanger, KY	Errlanger, Thorntree Drive, Kentucky	US	US
S1-795245610	S3-561975575	S3	Village Of Howard Regional Midwest Chiropractic	villagehowardregional.com	1844 Maplewood Avenue, Village Of Howard, WI	Maplewood Ave, Village Of Howard, Wisconsin	US	US
S1-795245610	S3-914482022	S3	Village Of Howard Regional Midwest Chiropractic	Village Of Regional Midwest Chiropractic Partners	1844 Maplewood Avenue, Village Of Howard, WI	1844 Mapleowod Avenue, Village Of Howard, Wisconsin	US	US
S1-558129390	S2-634384482	S2	Barnett Sterling Tower Inc	barnettsterlingtower.com	55 Boston Hill Road, Fairhaven, MA	55 BOSTON HILL ROAD, FAIRHAVEN CITY, MA	US	US
S1-441593499	S2-141709094	S2	Mathis Colonial Fitness Corp	Mathis  Colonial Fgitnes Corp	305 Downing Glen Drive, Morrisville, NC	DOWNING GLEN DR, MORRISVILLE, NC	US	US
S1-441593499	S3-454688069	S3	Mathis Colonial Fitness Corp	... Mathis Cilontcral Fitness (Corp)	305 Downing Glen Drive, Morrisville, NC	305 Downing Glen Dr, Morrisville, North Carolina	US	US
S1-479915851	S3-269876572	S3	Wooldridge Managed	Wooldridge Center	18009 Mondamon Road, Apple Valley, CA	18009 Mondamon Road, Apple Valley, California	US	US
S1-589253257	S2-231096085	S2	Future Management Private Limited	फ्यूचर मैनेजमेंट प्राइवेट लिमिटेड	C/O Shalini Singh, Village-Rampur Post- Bacchawan, Varanasi, Uttar Pradesh	C/O SHALINI SINGH, VILLAGE-RAMPUR POST- BACCHAWAN, VARANASI, उत्तर प्रदेश	India	India
S1-511355563	S2-413889574	S2	Hotel Technologies Private Limited	होटल टेक्नोलॉजीज प्राइवेट लिमिटेड	Pune, Flat No. A5 506, Genesis, Sr. No. 123/1/2 And 123/1/3, Maharashtra, Pune	SR. NO. 123/1/2 AND 123/1/3, PUNE, Maharashtra, PUNE	India	India
S1-511355563	S2-168110867	S2	Hotel Technologies Private Limited	होटल टेक्नोलॉजीज प्राइवेट लिमिटेड	Pune, Flat No. A5 506, Genesis, Sr. No. 123/1/2 And 123/1/3, Maharashtra, Pune	SR. NO. 123/1/2 AND 123/1/3, FLAT NO. A5 506, GENESIS, PUNE, Maharashtra	India	India
S1-511355563	S3-995810011	S3	Hotel Technologies Private Limited	होटल टेक्नोलॉजीज प्राइवेट लिमिटेड	Pune, Flat No. A5 506, Genesis, Sr. No. 123/1/2 And 123/1/3, Maharashtra, Pune	Sr. No. 123/1/2 And 123/1/3, Pune, MH	India	India
S1-511355563	S3-795427322	S3	Hotel Technologies Private Limited	होटल Technologies प्राइवेट लिमिटेड	Pune, Flat No. A5 506, Genesis, Sr. No. 123/1/2 And 123/1/3, Maharashtra, Pune	Sr. No. 123/1/2 And 123/1/3, Pune, महाराष्ट्र	India	India
S1-869118709	S2-101031958	S2	Southern Healthcare Private Limited	सदर्न हेल्थकेयर प्राइवेट लिमिटेड	D-10 Empire Residency Nea, R Agarwal Public School, Indore, Madhya Pradesh	D-0010 EMPIRE RESIDENCY NEA, INDORE, Madhya Pradesh	India	India
S1-869118709	S3-73084608	S3	Southern Healthcare Private Limited	सदर्न हेल्थकेयर प्राइवेट लिमिटेड	D-10 Empire Residency Nea, R Agarwal Public School, Indore, Madhya Pradesh	D-10 Empire Residency Nea, Indore, MP	India	India
S1-593436824	S2-631250082	S2	Bouchard, Faust & Bowser Corp	Bouchard, Faust  & Bowser Corp - 3569099252	4484 Clifford Road, Brownsburg, IN	BROWNSBURG, 4484-4488 CLIFFORD RD, IN	US	US
S1-612217752	S2-554245491	S2	Zediis Platinum Independence LLC	ZEDIIS PLT8IMM INDEPENDENCE LLC	884 Pinnacle Hill Road, Kingston Springs, TN	884 PINNACLE HILL ROAD, KINGSTON SPRINGS TOWNSHIP, TN	US	US
S1-612217752	S3-944912160	S3	Zediis Platinum Independence LLC	LLC Zediis Platinum Índependence	884 Pinnacle Hill Road, Kingston Springs, TN	884 Pinnacle Hill Road, Tennessee, Kingston Springs	US	US
S1-95503899	S2-950137390	S2	Unique Investment Limited	यूनिक इन्वेस्टमेंट लिमिटेड	H.No. 1152, Kashiprayag Bumglow, Champa Nagari, Jail Road, Dasak Nasik Road, Nashik, Maharashtra	H.NO. 1152, NASHIK, Maharashtra	India	India
S1-95503899	S2-816744928	S2	Unique Investment Limited	यूनिक इन्वेस्टमेंट लिमिटेड	H.No. 1152, Kashiprayag Bumglow, Champa Nagari, Jail Road, Dasak Nasik Road, Nashik, Maharashtra	NO 1152, NASHIK, Maharashtra	India	India
S1-95503899	S3-52775268	S3	Unique Investment Limited	Unique Ivotsment Limited	H.No. 1152, Kashiprayag Bumglow, Champa Nagari, Jail Road, Dasak Nasik Road, Nashik, Maharashtra	No 1152, Kashiprayag Bumglow, Champa Nagari, Jail Road, Dasak Nasik Road, Nashik, Eklahare, MH	India	India
S1-658336143	S2-955208024	S2	Bharat Projects Private Limited	भारत प्रोजेक्ट्स प्राइवेट लिमिटेड	Wz-1390/12B, Near Janakpuri D Block Pankha Road, Nagal Rai, New Delhi, West Delhi, Delhi	WEST DELHI, Delhi, NEW DELHI, WZ-1390/12B	India	India
S1-862338675	S2-177685541	S2	Sloan Mountain Grid Corp	Sloan Grid Corp Partners	3315 80th Street, City Of Kenosha, WI	3315 80st Street, CITY OF KENOSHA, WI	US	US
S1-862338675	S3-460733328	S3	Sloan Mountain Grid Corp	#sloanmountain	3315 80th Street, City Of Kenosha, WI	80rd St, City Of Kenosha, Wisconsin	US	US
S1-925443249	S3-657719376	S3	Ameerpet Fab Pvt Ltd	ameerpetfab.com	Srishti Homes, Sanjeeva Reddy Nagar, Ameerpet, Telangana, 402, Hyderabad	402, Srishti Homes, Sanjeeva Reddy Nagar, Ameerpet, Hyderabad, TG	India	India
S1-622515318	S2-594570108	S2	City Food Private Limited	సిటీ ఫుడ్ ప్రైవేట్ లిమిటెడ్	Telangana, K.V.Rangareddy, Serilingampally, Fno B 305 3Rd Floor, Ramky One Kosmos	FNO B 3-05 3RD FLOOR, SERILINGAMPALLY, null, Telangana	India	India
S1-235360444	S2-288654694	S2	Supreme Transit Advisors Corp	SUPREME TRANSIT [ADVISORS]	196 Firetree Lane, West End, NC	196 FIRETREE LN, WEST END, NC	US	US
S1-231101064	S2-817560564	S2	Daisi Tate Ocean	DAISI  TATE	922 Van Buren Avenue, Dixon, IL	IL, 922 VAN BUREN AVE, DIXON	US	US
S1-771609668	S2-674672318	S2	Renukadevi Infotech	Renukadevi Center	6, Bishop Lefroy Road, 2Nd Floor, Suite No.15, Kolkata, Kolkata, Howrah, West Bengal	PLOT 17 6, BISHOP LEFROY ROAD, 2ND FLOOR, SUITE NO.15, KOLKATA, KOLKATA, পশ্চিমবঙ্গ	India	India
S1-771609668	S3-547692238	S3	Renukadevi Infotech	renukadeviinfotech.com	6, Bishop Lefroy Road, 2Nd Floor, Suite No.15, Kolkata, Kolkata, Howrah, West Bengal	Block E-546 6, Bishop Lefroy Road, 2Nd Floor, Suite No.15, Kolkata, Kolkata, Howrah, পশ্চিমবঙ্গ	India	India
S1-465376969	S2-487343862	S2	Black Builders Private Limited	ब्लैक बिल्डर्स प्राइवेट लिमिटेड	Delhi, G-6 Triveni Dda Shoppingcomple Sheikh Sarai Phase, West Delhi, Delhi	G-6 TRIVENI DDA SHOPPINGCOMPLE SHEIKH SARAI PHASE, WEST DELHI, DELHI	India	India
S1-465376969	S2-837289894	S2	Black Builders Private Limited	M/s Black Biiaders Private Limited	Delhi, G-6 Triveni Dda Shoppingcomple Sheikh Sarai Phase, West Delhi, Delhi	G-6 TRIVENI DDA SHOPPINGCOMPLE SHEIKH SARAI PHASE, DELHI, दिल्ली	India	India
S1-697294833	S2-991665762	S2	Shiva Media Private Limited	शिवा मीडिया प्राइवेट लिमिटेड	818B, The Camellias, Golf Course Road, Sector 42, Gurgaon, Haryana, Galleria Dlf-Iv	818B, GALLERIA DLF-IV, GURGAON, Haryana	India	India
S1-697294833	S3-527682590	S3	Shiva Media Private Limited	Pfihaate Shiva Media Limited	818B, The Camellias, Golf Course Road, Sector 42, Gurgaon, Haryana, Galleria Dlf-Iv	B3/818b, Gurugram, HR	India	India
S1-878632015	S2-808172566	S2	Cresent Sweets Ltd	CRÉSENTSWEETS.COM	No.14, Avaiyar Street, Subramaniar Nagar Z1, Suramangalam, Krishnagiri, Salem, Tamil Nadu	#14 , AVAIYAR STREET, SUBRAMANIAR NAGAR Z1, SURAMANGALAM, KRISHNAGIRI, Tamil Nadu	India	India
S1-878632015	S2-425504920	S2	Cresent Sweets Ltd	Cresent Swéets Ltd	No.14, Avaiyar Street, Subramaniar Nagar Z1, Suramangalam, Krishnagiri, Salem, Tamil Nadu	14 , AVAIYAR STREET, SUBRAMANIAR NAGAR Z1, SURAMANGALAM, KRISHNAGIRI, Tamil Nadu	India	India
S1-546751738	S2-704911239	S2	Holloway Medical	hollowaymedical.com	Everett, 121 Linden Street, Unit 2, MA	121 LINDEN STREAT, EVERETT, MA	US	US
S1-546751738	S3-823238716	S3	Holloway Medical	hollowaymedical.com	Everett, 121 Linden Street, Unit 2, MA	121D Linden Street, # 2, Everett, Massachusetts	US	US
S1-140525226	S2-122823927	S2	First Technical Solutions	FIRST TECHNICAL SOLUTIONS CORP	IL, Lasalle, 393 N 30th Road	393 NORTH 30TH RD, LA SALLE, IL	US	US
S1-142288436	S2-558274907	S2	High Laxmi Investment	हाई लक्ष्मी इन्वेस्टमेंट	Faizabad, Uttar Pradesh, C/O Shri Amar Nath Shiv Nagar Colony, Faizabad, Pahar Ganj	#655 C/O SHRI AMAR NATH SHIV NAGAR COLONY, AYODHYA, Uttar Pradesh, FAIZABAD	India	India
S1-142288436	S3-566311273	S3	High Laxmi Investment	हाई लक्ष्मी इन्वेस्टमेंट	Faizabad, Uttar Pradesh, C/O Shri Amar Nath Shiv Nagar Colony, Faizabad, Pahar Ganj	C/o Shri Amar Nath Shiv Nagar Colony, Faizabad, UP	India	India
S1-142288436	S3-932431180	S3	High Laxmi Investment	High Laxmi Center	Faizabad, Uttar Pradesh, C/O Shri Amar Nath Shiv Nagar Colony, Faizabad, Pahar Ganj	UP, Faizabad, C/o Shri Amar Nath Shiv Nagar Colony, Faizabad	India	India
S1-142288436	S3-165600845	S3	High Laxmi Investment	हाई लक्ष्मी इन्वेस्टमेंट	Faizabad, Uttar Pradesh, C/O Shri Amar Nath Shiv Nagar Colony, Faizabad, Pahar Ganj	C/o Shri Amar Nath Shiv Nagar Colony, Pahar Ganj, Faizabad, UP	India	India
S1-802078075	S2-716015925	S2	Lamantia Molecular	Lamantia Mólecular	4428 Montevallo Road, Birmingham, AL	4428 MONTEVALLO RD, BIRMINGHAM, AL	US	US
S1-108027852	S2-979600911	S2	Empire Solid, LLC	Empire Soild, LLC	10570 Vogel Avenue, Fl 1, Scottsdale, AZ	10570 VOGEL AVE, SCOTTSDALE, AZ	US	US
S1-108027852	S3-880684306	S3	Empire Solid, LLC	empiresolid.com	10570 Vogel Avenue, Fl 1, Scottsdale, AZ	10570 Vogel Ave, Scottsdale, Arizona	US	US
S1-948549202	S2-115249474	S2	Divue LLC	Dirvre  LLC	8429 2nd Avenue, Birmingham, AL	##8429 Second Avenue, BIRMINGHAM, AL	US	US
S1-177380392	S2-469732933	S2	Laxmi Logistics Limited	लक्ष्मी लॉजिस्टिक्स लिमिटेड	C/402, Shantinagar, Dutta Mandir Road, Malad East, Mumbai, Mumbai City, Maharashtra	MUMBAI CITY, SHANTINAGAR, DUTTA MANDIR ROAD, MALAD EAST, C/402, Maharashtra, MUMBAI	India	India
S1-177380392	S2-247659101	S2	Laxmi Logistics Limited	LAXMI LOGIGSTOICS LIMITED	C/402, Shantinagar, Dutta Mandir Road, Malad East, Mumbai, Mumbai City, Maharashtra	C/402, SHANTINAGAR, DUTTA MANDIR ROAD, MALAD EAST, MUMBAI, Maharashtra	India	India
S1-177380392	S3-995568039	S3	Laxmi Logistics Limited	laxmilogistics.com	C/402, Shantinagar, Dutta Mandir Road, Malad East, Mumbai, Mumbai City, Maharashtra	C/402, Shantinagar, Dutta Mandir Road, Malad East, Mumbai, Mumbai City, MH	India	India
S1-724291976	S2-757383795	S2	Gonzalezlopez's Wholesale	GONZALEZLOPEZ'S WHOLESALE [INC]	CA, 1235 Chestnut Street, Upland	1235 CHESTNUT STREET, CA, UPLAND	US	US
S1-724291976	S3-784538650	S3	Gonzalezlopez's Wholesale	Gonzalezlopez's Wmoleile	CA, 1235 Chestnut Street, Upland		US	US
S1-724291976	S3-618181395	S3	Gonzalezlopez's Wholesale	Gonzalezlopezswholesale.Com	CA, 1235 Chestnut Street, Upland	1235 Chestnut Street, Upland, California	US	US
S1-724291976	S3-392763259	S3	Gonzalezlopez's Wholesale	Gonzalezlopez's Woresale	CA, 1235 Chestnut Street, Upland	California, Upland, 1235 Chestnut Street	US	US
S1-477162050	S2-654347462	S2	BZC Foundation Ltd	bzcfoundation.com	S Y No 33/3, Somwarpet, Kodagu, Karnataka	S Y NO 33/3, SOMWARPET, Karnataka	India	India
S1-477162050	S2-933172661	S2	BZC Foundation Ltd	BZC FOUNDATION	S Y No 33/3, Somwarpet, Kodagu, Karnataka	S Y NO 33/3, SOMWARPET, Karnataka	India	India
S1-848219519	S3-90847949	S3	Celidyne Supply LLC	Celidyne 5upply Llc	4675 Winter Lane, Brooklyn, OH	4675 Winter Lane, <NULL>, Cleveland, Ohio	US	US
S1-566822758	S2-732597627	S2	Virtue Charitable Trust	M/s #virtuecharitable	148 Lower Chitpur Rd1St Floor, Kolkata, South 24 Parganas, West Bengal	#148 LOWER CHITPUR RD1ST FLOOR, KOLKATA, West Bengal	India	India
S1-566822758	S2-148149407	S2	Virtue Charitable Trust	M/s Virtue Cháritable Trust	148 Lower Chitpur Rd1St Floor, Kolkata, South 24 Parganas, West Bengal	148 LOWER CHITPUR RD1ST FLOOR, KOLKATA, West Bengal	India	India
S1-319952925	S2-307146468	S2	Pinnacle Federal Lionheart Inc	PINNACLE FEDERAL LIONHEART INCORPORATED	1785 Vizaleea Drive, Dubuque, IA	DUBUQUE, 1785-1789 VIZALEEA DRIVE, IA	US	US
S1-580966525	S2-687151539	S2	Morbi Wires Private Limited	Pccrditgvet Morbi Wires Limited	S.No. 239/241/242, Sartanpar Road Near, Lezora Granito, At-Matel, Ta-Wanka, Ner, Morbi, Rajkot, Gujarat	S.NO. 239/241/242, SARTANPAR ROAD NEAR, LEZORA GRANITO, AT-MATEL, TA-WANKA, NER, JAIPUR, RAJKOT, Gujarat	India	India
S1-899464369	S3-405039222	S3	Best Dynamix Group	Best Dynamix Gróup	1315 Bethabara Pointe Circle, Winston-salem, NC	1315 Bethabara Pointe Cir, Winston-Salem, North Carolina	US	US
S1-709888578	S2-139512553	S2	Saroornagar Store Private Limited	saroornagarstore.com	K.V.Rangareddy, Saroornagar, Telangana, 7-2-7/Dg/136, 1St Floor, Road 6, Durganagar Colony	7-2-7/DG/136/3, 1ST FLOOR, ROAD 6, DURGANAGAR COLONY, SAROORNAGAR, Telangana	India	India
S1-709888578	S3-488871868	S3	Saroornagar Store Private Limited	Saroornagar Private Limited Services	K.V.Rangareddy, Saroornagar, Telangana, 7-2-7/Dg/136, 1St Floor, Road 6, Durganagar Colony	07-2-7/Dg/136, K.v.rangareddy, Saroornagar, TG	India	India
S1-709888578	S3-326990682	S3	Saroornagar Store Private Limited	Saroornagar Store Private #31889	K.V.Rangareddy, Saroornagar, Telangana, 7-2-7/Dg/136, 1St Floor, Road 6, Durganagar Colony	07-2-7/Dg/136, Saroornagar, K.v.rangareddy, TG	India	India
S1-284710338	S2-183695488	S2	Inter India	INTER INDIA CO	A-2106, Ace Platinum, Block Zeta-1, Plot No Gh 12/1, Greater Noida, Dadri, Gautam Buddha Nagar, Uttar Pradesh	A-2106, ACE PLATINUM, BLOCK ZETA-1, PLOT NO GH 12/1, GREATER NOIDA, DADRI, Uttar Pradesh	India	India
S1-284710338	S3-215858960	S3	Inter India	Inter Idod	A-2106, Ace Platinum, Block Zeta-1, Plot No Gh 12/1, Greater Noida, Dadri, Gautam Buddha Nagar, Uttar Pradesh	A-106, Gautam Buddha Nagar, Dadri, UP	India	India
S1-611106612	S2-392770970	S2	High Impex Private Limited	హై ఇంపెక్స్ ప్రైవేట్ లిమిటెడ్	4-1-Ku0034, Kuravi Road, Bandam Road, Mahabubabad, Warangal Urban, Telangana	MAHABUBABAD, 4-1-KU0034, KURAVI ROAD, BANDAM ROAD, WARANGAL URBAN, Telangana	India	India
S1-699955992	S2-619457951	S2	Diaz Grifols LLC	Diaz Grirgnls LLC	3817 Crane Street, Independence, MO	3834 CRANE ST, INDEPENDENCE, MO	US	US
S1-699955992	S3-130546119	S3	Diaz Grifols LLC	Center Diaz LLC	3817 Crane Street, Independence, MO	381 Crane St, Independence, Missouri	US	US
S1-652651286	S2-49863745	S2	Mumbai Marine Pvt Ltd	Mumbai Mrore  Pvt Ltd	Godown No-2A Sunderville, Mumbai, Maharashtra, Mumbai City, Co-Operative Society Ltd S.V.Road, Next To Vijay Sales, Santacruz, (West)	Maharashtra, GODOWN NO-2A SUNDERVILLE, CO-OPERATIVE SOCIETY LTD S.V.ROAD, NEXT TO VIJAY SALES, SANTACRUZ, (WEST), MUMBAI	India	India
S1-652651286	S2-544013831	S2	Mumbai Marine Pvt Ltd	Mumbai Pvt Ltd Center	Godown No-2A Sunderville, Mumbai, Maharashtra, Mumbai City, Co-Operative Society Ltd S.V.Road, Next To Vijay Sales, Santacruz, (West)	GODOWN NO-2A SUNDERVILLE, CO-OPERATIVE SOCIETY LTD S.V.ROAD, NEXT TO VIJAY SALES, SANTACRUZ, (WEST), MUMBAI, Maharashtra	India	India
S1-652651286	S2-759093679	S2	Mumbai Marine Pvt Ltd	LTD MUMBAI PVT [CENTER]	Godown No-2A Sunderville, Mumbai, Maharashtra, Mumbai City, Co-Operative Society Ltd S.V.Road, Next To Vijay Sales, Santacruz, (West)	MUMBAI, GODOWN NO-2A SUNDERVILLE, MUMBAI CITY, महाराष्ट्र	India	India
S1-652651286	S3-607679243	S3	Mumbai Marine Pvt Ltd	mumbaimarine.com	Godown No-2A Sunderville, Mumbai, Maharashtra, Mumbai City, Co-Operative Society Ltd S.V.Road, Next To Vijay Sales, Santacruz, (West)	H.no 111 Godown No-2a Sunderville, Co-operative Society Ltd S.v.road, Next To Vijay Sales, Santacruz, (West), Mumbai City, MH	India	India
S1-731133418	S2-984425137	S2	Lockport Arts Charities	Lockport Arts	542 4th Street, Lockport, IL		US	US
S1-731133418	S3-644333947	S3	Lockport Arts Charities	Lockport Arts	542 4th Street, Lockport, IL	42 4th St, Lockport, Illinois	US	US
S1-170998977	S3-463875505	S3	Bridges and Baker	Bridges and [Baark]	Ofallon, 2404 Meadow Pointe Drive, MO	Missouri, Ofallon, 2404. Meadow Pointe Drive	US	US
S1-606480359	S2-527210577	S2	Creative Services Private Limited	క్రియేటివ్ సర్వీసెస్ ప్రైవేట్ లిమిటెడ్	H.No.8-3-214/1/A-1, Plot No.B2Madhura Nagar, Hyderabad., Andhra Pradesh, Telangana	H.NO.8-3-214/1/A-1, ANDHRA PRADESH, HYDERABAD., Telangana	India	India
S1-606480359	S2-553306217	S2	Creative Services Private Limited	Creative Services Prinvatge Limited	H.No.8-3-214/1/A-1, Plot No.B2Madhura Nagar, Hyderabad., Andhra Pradesh, Telangana	H.NO.8-3-214/1/A-1, PLOT NO.B2MADHURA NAGAR, HYDERABAD., తెలంగాణ	India	India
S1-606480359	S2-11895238	S2	Creative Services Private Limited	క్రియేటివ్ సర్వీసెస్ ప్రైవేట్ లిమిటెడ్	H.No.8-3-214/1/A-1, Plot No.B2Madhura Nagar, Hyderabad., Andhra Pradesh, Telangana	HYDERABAD., ANDHRA PRADESH, Telangana, #8-3-214/1/A-1	India	India
S1-606480359	S2-541115908	S2	Creative Services Private Limited	Creative Services Private	H.No.8-3-214/1/A-1, Plot No.B2Madhura Nagar, Hyderabad., Andhra Pradesh, Telangana	H.NO.8-3-214/1/A-1, PLOT NO.B2MADHURA NAGAR, HYDERABAD., తెలంగాణ	India	India
S1-606480359	S3-23000002	S3	Creative Services Private Limited	Creative Services Limited Service	H.No.8-3-214/1/A-1, Plot No.B2Madhura Nagar, Hyderabad., Andhra Pradesh, Telangana	No 4-8-3-214/1/A-1, Plot No.b2madhura Nagar, Andhra Pradesh	India	India
S1-144718195	S2-273920934	S2	Golden Pizza	Golden  Pgazaz	1101 22nd Avenue, Battle Ground, WA	1101 22TH AVENUE, BATTLE GROUND, WA	US	US
S1-640578446	S2-648758936	S2	Physical Therapy Medicine of Methuen LLC	Physical Therapy  Medicine of	59 Ford Street, Unit D, Methuen, MA	METHUEN, 59 FORD ST, MA	US	US
S1-640578446	S2-954210588	S2	Physical Therapy Medicine of Methuen LLC	Physical Therapy Medicine of	59 Ford Street, Unit D, Methuen, MA	59 FORD ST, METHUEN, MA	US	US
S1-640578446	S2-305629252	S2	Physical Therapy Medicine of Methuen LLC	Physical Medicine of Methuen LLC Center	59 Ford Street, Unit D, Methuen, MA	59 FORD ST, METHUEN, MA	US	US
S1-640578446	S3-9907709	S3	Physical Therapy Medicine of Methuen LLC	Physical Therapy Medicine Of-Methuen	59 Ford Street, Unit D, Methuen, MA	Massachusetts, 59 Ford Street, # D, Methuen	US	US
S1-640578446	S3-714793935	S3	Physical Therapy Medicine of Methuen LLC	[LLC] Physical Therapy Medicine of Methuen	59 Ford Street, Unit D, Methuen, MA	59 Ford St, # D, Methuen, Massachusetts	US	US
S1-995742594	S3-379801108	S3	Jo Ann Avants Multimedia Inc	Jo Avants, Ann - 6311830671	108 Sudbury Lane, Unit Apartment B, Amherst, NY	Sudbury Ln, # Apartment B, Buffalo, New York	US	US
S1-351491429	S2-974078304	S2	Chhpyana Marketing Partners	Chhpyana Partners Service	Uttar Pradesh, Chhpyana, F-25 Khn No 273 Khatu Shy, Ghaziabad, Chipyana Buzurg	F-##25 KHN NO 273 KHATU SHY, CHIPYANA BUZURG, CHHPYANA, Uttar Pradesh	India	India
S1-76214334	S2-767168267	S2	One Super Energy Private Limited	वन सुपर एनर्जी प्राइवेट लिमिटेड	95 Shri Siddhivinayak Res, Khedapati Mandir Ab Road, Indore, Madhya Pradesh	DOOR NO 95 SHRI SIDDHIVINAYAK RES, KHEDAPATI MANDIR AB ROAD, INDORE, Madhya Pradesh	India	India
S1-76214334	S2-877509884	S2	One Super Energy Private Limited	One Suter Energy Private Limited	95 Shri Siddhivinayak Res, Khedapati Mandir Ab Road, Indore, Madhya Pradesh	95 SHRI SIDDHIVINAYAK RES, KHEDAPATI MANDIR AB ROAD, INDORE, मध्य प्रदेश	India	India
S1-76214334	S2-891478267	S2	One Super Energy Private Limited	वन सुपर एनर्जी प्राइवेट लिमिटेड	95 Shri Siddhivinayak Res, Khedapati Mandir Ab Road, Indore, Madhya Pradesh	95 SHRI SIDDHIVINAYAK RES, INDORE, Madhya Pradesh	India	India
S1-844412430	S2-605869293	S2	Twisted Book Store LP	Twisted [Book]	1125 Madison Street, Unit B3, Annapolis, MD	#1125 MADISON ST, ANNAPOLLIS, MD	US	US
S1-844412430	S2-967714962	S2	Twisted Book Store LP	twistedbookstore.com	1125 Madison Street, Unit B3, Annapolis, MD	ANNAPOLLIS, MD, #1125 MADISON STREET	US	US
S1-844412430	S3-185975387	S3	Twisted Book Store LP	Twisted Book Sddt LP	1125 Madison Street, Unit B3, Annapolis, MD	1125 Madison Street, # B3, Annapolis, Maryland	US	US
S1-844412430	S3-930048730	S3	Twisted Book Store LP	LP Twisted Book Store	1125 Madison Street, Unit B3, Annapolis, MD	1125 Madison Street, # B3, Annapolis, Maryland	US	US
S1-686749094	S3-52110221	S3	Reliable Software Solutions LLC	Reliable Software Solutsins [Llc]	OR, Milwaukie, 12024 Beckman Avenue		US	US
S1-686749094	S3-943936811	S3	Reliable Software Solutions LLC	Reliable  Software Sultons LLC	OR, Milwaukie, 12024 Beckman Avenue	12024  Beckman Avenue, Portlad, Oregon	US	US
S1-686749094	S3-372602907	S3	Reliable Software Solutions LLC	reliablesolutionssoftware.com	OR, Milwaukie, 12024 Beckman Avenue	12024 Beckman Avenue, Portlad, Oregon	US	US
S1-945437722	S2-337628826	S2	Joeann Hills Park Inc.	Joeann Htblsl Park Inc.	10101 Threave Road, Unit 301, Raleigh, NC	1010 THREAVE ROAD, RALEIGH, NC	US	US
S1-305403960	S2-771841018	S2	Urban Food Private Limited	अर्बन फूड प्राइवेट लिमिटेड	5 East Avas Vikas Colony, Betiahata, Gorakhpur, Uttar Pradesh	5 EAST AVAS VIKAS COLONY, BETIAHATA, CIVIL LINES, उत्तर प्रदेश	India	India
S1-305403960	S2-942407057	S2	Urban Food Private Limited	privatefood.com	5 East Avas Vikas Colony, Betiahata, Gorakhpur, Uttar Pradesh	#5 EAST AVAS VIKAS COLONY, GORAKHPUR, ALINAGAR  GORAKHPUR, Uttar Pradesh	India	India
S1-144913221	S3-84009998	S3	Vijay Food Limited	Shri Vijay Limited Center	465/32 Hata Sitara, Begum, Lucknow, Uttar Pradesh	#465/32 Hata Sitara, Lucknow, उत्तर प्रदेश	India	India
S1-339374417	S2-446792196	S2	YD Services Private Limited	YD Private 5ervices Limited	22/957, Swasthi, Thanapadom Sariga Club Road, Thanapadom, Kakkanad, Ernakulam, Kerala	2/957, SWASTHT, THANAPADOM SARIGA CLUB ROAD, THANAPADOM, KAKKANAD, ERNAKULAM, Keralam	India	India
S1-339374417	S2-506134782	S2	YD Services Private Limited	YD Private Limited Services	22/957, Swasthi, Thanapadom Sariga Club Road, Thanapadom, Kakkanad, Ernakulam, Kerala	Keralam, 2/957, SWASTHI, THANAPADOM SARIGA CLUB ROAD, THANAPADOM, KAKKANAD, ERNAKULAM	India	India
S1-339374417	S2-480354944	S2	YD Services Private Limited	YD Services Pvabte  Limited	22/957, Swasthi, Thanapadom Sariga Club Road, Thanapadom, Kakkanad, Ernakulam, Kerala	2/957, SWASTHI, THANAPADOM SARIGA CLUB ROAD, THANAPADOM, KAKKANAD, ERNAKULAM, Keralam	India	India
S1-339374417	S3-242628819	S3	YD Services Private Limited	ydservices.com	22/957, Swasthi, Thanapadom Sariga Club Road, Thanapadom, Kakkanad, Ernakulam, Kerala	22/957, Ernakulam, KL	India	India
S1-339374417	S3-571457223	S3	YD Services Private Limited	YD Private Services Limited	22/957, Swasthi, Thanapadom Sariga Club Road, Thanapadom, Kakkanad, Ernakulam, Kerala	22/957, Ernakulam, കേരളം	India	India
S1-11408993	S3-809425263	S3	Upper Dome	Upper Doeb	Fl 1, 14578 Short Road, Sesser, IL	14578 Short Rd, PMB 5852, Sesser Townhip, Illinois	US	US
S1-182662840	S2-691752892	S2	Dental American Medicine PLLC	DENTAL  AMERICAN	21299 Stacey Road, Queen Creek, AZ	AZ, QUEEN CREEK, ##21299 STACEY ROAD	US	US
S1-182662840	S3-811528101	S3	Dental American Medicine PLLC	PLLC Dental Arain Medicine	21299 Stacey Road, Queen Creek, AZ	21299 Stacey Rd, Queen Creek, Arizona	US	US
S1-182662840	S3-797904166	S3	Dental American Medicine PLLC	dentalamericanmedicine.com	21299 Stacey Road, Queen Creek, AZ	21299 Stacey Rd, Queen Creek, Arizona	US	US
S1-538020889	S3-141496631	S3	Urban Impex Private Limited	Dr Urban Impex Private Límited	11 781 A24, Moolayil Building, Near Hdfc Bank Tv Centre, Ernakulam, Kerala	Ernakulam, കേരളം, Moolayil Building, Near Hdfc Bank Tv Centre, #0011 781 A24	India	India
S1-424170762	S2-959040487	S2	Martinez Advanced Miluna PLLC	martinez advanced míluna pllc	314 Iroquois Road, Hillside, IL	##314 IROQUOIS RD, HILLSIDE, IL	US	US
S1-863881054	S2-714343564	S2	Rnd (India) Enterprise Private Limited	Shri *** RND ENTERPRISE PRIVATE LIMITED SERVICE	Ahmedabad, Gujarat, 101, Ahmedabad, F.F Sumatinath Complex Opp- Kothawala Appartments, Paldi	101, F.F SUMATINATH COMPLEX OPP- KOTHAWALA APPARTMENTS, PALDI, AHMEDABAD, Gujarat	India	India
S1-863881054	S2-918087554	S2	Rnd (India) Enterprise Private Limited	Rnd (India) Enterpliie Private  Limited	Ahmedabad, Gujarat, 101, Ahmedabad, F.F Sumatinath Complex Opp- Kothawala Appartments, Paldi	101, F.F SUMATINATH COMPLEX OPP- KOTHAWALA APPARTMENTS, PALDI, AHMEDABAD, Gujarat	India	India
S1-999894380	S2-144616502	S2	Harbor School of Medicine	HARBOR SCHOO1 OF MEDICINE	MA, Milton, 37 Pagoda Street	MILTON TOWNSHP, 37 PAGODA ST, MA	US	US
S1-999894380	S3-210665020	S3	Harbor School of Medicine	Harbor School	MA, Milton, 37 Pagoda Street	37-D Pagoda Street, Milton, Massachusetts	US	US
S1-999894380	S3-494886149	S3	Harbor School of Medicine	Harbor School of	MA, Milton, 37 Pagoda Street	37-D Pagoda St, Milton, Massachusetts	US	US
S1-148958598	S2-197759733	S2	Behavioral Health Partners Inc	Behavioral Behavioral Health Partners Inc	185 Locust View Way, Troy, OH	#185 LOCUST VIEW WAY, CONCORD TWP, OH	US	US
S1-148958598	S3-442959179	S3	Behavioral Health Partners Inc	Behavioral Health Pártners Inc	185 Locust View Way, Troy, OH	185 Locust View Way, Troy, Ohio	US	US
S1-148958598	S3-923839802	S3	Behavioral Health Partners Inc	(Inc) Behavioral Health Partrns	185 Locust View Way, Troy, OH	185 Locust View Way, Troy, Ohio	US	US
S1-148958598	S3-438267592	S3	Behavioral Health Partners Inc	Behavioral Health Pasrsnmsesr Inc	185 Locust View Way, Troy, OH	185 Locust View Way, Troy, Ohio	US	US
S1-821523654	S2-693378967	S2	Bath County All Emerging	Bath Coruyn All Emerging	150 Old Germantown Road, Bath County, VA	150 OLD GERMANTOWN RD, BATH COUNTY, VA	US	US
S1-821523654	S2-641561614	S2	Bath County All Emerging	VEOSYNONYX	150 Old Germantown Road, Bath County, VA	VA, OLD GERMANTOWN ROAD, BATH COUNTY	US	US
S1-821523654	S2-561207622	S2	Bath County All Emerging	Bath All  Emerging Services	150 Old Germantown Road, Bath County, VA	150 OLD GERMANTOWN RD, BATH COUNTY, VA	US	US
S1-821523654	S3-568032686	S3	Bath County All Emerging	bath all county emerging	150 Old Germantown Road, Bath County, VA	150 Old Germantown Road, Bath County, Virginia	US	US
S1-840218727	S2-48618245	S2	Heritage Design Industries LLC	Heritage Dehsirgn Industries LLC	1111 Innsbrook Lane, Buffalo, MN	1111 INNSBROOK LANE, BUFFAOL, MN	US	US
S1-840218727	S3-501122141	S3	Heritage Design Industries LLC	Heritage Design Indusires LLC	1111 Innsbrook Lane, Buffalo, MN	1111. Innsbrook Lane, PMB 4619, Buffalo CITY, Minnesota	US	US
S1-820751255	S2-247686446	S2	Zeclarsoft, L.L.C.	Zeclarsoft, L.L.C. Services	789 349 Street, Eastlake, OH	789 349 STREET, PO BOX 4967, EASTLAKE, OH	US	US
S1-820751255	S3-368185699	S3	Zeclarsoft, L.L.C.	Zeclarsoft, L.L.C. Center	789 349 Street, Eastlake, OH	789 349 St, Eastlake, Ohio	US	US
S1-820751255	S3-169826544	S3	Zeclarsoft, L.L.C.	L.L.C. Zecalriosft,	789 349 Street, Eastlake, OH	789 349 St, Eastlake, Ohio	US	US
S1-369632481	S2-703513488	S2	Grajales, Miller and Fuente PLLC	@grajalesmiller	901 Yoakum Hollow Road, Jacksboro, TN	901 YOAKUM HOLLOW RD, JACKSBORO, TN	US	US
S1-881770296	S2-805782580	S2	Pediatric Dentistry Clinic, Inc	PEDIATRIC DENTISTRY CLINIC, INCORPORATED	4 Snowbell Lane, Worcester, MA	#4 Snowbell Ln, WORCESTER, MA	US	US
S1-881770296	S3-828639935	S3	Pediatric Dentistry Clinic, Inc	Inc Pediatric Dentistry Clinic,	4 Snowbell Lane, Worcester, MA	3 Snowbell Lane, Worcester, Massachusetts	US	US
S1-837908386	S2-178477919	S2	A Cure 3 You Inc.	Ínc. A Cure 3 Y0u	103 Hampton Lee Court, Unit 1A, Cary, NC	103 HAMPTON LEE CT, CARY, NC	US	US
S1-837908386	S2-595535519	S2	A Cure 3 You Inc.	INC. A CURE 3 YOU	103 Hampton Lee Court, Unit 1A, Cary, NC	103 HAMPTON LEE CT, CARY, NC	US	US
S1-837908386	S3-19216036	S3	A Cure 3 You Inc.	cure3you.com	103 Hampton Lee Court, Unit 1A, Cary, NC	103 Hampton Lee Ct, # 1A, Cary, North Carolina	US	US
S1-837908386	S3-228282490	S3	A Cure 3 You Inc.	A Cure 3 (You)	103 Hampton Lee Court, Unit 1A, Cary, NC	103 Hampton Lee Ct, Unit 1A, Cary, North Carolina	US	US
S1-591365175	S3-893161658	S3	Heart Federation III	Heart Fedbrtaion III	456 Sizemore Avenue, Liberty, NC	456 Sizemore Ave, Liberty, North Carolina	US	US
S1-591365175	S3-534415519	S3	Heart Federation III	Heart Federation III Board	456 Sizemore Avenue, Liberty, NC	456 Sizemore Avenue, Liberty, North Carolina	US	US
S1-184229550	S2-493006432	S2	High Hari Constructions Pvt Ltd	हाई हरि कंस्ट्रक्शंस प्रा. लि.	Office No. 325, Sector 17, Vardhaman Market, Thane, Maharashtra	OFFICE NO. 325, Maharashtra, THANE	India	India
S1-184229550	S3-733381942	S3	High Hari Constructions Pvt Ltd	High Hr Constructions Pvt Ltd	Office No. 325, Sector 17, Vardhaman Market, Thane, Maharashtra	Office No. 325, Thane, महाराष्ट्र	India	India
S1-184229550	S3-309100086	S3	High Hari Constructions Pvt Ltd	हाई हरि कंस्ट्रक्शंस प्रा. लि.	Office No. 325, Sector 17, Vardhaman Market, Thane, Maharashtra	Office No. 325, Thane, महाराष्ट्र	India	India
S1-946744214	S2-351159688	S2	Btm Hitech Private Limited	Private Btm Hitdelch Limited	C-2, Sanjay Enclave, Main Rajapuri Road, New Delhi, West Delhi, Delhi	C-2, SANJAY ENCLAVE, MAIN RAJAPURI ROAD, NEW DELHI, WEST DELHI, दिल्ली	India	India
S1-265007680	S2-483317625	S2	Mehsana Engineering (India)	MEHSANA ENGINEERING (INDIA) CORP	Maharashtra, Pune, Market Yard Road, Amrai, Baramati, Mutha Classes	MUTHA CLASSES, MARKET YARD ROAD, AMRAI, BARAMATI, PUNE, Maharashtra	India	India
S1-585293112	S2-103576266	S2	Mcpheron Citizens LLC	mcpheroncitizens.com	740 Emmett Road, Maysville, NC	740 EMMETT RD, MAYSVILLE, NC	US	US
S1-270609465	S2-124107475	S2	Continental Immersion	CONTINENTAL IMMERSION LTD (ID: 22398)	31 Morehouse Avenue, Milford, CT	MILFORD, CT, 31 MOREHOUSE AVE	US	US
S1-270609465	S2-561352504	S2	Continental Immersion	CONTINENTAL IMMERSION CORP	31 Morehouse Avenue, Milford, CT	31 MOREHOUSE AENUE, MILFORD, CT	US	US
S1-270609465	S3-371133764	S3	Continental Immersion	Continenta1 Immersion	31 Morehouse Avenue, Milford, CT	31 Morehouse Ave, Milford, Connecticut	US	US
S1-274090278	S2-565038429	S2	Baba Marketing Private Limited	బాబా మార్కెటింగ్ ప్రైవేట్ లిమిటెడ్	Hyderabad, H No 4-6-158/44 Plat No 44 Durga Nagar Nacharam, Hyderabad, Telangana	H NO 4-6-158/44 PLAT NO 44 DURGA NAGAR NACHARAM, HYDERABAD, Telangana	India	India
S1-274090278	S3-902366714	S3	Baba Marketing Private Limited	బాబా మార్కెటింగ్ ప్రైవేట్ లిమిటెడ్	Hyderabad, H No 4-6-158/44 Plat No 44 Durga Nagar Nacharam, Hyderabad, Telangana	H No 4-6-158/44 Plat No 44 Durga Nagar Nacharam, Hyderabad, Andhra Pradesh	India	India
S1-37630161	S2-337401548	S2	Schiller Interprivate Partners	Schiller Interprviate Partners	34 Indian Summer Court, Deatsville, AL	34D INDIAN SUMMER CT, DEATSVILLE, AL	US	US
S1-281051556	S2-539994792	S2	Stella Vail House Inc	SVHOUSE.COM	3620 Old Sand Mine Drive, Wilmington, NC	NC, WILMINGTON, 3620 OLD SAND MINE DRIVE	US	US
S1-732503665	S2-350872345	S2	Automated Mobility Alliance	Automated Mobility Álliance	IA, Davenport, 1322 Spring St	1322 SPRING SAINT, DAVENPORT, IA	US	US
S1-499302167	S2-127669900	S2	Shree Industries Private Limited	શ્રી ઇન્ડસ્ટ્રીઝ પ્રાઇવેટ લિમિટેડ	Plot No. 265, G. I. D. C. Estate Sachin, Surat, Gujarat	G. I. D. C. ESTATE SACHIN, SURAT, PLOT NO. 265, Gujarat	India	India
S1-499302167	S2-148775637	S2	Shree Industries Private Limited	શ્રી ઇન્ડસ્ટ્રીઝ પ્રાઇવેટ લિમિટેડ	Plot No. 265, G. I. D. C. Estate Sachin, Surat, Gujarat	PLOT NO. 265, SURAT, ગુજરાત	India	India
S1-499302167	S2-45522817	S2	Shree Industries Private Limited	શ્રી ઇન્ડસ્ટ્રીઝ પ્રાઇવેટ લિમિટેડ	Plot No. 265, G. I. D. C. Estate Sachin, Surat, Gujarat	PLOT NO. 265, G. I. D. C. ESTATE SACHIN, SURAT, ગુજરાત	India	India
S1-499302167	S3-909488329	S3	Shree Industries Private Limited	શ્રી Industries પ્રાઇવેટ લિમિટેડ	Plot No. 265, G. I. D. C. Estate Sachin, Surat, Gujarat	Dor No 265, G. I. D. C. Estate Sachin, Vadodara Region, Surat, GJ	India	India
S1-499302167	S3-112108004	S3	Shree Industries Private Limited	શ્રી ઇન્ડસ્ટ્રીઝ પ્રાઇવેટ લિમિટેડ	Plot No. 265, G. I. D. C. Estate Sachin, Surat, Gujarat	Plot No. 265, G. I. D. C. Estate Sachin, Vadodara Region, Surat, ગુજરાત	India	India
S1-499302167	S3-469734598	S3	Shree Industries Private Limited	શ્રી ઇન્ડસ્ટ્રીઝ પ્રાઇવેટ લિમિટેડ	Plot No. 265, G. I. D. C. Estate Sachin, Surat, Gujarat	Surat, Vadodara Region, No 265, GJ, G. I. D. C. Estate Sachin	India	India
S1-499302167	S3-112888430	S3	Shree Industries Private Limited	શ્રી ઇન્ડસ્ટ્રીઝ પ્રાઇવેટ લિમિટેડ	Plot No. 265, G. I. D. C. Estate Sachin, Surat, Gujarat	Plot No. 265, G. I. D. C. Estate Sachin, Vadodara Region, Surat, ગુજરાત	India	India
S1-499302167	S3-76582686	S3	Shree Industries Private Limited	શ્રી ઇન્ડસ્ટ્રીઝ Private Limited	Plot No. 265, G. I. D. C. Estate Sachin, Surat, Gujarat	Plot No. 265, G. I. D. C. Estate Sachin, Vadodara Region, Surat, ગુજરાત	India	India
S1-989439466	S2-320065734	S2	Value Digital Concepts	Value Digital Cnnesrs	20464 Cooks Drive, Marshall, IL	020464 COOKS DR, DEENNISON CDP, IL	US	US
S1-989439466	S3-904934213	S3	Value Digital Concepts	Value  Digital	20464 Cooks Drive, Marshall, IL	20464 Cooks Dr, Marshall, Illinois	US	US
S1-989439466	S3-312396063	S3	Value Digital Concepts	Value Digital	20464 Cooks Drive, Marshall, IL	20464 Cooks Dr, Marshall, Illinois	US	US
S1-161638253	S2-359325730	S2	Sant Traders Private Limited	5ant Traders Private	Flat No. 105, 4855 / 24, Ansari Road Darya Ganj, New Delhi, Delhi	FLAT NO. 105, NEW DELHI, ANSARI ROAD DARYA GANJ, Delhi	India	India
S1-130377203	S2-760127821	S2	Womens Health Care	Womens Heath [Care]	1811 Sandy Hollow Road, Rockford, IL	1811 SANDY HOLLOW RD, ROCKFORD, IL	US	US
S1-582550646	S2-2906417	S2	U A & O Securities PLLC	U A & O Securities	514 Snow Mass Lane, Yakima, WA	514 SNOW MASS LN, YAKIMA, WA	US	US
S1-582550646	S3-513215204	S3	U A & O Securities PLLC	U A O Securities PLLC  Center	514 Snow Mass Lane, Yakima, WA	514 Snow Mass Lane, Yakima, Washington	US	US
S1-12041665	S2-420357159	S2	Business Realtech Pvt Ltd	Smt ... BUSINESS REALTECH PVT	Mallapagaripalle, Chittoor, Chittoor, Andhra Pradesh, C/O Madhusudhanrao, Pakala	H.NO 80 C/O MADHUSUDHANRAO, PAKALA, CHITTOOR, ఆంధ్రప్రదేశ్	India	India
S1-385823757	S2-376558932	S2	Suniti Services Private Limited	SÚNITISERVICES.COM	32 Ezrz Street 6Th Floor, Kolkata, Howrah, West Bengal	NO #32 EZRZ STREET 6TH FLOOR, KOLKATA, KOLKATA, West Bengal	India	India
S1-385823757	S2-241618878	S2	Suniti Services Private Limited	SUNITI SERVICES PRIVATE  LTD	32 Ezrz Street 6Th Floor, Kolkata, Howrah, West Bengal	NO #32 EZRZ STREET 6TH FLOOR, KOLKATA, KOLKATA, West Bengal	India	India
S1-385823757	S2-208238888	S2	Suniti Services Private Limited	#sunitiservices	32 Ezrz Street 6Th Floor, Kolkata, Howrah, West Bengal	West Bengal, NO #32 EZRZ STREET 6TH FLOOR, KOLKATA, KOLKATA	India	India
S1-385823757	S3-986105166	S3	Suniti Services Private Limited	Suniti Services Private	32 Ezrz Street 6Th Floor, Kolkata, Howrah, West Bengal	##32 Ezrz Street 6Th Floor, Kolkata, Howrah, WB	India	India
S1-762326721	S2-695744868	S2	Pediatric Dental Trusted Care	Pediatric Dental Care Center	Central City, 508 Harrison Avenue, KY	508 HARRISON AVENUE, CENTRAL CITY, KY	US	US
S1-762326721	S3-417513153	S3	Pediatric Dental Trusted Care	Pediatric Dental	Central City, 508 Harrison Avenue, KY	508 Harrison Avenue, Central City, Kentucky	US	US
S1-346929118	S2-105197053	S2	Nectar & Associates of Phulwari	Dr Nectar & Associates of Phuwsari	C/O Ratnesh Kumar, F.No-415B Lotus Apartment, Phulwari, Patna, Bihar	H.NO 992 C/O RATNESH KUMAR, F.NO-415B LOTUS APARTMENT, PHULWARI, Bihar	India	India
S1-454111437	S2-171575965	S2	Maa Research Private Limited	Maa Research Pivoate Limited	Flat No-702, Sapphire A, Gulmohur Tower, Chiranjeev Vihar, Sector, -6, Ghaziabad, Uttar Pradesh	FLAT NO-00702, SAPPHIRE A, GULMOHUR TOWER, CHIRANJEEV VIHAR, SECTOR, -6, GHAZIABAD, Uttar Pradesh	India	India
S1-454111437	S2-659407377	S2	Maa Research Private Limited	M/s maaresearch.com	Flat No-702, Sapphire A, Gulmohur Tower, Chiranjeev Vihar, Sector, -6, Ghaziabad, Uttar Pradesh	FLAT NO-00702, SAPPHIRE A, GULMOHUR TOWER, CHIRANJEEV VIHAR, SECTOR, -6, GHAZIABAD, उत्तर प्रदेश	India	India
S1-241742700	S2-106106217	S2	Linderman Rapid Pennantpark Inc	Linderman Rapid Inc Service	Cedar Rapids, IA, Unit 3, 2134 N Towne Ct NE	134 NORTH TOWNE CT NORTHEAST, CEDAR RAPIDS, IA	US	US
S1-241742700	S2-67386347	S2	Linderman Rapid Pennantpark Inc	LINDERMAN RAPID [PENNANTPARK]	Cedar Rapids, IA, Unit 3, 2134 N Towne Ct NE	134 N TOWNE CT NORTHEAST, CEDAR RAPIDS, IA	US	US
S1-367793476	S2-253699557	S2	Tech Constructions Private Limited	टेक कंस्ट्रक्शंस प्राइवेट लिमिटेड	The Capital, Executive Centre, 7 Th Floor, Plot C70, G Block, Bkc, Ba, Mumbai, Maharashtra	THE CAPITAL, BA, MUMBAI, Maharashtra	India	India
S1-367793476	S2-865153313	S2	Tech Constructions Private Limited	टेक कंस्ट्रक्शंस प्राइवेट लिमिटेड	The Capital, Executive Centre, 7 Th Floor, Plot C70, G Block, Bkc, Ba, Mumbai, Maharashtra	THE CAITAL, EXECUTIVE CENTRE, 7 TH FLOOR, PLOT C70, G BLOCK, BKC, BA, MUMBAI, महाराष्ट्र	India	India
S1-367793476	S3-770171112	S3	Tech Constructions Private Limited	टेक कंस्ट्रक्शंस प्राइवेट लिमिटेड	The Capital, Executive Centre, 7 Th Floor, Plot C70, G Block, Bkc, Ba, Mumbai, Maharashtra	The Capital, Mumbai, Ba, महाराष्ट्र	India	India
S1-872627167	S2-492149082	S2	Anand Brothers Limited	anandbrothers.com	Flat No 703 Gut No 70/1 Pearl Shell Near Nath S, Aurangabad, Maharashtra, Aurangabad	Maharashtra, FLAT NO 703 GUT NO 70/1 PEARL SHELL NEAR NATH S, AURANGABAD	India	India
S1-872627167	S2-160277671	S2	Anand Brothers Limited	Anand 8rothers ([Limited])	Flat No 703 Gut No 70/1 Pearl Shell Near Nath S, Aurangabad, Maharashtra, Aurangabad	FLAT NO 703 GUT NO 70/1 PEARL SHELL NEAR NATH S, AURANGABAD, Maharashtra	India	India
S1-872627167	S3-748462601	S3	Anand Brothers Limited	#anandbrothers	Flat No 703 Gut No 70/1 Pearl Shell Near Nath S, Aurangabad, Maharashtra, Aurangabad	Flat No B3/703 Gut No 70/1 Pearl Shell Near Nath S, Aurangabad, MH	India	India
S1-15005997	S2-502501897	S2	Raphaela F. Newell, O.D.	Raphaela F. Newell, Center	34 Bank Street, New Bedford, MA	##34 BANK SAINT, <NULL>, NEW BEDFORD, MA	US	US
S1-15005997	S2-730790380	S2	Raphaela F. Newell, O.D.	Raphaela F. Netmrwelc, O.D.	34 Bank Street, New Bedford, MA	##34 BANK SAINT, <NULL>, NEW BEDFORD, MA	US	US
S1-15005997	S3-232851522	S3	Raphaela F. Newell, O.D.	Raphaela F. Néwell, Ó.D.	34 Bank Street, New Bedford, MA	34 Bakn Street, New Bedford, Massachusetts	US	US
S1-943874235	S2-313204609	S2	Shakti Global LLP	शक्ति ग्लोबल एलएलपी	B-19, 1St Floor, Commercial Complex Dr Mukherjee Nagar, Delhi, North West, Delhi	NORTH DELHI, B-19, DELHI, 1ST FLOOR, COMMERCIAL COMPLEX DR MUKHERJEE NAGAR	India	India
S1-751608780	S2-936453119	S2	Day Maintenance LLC	DAY LLC MAINTENANCE	485 Ruby Raymond Road, Waterbury, VT	WATERBURY, VT, 127 Ruby Raymond Rd	US	US
S1-751608780	S2-365246518	S2	Day Maintenance LLC	(LLC) DAY MOAFINTCNANCE	485 Ruby Raymond Road, Waterbury, VT	485-487 Ruby Raymond Rd, WATERBURY, VT	US	US
S1-149302771	S2-709343500	S2	Dermatology Associates Inc	Dermatology Asfocdntaes Inc	660 Forest Glen Drive, Valparaiso, IN	660. Forest Glen Dr, VALPARAISO, IN	US	US
S1-149302771	S2-373866130	S2	Dermatology Associates Inc	Dermatology Inc [Center]	660 Forest Glen Drive, Valparaiso, IN	660. FOREST GLEN DR, VALPARAISO, IN	US	US
S1-149302771	S3-783158849	S3	Dermatology Associates Inc	Dermatology Associates  Incorporated	660 Forest Glen Drive, Valparaiso, IN	660 Forest Glen Drive, Valparaiso, Indiana	US	US
S1-582702190	S2-480917240	S2	KKX State Inc	KKX Staote Inc	205 D M Court, AR, Pearcy		US	US
S1-582702190	S3-797863111	S3	KKX State Inc	Partners KKX Inc	205 D M Court, AR, Pearcy	205 D M Ct, Pearcy, Arkansas	US	US
S1-620179786	S3-66115272	S3	Washington and Dillon Precious	Washington and  Dillon	IL, 1589 Rochester Road, Pingree Grove	1589 Rochester Road, Pingree Grove, Illinois	US	US
S1-691663442	S2-666482662	S2	Classic Data Digital LP	Classic Data LP Center	AZ, 15361 Virginia Avenue, Goodyear, Unit 2041	15361 Virginia Avenue, GOODYEAR, AZ	US	US
S1-691663442	S2-112945751	S2	Classic Data Digital LP	C1assic Data Digital LLC	AZ, 15361 Virginia Avenue, Goodyear, Unit 2041	15361 Virginia Avenue, GOODYEAR, AZ	US	US
S1-691663442	S2-97384070	S2	Classic Data Digital LP	CLASSIC DAFBMOA DIGITAL LP	AZ, 15361 Virginia Avenue, Goodyear, Unit 2041	15361 VIRGINIA AVENUE, GOODYEAR, AZ	US	US
S1-691663442	S2-590889572	S2	Classic Data Digital LP	classicdatadigital.com	AZ, 15361 Virginia Avenue, Goodyear, Unit 2041	15361 VIRGINIA AVE, GOODYEAR, AZ	US	US
S1-435229220	S2-822045027	S2	Munoz Banc Co	Lyragild	10421 Larry Street, TX, Houston	1042 LARRY ST, HOUSTON, TX	US	US
S1-285739773	S2-480760116	S2	Gobind & Sons	Gobind & Sóns	C/O Gaurav Kumar, Chand Choura Morcha Gali, Gaya, Bihar	C/O GAURAV KUMAR, CAHND CHOURA MORCHA GALI, GAYA, Bihar	India	India
S1-492793391	S2-894940539	S2	Audio Infrastructure Limited	Audio Ínfrastructure Limited	Ernakulam, Iv E Fourt Floor Rds Retreatchittoor Road Kacheripady, Kerala, Ernakulam	DOOR NO 565 IV E FOURT FLOOR RDS RETREATCHITTOOR ROAD KACHERIPADY, ERNAKULAM, Keralam	India	India
S1-375348297	S2-886583288	S2	United Foods LLC	UNITED  FOHGDS LLC	4455 Hodge Road, Memphis, TN	4455 HODGE RD, PO BOX 6759, MEMPHIS, TN	US	US
S1-375348297	S2-855128795	S2	United Foods LLC	United Fóods LLC	4455 Hodge Road, Memphis, TN	4455 HODGE ROAD, PO BOX 6759, MEMPHIS, TN	US	US
S1-375348297	S3-694660532	S3	United Foods LLC	United Fóods LLC	4455 Hodge Road, Memphis, TN	#4455 Hodge Rd, Memphs, Tennessee	US	US
S1-370715897	S2-146449836	S2	Primary Care Physicians Inc.	Primary Care Physicians	53 Park Lane, Wellsville, NY	53-55 PARK LANE, WELLSVILLE, NY	US	US
S1-81981566	S2-186013921	S2	American Oxley LLC	American Óxley LLC	W197N4950 Hickory Street, Unit Apartment 303, Village Of Menomonee Falls, WI	W197N4950 HICKORY ST, VILLAGE OF MENOMONEE FALLS, WI	US	US
S1-298826786	S3-53157301	S3	Rapid Wholesale Consultants	@rapidwh0lesale	1171 12, Town Of Warren, WI	1171-1175 12, Town Of Warren, Wisconsin	US	US
S1-515624637	S2-203836566	S2	Mireles Generation LLC	Center Mireles LLC	2114 S 3rd Street, Unit 5D, Shelbyville, IL	2114  South 3rd St, SHELBYVLILE, IL	US	US
S1-515624637	S3-858865551	S3	Mireles Generation LLC	mirelesgeneration.com	2114 S 3rd Street, Unit 5D, Shelbyville, IL	2114 S 3rd St, # 5D, Shelbyville, Illinois	US	US
S1-515624637	S3-61937508	S3	Mireles Generation LLC	Mireles-Geseiaton LLC	2114 S 3rd Street, Unit 5D, Shelbyville, IL	Shelbyville, Unit 5D, 2114 S 3rd St, Illinois	US	US
S1-515624637	S3-563301876	S3	Mireles Generation LLC	generationmireles.com	2114 S 3rd Street, Unit 5D, Shelbyville, IL	2114 S 3rd Street, # 5D, Shelbyville, Illinois	US	US
S1-569898026	S2-171586832	S2	Belchertown Dragon	Belchertown Center	296 Bardwell Street, Belchertown, MA	96 BARDWELL STREET, BELCHERTOWN, MA	US	US
S1-97581850	S2-287401931	S2	Green Exports Private Limited	ग्रीन एक्सपोर्ट्स प्राइवेट लिमिटेड	B-3, B-71C, Janakpuri, New Delhi, West Delhi, Delhi	B-3, B-71C, JANAKPURI, NEW DELHI, WEST DELHI, दिल्ली	India	India
S1-97581850	S3-447060680	S3	Green Exports Private Limited	ग्रीन एक्सपोर्ट्स प्राइवेट लिमिटेड	B-3, B-71C, Janakpuri, New Delhi, West Delhi, Delhi	B-##3, B-71c, Janakpuri, West Delhi, New Delhi, दिल्ली	India	India
S1-97581850	S3-60652506	S3	Green Exports Private Limited	ग्रीन एक्सपोर्ट्स प्राइवेट लिमिटेड	B-3, B-71C, Janakpuri, New Delhi, West Delhi, Delhi	B-##3, New Delhi, West Delhi, DL	India	India
S1-486296456	S2-440266189	S2	Asset Building Fellowship	Asset Building Services	1510 Beaumont Street, Sheppard Afb, TX		US	US
S1-292649689	S2-603318243	S2	Global Services Private Limited	গ্লোবাল সার্ভিসেস প্রাইভেট লিমিটেড	2-Floor, 2/D Panditya Road, Kolkata, Kolkata, Howrah, West Bengal	#411 2-FLOOR, 2/D PANDITYA ROAD, KOLKATA, CALCUTTA, HOWRAH, West Bengal	India	India
S1-292649689	S2-581839464	S2	Global Services Private Limited	গ্লোবাল সার্ভিসেস প্রাইভেট লিমিটেড	2-Floor, 2/D Panditya Road, Kolkata, Kolkata, Howrah, West Bengal	H.NO 411 2-FLOOR, 2/D PANDITYA ROAD, KOLKATA, CALCUTTA, HOWRAH, পশ্চিমবঙ্গ	India	India
S1-292649689	S3-182160243	S3	Global Services Private Limited	গ্লোবাল সার্ভিসেস প্রাইভেট লিমিটেড	2-Floor, 2/D Panditya Road, Kolkata, Kolkata, Howrah, West Bengal	2-Floor., N/A, Howrah, Kolkata, WB	India	India
S1-292649689	S3-110738950	S3	Global Services Private Limited	গ্লোবাল সার্ভিসেস প্রাইভেট লিমিটেড	2-Floor, 2/D Panditya Road, Kolkata, Kolkata, Howrah, West Bengal	2-Floor., Howrah, N/A, WB, Kolkata	India	India
S1-292649689	S3-618752974	S3	Global Services Private Limited	Global Services  Private Ltd	2-Floor, 2/D Panditya Road, Kolkata, Kolkata, Howrah, West Bengal	2-Floor., N/A, Kolkata, Howrah, WB	India	India
S1-71172417	S2-607514252	S2	Tirupati Estate Private Limited	तिरुपति एस्टेट प्राइवेट लिमिटेड	Flat No: 302, Foor No 3, Krishna Kunj, Gokuldham, Film City Road, Goregon, Mumbai, Mumbai City, Maharashtra	NO. 204 FLAT NO: 302, FOOR NO 3, KRISHNA KUNJ, GOKULDHAM, FILM CITY ROAD, GOREGON, MUMBAI, MUMBAI (SUBURBAN), Maharashtra	India	India
S1-71172417	S3-806740086	S3	Tirupati Estate Private Limited	Tirupati एस्टेट प्राइवेट लिमिटेड	Flat No: 302, Foor No 3, Krishna Kunj, Gokuldham, Film City Road, Goregon, Mumbai, Mumbai City, Maharashtra	Flat No: 30, Mumbai, Mumbai City, MH	India	India
S1-42596820	S3-810444824	S3	Lakshmi Construction Private Limited	लक्ष्मी कंस्ट्रक्शन Private Limited	B-11/C-2, Malviya Nagar, Ind. Area, Jaipur, Rajasthan	Jaipur, B-011/c-2, Ind. Area, RJ	India	India
S1-506296494	S2-757441199	S2	Pinnacle Public	Nylaarcsol	4400 Culver Road, Irondequoit, NY	#4400 CULVER RD, ROCHESTER, NY	US	US
S1-506296494	S3-260394381	S3	Pinnacle Public	Pinnacle Públic	4400 Culver Road, Irondequoit, NY	4400 Culver Rd, Rochester, New York	US	US
S1-506296494	S3-162225999	S3	Pinnacle Public	Pinnacle Públic	4400 Culver Road, Irondequoit, NY	4400 Culver Road, Rochester, New York	US	US
S1-90406410	S2-649681176	S2	White Care LLP	വൈറ്റ് കെയർ എൽഎൽപി	Ka14/391-393 Kannothumchal, P.O.Chovva, Kannur, Kerala	BLOKC E-290 KA14/391-393 KANNOTHUMCHAL, KANNUR, Kerala	India	India
S1-90406410	S2-679115769	S2	White Care LLP	വൈറ്റ് കെയർ എൽഎൽപി	Ka14/391-393 Kannothumchal, P.O.Chovva, Kannur, Kerala	BLOCK E-290 KA14/391-393 KANNOTHUMCHAL, KANNUR, കേരളം	India	India
S1-90406410	S3-403555828	S3	White Care LLP	വൈറ്റ് കെയർ എൽഎൽപി	Ka14/391-393 Kannothumchal, P.O.Chovva, Kannur, Kerala	Ka##14/391-393 Kannothumchal, P.o.chovva, Kannur, Keralam	India	India
S1-90406410	S3-864053199	S3	White Care LLP	വൈറ്റ് കെയർ എൽഎൽപി	Ka14/391-393 Kannothumchal, P.O.Chovva, Kannur, Kerala	P.o.chovva, Kannur, Keralam, Ka##14/391-393 Kannothumchal	India	India
S1-564729135	S2-327309238	S2	Dream Construction Limited	డ్రీమ్ కన్‌స్ట్రక్షన్ లిమిటెడ్	H.No.16-11-23/37/A, 2Nd Floor, Flat No.207, Sagar Hotel Building, Opp.Rta Office, Mo, Osarambagh, Hyderabad, Telangana	H.NO 16-11-23/37/A, OSARAMBAGH, HYDERABAD, Telangana	India	India
S1-163766842	S2-573098593	S2	Star Offshore Care	Star Offshore Cgae	235 Sunset Avenue, Wenatchee, WA	00235 SUNSET AVE, WENATCHEE, WA	US	US
S1-163766842	S3-921257239	S3	Star Offshore Care	staroffshorecare.com	235 Sunset Avenue, Wenatchee, WA	Sunset Avenue, Wenatchee, Washington	US	US
S1-631165181	S2-464927504	S2	Brown & Martinez	Br0wn & Martinez	1119 24th Avenue, Grand Forks, ND	1119-D 24TH AVE, GRAND FOORKS, ND	US	US
S1-631165181	S3-790051539	S3	Brown & Martinez	brownmartinez.com	1119 24th Avenue, Grand Forks, ND	1119 24th Ave, Grand Forks, North Dakota	US	US
S1-167577766	S2-359621800	S2	Hansen White	HANSENWHITE.COM	6507 Clear Drop Way, Unit 302, Glen Burnie, MD	650 CLEAR DROP WAY, GLEN BURNIE, MD	US	US
S1-167577766	S3-901247939	S3	Hansen White	Hansen Services	6507 Clear Drop Way, Unit 302, Glen Burnie, MD	6507 Clear Drop Way, Unit 302, Glen Burnie, Maryland	US	US
S1-167577766	S3-784021147	S3	Hansen White	Hánsen-White	6507 Clear Drop Way, Unit 302, Glen Burnie, MD	Glen Burnie, Maryland, Unit 302, 6507 Claar Drop Way	US	US
S1-167577766	S3-87681362	S3	Hansen White	Hansen Whie	6507 Clear Drop Way, Unit 302, Glen Burnie, MD		US	US
S1-563586539	S2-274257196	S2	Syracuse Family Beacon Services Inc	Irifluxbelo	1573 2000, Unit D, Syracuse, UT	1573 2000, SYRACUSE, UT	US	US
S1-585407266	S2-314411884	S2	A Certified Trust LLC	ctrust.com	27 Lincoln Road, Wethersfield, CT	##27 LINCOLN RD, WETHERSFIELD, CT	US	US
S1-585407266	S2-369058193	S2	A Certified Trust LLC	A Certified LLC Services	27 Lincoln Road, Wethersfield, CT	##27 LINCOLN RD, WETHERSFIELD, CT	US	US
S1-585407266	S2-829517172	S2	A Certified Trust LLC	A CERGLTIAFIED TRUST [LLC]	27 Lincoln Road, Wethersfield, CT	##27 LINCOLN RD, WETHERSFIELD, CT	US	US
S1-585407266	S3-619002505	S3	A Certified Trust LLC	Certifiedtrust.Com	27 Lincoln Road, Wethersfield, CT	Lincoln Road, Wethersfield, Connecticut	US	US
S1-305783479	S2-509660122	S2	Shelton Dental Associates	SHELTON DENTAL ASSOCIATES CO	3832 Valentine Street, Fort Worth, TX	832 VALENTINE ST, <NULL>, FORT WORTH, TX	US	US
S1-677358632	S2-772245727	S2	Dutta Experience Private Limited	Dutta Efclperienec Private Limited	Shreenath, 96, Shiv Aradhna Society, Satyasai Hospital Road, Rajkot, Gujarat	HN 103 SHREENATH, 96, SHIV ARADHNA SOCIETY, SATYASAI HOSPITAL ROAD, RAJKOT, Gujarat	India	India
S1-924009686	S3-227737439	S3	Elegance Events (India) Private Limited	M/s Elegance Events (India) Piddfvbote Limited	Bangalore, Swati Enclave, Trb Layout 1St Main, 1St Cross, Bangalore, Karnataka, No. 401	No. 401, Swati Enclave, Trb Layout 1St Main, 1St Cross, Bangalore, KA	India	India
S1-303791674	S2-56047275	S2	Shencottah-627 809 Shencottah-627 809 Rubber Public Limited	SHENCOTTAH627809SHENCOTTAH627.COM	No.9, Tenkasi Road, Shencottah-627 809 Shencottah-627 809, Shencottah-627 809, Tamil Nadu	NO.D/9 , TENKASI ROAD, SHENCOTTAH-627 809 SHENCOTTAH-627 809, Tamil Nadu	India	India
S1-303791674	S2-526070285	S2	Shencottah-627 809 Shencottah-627 809 Rubber Public Limited	SHENCOTTAH-627 809 SHENCOTTAH-627 809 RUBBER PUB1IC LIMITED	No.9, Tenkasi Road, Shencottah-627 809 Shencottah-627 809, Shencottah-627 809, Tamil Nadu	D/9 , TENKASI ROAD, SHENCOTTAH-627 809 SHENCOTTAH-627 809, தமிழ்நாடு	India	India
S1-98168281	S2-702845828	S2	Ortiz's Advanced Freight	ORTIZ'S AHDANGCED FREIGHT	61022 Holly Court, OR, Bend	61022A HOLLY COURT, BEND, OR	US	US
S1-106691524	S3-969906564	S3	Saiprasad Online Private Limited	Saiprasad Online Private Límited	215/275/4 B S Palya, Bangalore, Karnataka	No 215/275/4 B S Palya, Bangalore, Dodda Banasawadi, KA	India	India
S1-504059078	S2-576213995	S2	Bastion Financial LLC	FINANCIAL BASTION LLC	2729 Montclare Avenue, Chicago, IL	Montclare Ave, ELMWOOD PARK, IL	US	US
S1-504059078	S3-81915093	S3	Bastion Financial LLC	Bastion LLC Services	2729 Montclare Avenue, Chicago, IL	2729- Montclare Ave, Elmwood Park, Illinois	US	US
S1-988797326	S2-171150966	S2	Malad West Communications Private Limited	Ma1ad West Communications Private [Limited]	Mumbai, 2 Darnus Niwas Yashoda Smruti, Maharashtra, Malad West, Nadiadwala Chl No 2 S V Rd	#2 DARNUS NIWAS YASHODA SMRUTI, NADIADWALA CHL NO 2 S V RD, MALAD WEST, MUMBAI, Maharashtra	India	India
S1-988797326	S3-64581649	S3	Malad West Communications Private Limited	Malad West C0mmunications Private Limited	Mumbai, 2 Darnus Niwas Yashoda Smruti, Maharashtra, Malad West, Nadiadwala Chl No 2 S V Rd	2 Darnus Niwas Yashoda Smruti, Malad West, Mumbai, MH	India	India
S1-75134768	S2-170486292	S2	Urban Tech	আরবান টেক	Calcutta, 71 B R B Basu Rd, West Bengal, Kolkata	71 B R B BASU RD, CALCUTTA, West Bengal	India	India
S1-75134768	S2-623236074	S2	Urban Tech	আরবান টেক	Calcutta, 71 B R B Basu Rd, West Bengal, Kolkata	71 B R B BASU RD, CALCUTTA, পশ্চিমবঙ্গ	India	India
S1-75134768	S3-146641895	S3	Urban Tech	আরবান টেক	Calcutta, 71 B R B Basu Rd, West Bengal, Kolkata	71 B R B Basu Rd, North 24 Paraganas, Calcutta, WB	India	India
S1-410304151	S2-815364211	S2	Interstate Health Alliance Inc	[INC] INTERSTATE HNTLH ALLIANCE	1138 Main Street, Bldg ACUSHNET FIRE DEPARTMENT FIRE STATION #2, Acushnet, MA	1138 MAIN STREET, ACUSHNET, MA	US	US
S1-410304151	S2-814935460	S2	Interstate Health Alliance Inc	healthallianceinterstate.com	1138 Main Street, Bldg ACUSHNET FIRE DEPARTMENT FIRE STATION #2, Acushnet, MA	1138 MAIN ST, ACUSHNET, MA	US	US
S1-97737266	S3-85959377	S3	Perfect Properties Private Limited	Perfect Pr0perties Private Limited	G-11, Umbai, Maharashtra, Mumbai, Floor- Grd, Plot -399, 7C, Udyog Bhagoji Keer Marg, Nr Paradise Cinema, M	No. 967 G-11, MH, Floor- Grd, Plot -399, 7C, Udyog Bhagoji Keer Marg, Nr Paradise Cinema, M, Umbai, Mumbai	India	India
S1-162806244	S2-497044313	S2	Claudine Thompson Mitsubishi Corp	THE CLAUDINE THOMPSON MITSUBISHI (CORP)	41251 Hearne Road, New London, NC	41251 HEANRE ROAD, NEW LONDON, NC	US	US
S1-436307824	S2-343854221	S2	Franni's Chemical Group	Franni's Group Service	6800 Clover Avenue, Mason, OH	##6800 CLOVER AVENUE, DEERFIELD TWP, OH	US	US
S1-942110962	S2-552679478	S2	Allied Dental Associates	A1lied Dental Associates Inc	13305 319th Avenue, Arlington, AZ	13026 319ST AVENUE, ARLINGTON CDP, AZ	US	US
S1-558031216	S2-711496725	S2	50/53 Mobility	50/53 Mobiliy	MO, Saint Louis, 588 Garden Avenue	588 GARDEN AVENUE, ST LOUIS, MO	US	US
S1-62395269	S2-554011115	S2	Advanced Best LLC	-- Advanced Bt LLC	106 Harwinton Avenue, Plymouth, CT	105 HARWINTON AVENUE, PLYMOUTH, CT	US	US
S1-62395269	S2-449488695	S2	Advanced Best LLC	advancedbest.com	106 Harwinton Avenue, Plymouth, CT	HARWINTON AVENUE, PLYMOUTH, CT	US	US
S1-62395269	S2-9240140	S2	Advanced Best LLC	advancedbest.com	106 Harwinton Avenue, Plymouth, CT	105 HARWINTON AVE, PLYMOUTH, CT	US	US
S1-62395269	S3-328592163	S3	Advanced Best LLC	Advanced Bést LLC	106 Harwinton Avenue, Plymouth, CT	Harwinton Avenue, Plymouth, Connecticut	US	US
S1-820394674	S2-534884187	S2	Indu Trust	INDU TRUST CORP	1001 Wing-D, Rustomjee, Paramount 18Th Rd, Khar W, Mumbai, Maharashtra	DOOR NO D/1001 WING-D, RUSTOMJEE, PARAMOUNT 18TH RD, KHAR W, MUMBAI, Maharashtra	India	India
S1-820394674	S3-817289043	S3	Indu Trust	Indutrust.Com	1001 Wing-D, Rustomjee, Paramount 18Th Rd, Khar W, Mumbai, Maharashtra	Door No 1001 Wing-d, Mumbai, MH	India	India
S1-820394674	S3-71026553	S3	Indu Trust	Indu-Trust | www.indutrust.com	1001 Wing-D, Rustomjee, Paramount 18Th Rd, Khar W, Mumbai, Maharashtra	Rustomjee, Paramount 18Th Rd, Khar W, Mumbai, महाराष्ट्र, H.no 1001 Wing-d, Mumbai	India	India
S1-914958503	S2-289579187	S2	New Ventures Private Limited	நியூ வென்ச்சர்ஸ் பிரைவேட் லிமிடெட்	No. 46, First Floor, Kirupa Sankari Street, Chennai City Corporation, Chennai, Tamil Nadu	46, FIRST FLOOR, KIRUPA SANKARI STREET, CHENNAI, CHENNAI CITY CORPORATION, Tamil Nadu	India	India
S1-914958503	S3-243484559	S3	New Ventures Private Limited	New Venteuoes Private Limited	No. 46, First Floor, Kirupa Sankari Street, Chennai City Corporation, Chennai, Tamil Nadu	No. 46, Chennai City Corporation, Chennai, தமிழ்நாடு	India	India
S1-686329764	S3-335433048	S3	Heritage Trust	... Heritage Tbust	182 Jackson Street, Unit UNIT B, Rialto, CA	Jackson Street, # UNIT B, Riato, California	US	US
S1-112860356	S2-206465802	S2	Good Logistics Private Limited	गुड लॉजिस्टिक्स प्राइवेट लिमिटेड	Office No 1405, Kamdhenu Commerz Premises, Sector 14, Plot No 02, Panvel, Raigarh(Mh), Maharashtra	KAMDHENU COMMERZ PREMISES, SECTOR 14, PLOT NO 02, OFFICE NO 1405, PANVEL, RAIGARH(MH), Maharashtra	India	India
S1-820630138	S2-167720603	S2	HZS Vii LLC	HZS VÍI LLC	Charlotte, NC, 1421 Seneca Place	CHARLOTTE, 1421-1425 SENECA PLACE, NC	US	US
S1-616950184	S3-415129222	S3	Karina's Brokerage	Karina's Karina's B1rokaerge	8422 Care Drive, Garfield Heights, OH	8422 Care Dr, Cleveland, Ohio	US	US
S1-985181624	S3-51577933	S3	Pulp Servicesprivate Private Limited	Pulp Servicesprivate Private Límited	Plot No. 247, Industrial Area Nangla, Faridabad, Haryana	247, Industrial Area Nangla, Faridabad, HR	India	India
S1-737368602	S2-974145789	S2	Knobloch & Foster Inc	knoblochfoster.com	17142 58th Street, Bellevue, WA	17142 58TH ST, BELELVUE, WA	US	US
S1-980320825	S3-930403577	S3	Value Bond	Value Bnod	1116 Anita Court, Mount Sterling, KY	1116 Anita Ct, Mount Sterling, Kentucky	US	US
S1-21981800	S2-74403648	S2	Shel Tungate Precision Management Inc	5hel Tungate Precision	1106 Adrift Court, Crosby, TX	1106 ADRIFT COURT, PMB 7906, CROSBY, TX	US	US
S1-684656443	S2-815000108	S2	Green Ventures Ltd	GREEN VENTURES	P. O. Ranasan, Ta. Talod, Ranasan, Sabar Kantha, Gujarat	P. O. RANASAN, TA. TALOD, RANASAN, ગુજરાત	India	India
S1-684656443	S3-611972573	S3	Green Ventures Ltd	Green Ventures  Ltd #18964	P. O. Ranasan, Ta. Talod, Ranasan, Sabar Kantha, Gujarat	P. O. Ranasan, Ta. Talod, Sabar Kantha, GJ	India	India
S1-866481061	S2-531279398	S2	Indo Ventures Private Limited	ইন্দো ভেঞ্চারস প্রাইভেট লিমিটেড	Flat 1C, Block B, Chinar Heights 46/3 Chinar Park, Kolkata, Kolkata, Howrah, West Bengal	FLAT 1C, BLOCK B, CHINAR HEIGHTS 46/3 CHINAR PARK, KOLKATA, CALCUTTA, HOWRAH, West Bengal	India	India
S1-866481061	S3-322964355	S3	Indo Ventures Private Limited	indoventures.com	Flat 1C, Block B, Chinar Heights 46/3 Chinar Park, Kolkata, Kolkata, Howrah, West Bengal	Howrah, Block B, Chinar Heights 46/3 Chinar Park, Kolkata, WB, Flat 1C, Calcutta	India	India
S1-708417088	S2-283750427	S2	Mah Visa Private Limited	MAH VISA PRIVATE LTD	Gat No 751 At Post Velu, Bhor, Pune, Maharashtra	#852- GAT NO 751 AT POST VELU, BHOR, Maharashtra	India	India
S1-708417088	S3-128551007	S3	Mah Visa Private Limited	Mah Viffsa Private Límited	Gat No 751 At Post Velu, Bhor, Pune, Maharashtra	Gat No 751 At Post Velu, Pune, महाराष्ट्र	India	India
S1-367965660	S2-629863367	S2	Poole, Goe and Voss, LLC	poolegoevoss.com	195 Myers Drive, Gurley, AL	GURLEY, 00195 MYERS DR, AL	US	US
S1-367965660	S2-5725583	S2	Poole, Goe and Voss, LLC	poolegoevosscom	195 Myers Drive, Gurley, AL	00195 MYERS DRIVE, GURLEY, AL	US	US
S1-367965660	S2-478218307	S2	Poole, Goe and Voss, LLC	Poole, Goe and	195 Myers Drive, Gurley, AL	00195 MYERS DRIVE, GURLEY, AL	US	US
S1-367965660	S3-110382766	S3	Poole, Goe and Voss, LLC	P0ole, Goe and Voss, LLC Services	195 Myers Drive, Gurley, AL	195 Myers Dr, Gurley, Alabama	US	US
S1-855700872	S2-94910228	S2	Devsons Consultants	DEVSONS CENTER	Flat No-205, Plot No-189, Kvk Classic Homes, Venture-3, Kalyan Nagar, Hyderabad, Telangana	PLOT 53 FLAT NO-205, PLOT NO-189, KVK CLASSIC HOMES, VENTURE-3, KALYAN NAGAR, HYDERABAD, తెలంగాణ	India	India
S1-500998121	S2-79500755	S2	Odonnell Spa, LLC	Odonnell Spcoa, LLC	4354 Patterson Street, Omaha, NE	4354 PATTERSON ST, OMAHA, NE	US	US
S1-997319680	S2-133275115	S2	Chiropractic Center LLC	chíropracticcenter.com	11602 Redwood Road, Unit B204, Riverton, UT	REDWOOD RD, RIVERTON, UT	US	US
S1-997319680	S2-92219263	S2	Chiropractic Center LLC	Chiropractic Center	11602 Redwood Road, Unit B204, Riverton, UT	11602-11604 REDWOOD RD, RIVERTON, UT	US	US
S1-341291980	S2-682809718	S2	Oncology Care LLC	The Oncology Care LLC	8905 Penrith Drive, Spotsylvania County, VA	VA, SPOTSYLVANIA, 8905A PENRITH DR	US	US
S1-341291980	S3-161921244	S3	Oncology Care LLC	Ocare.Com	8905 Penrith Drive, Spotsylvania County, VA	Spotsylvania, 8905 Penrith Drive, Virginia	US	US
S1-341291980	S3-994938625	S3	Oncology Care LLC	Oncology  Care	8905 Penrith Drive, Spotsylvania County, VA	8905 Penrith Drive, Spotsylvania County, Virginia	US	US
S1-119279828	S2-433770961	S2	Patterson Travel	Patterson Trável	12962 Black Hills Drive, MN, Burnsville	BLACK HILLS DR, BURNSVILLE, MN	US	US
S1-119279828	S2-760754203	S2	Patterson Travel	PATTERSON TRAVEL INC.	12962 Black Hills Drive, MN, Burnsville	12962 BLACK HILLS DR, BURNSVILLE, MN	US	US
S1-119279828	S3-813029909	S3	Patterson Travel	Patterson Trável	12962 Black Hills Drive, MN, Burnsville	Minnesota, Burnsivlle, 12962 Black Hills Dr	US	US
S1-407845038	S2-952878729	S2	Ballard, Gradilla and Mccarthy Inc	Ballard, Gradilla and	930 Clarice Street, Grand Prairie, TX	930 CLARICE STREET, null, GRAND PRAIRIE, TX	US	US
S1-407845038	S2-544820844	S2	Ballard, Gradilla and Mccarthy Inc	ballardgradillamccarthy.com	930 Clarice Street, Grand Prairie, TX	930 CLARICE STREET, null, GRAND PRAIRIE, TX	US	US
S1-827102573	S2-538642629	S2	Oncology Optimal Medicine PC	Oncology Optimal Medicine Inc	7295 Sunset Strip Avenue, Canton, OH	295 SUNSET STRIP AVE, N. CANTON, OH	US	US
S1-912947277	S2-144432013	S2	Biomedical Institute of Technology Pvt Ltd	BIOMEDICAL INSTITUTE OF TECHNOLOGY PVT	Plot No10, Kila No69, 1St Floor, Hans Enclave, Sadar Bazar, Gurgaon, Haryana	DOOR NO 10 , KILA NO69, 1ST FLOOR, HANS ENCLAVE, SADAR BAZAR, NULL, Haryana	India	India
S1-912947277	S3-159327306	S3	Biomedical Institute of Technology Pvt Ltd	M/s Ectoyumanyla	Plot No10, Kila No69, 1St Floor, Hans Enclave, Sadar Bazar, Gurgaon, Haryana	Plot No10, Sadar Bazar, Gurgaon, HR	India	India
S1-912947277	S3-178991475	S3	Biomedical Institute of Technology Pvt Ltd	biomedicalinstitutetechnology.com	Plot No10, Kila No69, 1St Floor, Hans Enclave, Sadar Bazar, Gurgaon, Haryana	#10, Sadar Bazar, Gurgaon, HR	India	India
S1-912947277	S3-290380069	S3	Biomedical Institute of Technology Pvt Ltd	itbiomedical.com	Plot No10, Kila No69, 1St Floor, Hans Enclave, Sadar Bazar, Gurgaon, Haryana	Plot No10, Sadar Bazar, Gurgaon, HR	India	India
S1-63162461	S2-451314378	S2	Apex Wholesale Concepts LLC	Apex Wholeesale Concepts LLC	160 Brook Farm Road, Boston, MA	BOSTON, 160 BROOK FARM ROAD, MA	US	US
S1-63162461	S3-629489969	S3	Apex Wholesale Concepts LLC	Apex Wholsae Concepts  LLC	160 Brook Farm Road, Boston, MA		US	US
S1-63162461	S3-270643414	S3	Apex Wholesale Concepts LLC	apexwholesaleconcepts.com	160 Brook Farm Road, Boston, MA	160 Brook Farm Road, Boston, Massachusetts	US	US
S1-328371553	S2-416709807	S2	Rajdhani Holdings	RAJDHANI	Noida, Uttar Pradesh, Habibpur, Greater Noida, C/O Daya Chandra R/O Shop No.5 D Sharma Market, Gautam Buddha Nagar	Uttar Pradesh, H.NO 844 C/O DAYA CHANDRA R/O SHOP NO.5 D SHARMA MARKET, HABIBPUR, GREATER NOIDA, NOIDA	India	India
S1-328371553	S2-737909912	S2	Rajdhani Holdings	Rajdhani Corp	Noida, Uttar Pradesh, Habibpur, Greater Noida, C/O Daya Chandra R/O Shop No.5 D Sharma Market, Gautam Buddha Nagar	DOOR NO 844 C/O DAYA CHANDRA R/O SHOP NO.5 D SHARMA MARKET, HABIBPUR, GREATER NOIDA, NOIDA, उत्तर प्रदेश	India	India
S1-328371553	S2-972054383	S2	Rajdhani Holdings	RAJDHANI	Noida, Uttar Pradesh, Habibpur, Greater Noida, C/O Daya Chandra R/O Shop No.5 D Sharma Market, Gautam Buddha Nagar	H.NO 844 C/O DAYA CHANDRA R/O SHOP NO.5 D SHARMA MARKET, HABIBPUR, GREATER NOIDA, NOIDA, Uttar Pradesh	India	India
S1-328371553	S3-484859365	S3	Rajdhani Holdings	Rajdhani Hóldings	Noida, Uttar Pradesh, Habibpur, Greater Noida, C/O Daya Chandra R/O Shop No.5 D Sharma Market, Gautam Buddha Nagar	C/o Daya Chandra R/o Shop No.5 D Sharma Market, Gautam Buddha Nagar, Noida, UP	India	India
S1-328371553	S3-161420635	S3	Rajdhani Holdings	Rajdhani Hóldings	Noida, Uttar Pradesh, Habibpur, Greater Noida, C/O Daya Chandra R/O Shop No.5 D Sharma Market, Gautam Buddha Nagar	C/o Daya Chandra R/o Shop No.5 D Sharma Market, Noida, Gautam Buddha Nagar, UP	India	India
S1-328371553	S3-891485904	S3	Rajdhani Holdings	Rajdhani	Noida, Uttar Pradesh, Habibpur, Greater Noida, C/O Daya Chandra R/O Shop No.5 D Sharma Market, Gautam Buddha Nagar	C/o Daya Chandra R/o Shop No.5 D Sharma Market, Gautam Buddha Nagar, Noida, उत्तर प्रदेश	India	India
S1-177088763	S2-344142975	S2	Batten, Adella, CPA	BATTENADELLACPA.COM	90 Meadow Lane, Lawrence, NY	90 MEADOW LN, PMB 5809, LAWRENCE CDP, NY	US	US
S1-159677035	S2-535572487	S2	Carlson Diagnostics	Carlson Center	44 Berwyn Street, South Hadley, MA	44. BERWYN ST, SOUTH HADLEY, MA	US	US
S1-159677035	S2-421285017	S2	Carlson Diagnostics	Carlson Diagnostic	44 Berwyn Street, South Hadley, MA	44. BERWYN ST, SOUTH HADLEY, MA	US	US
S1-271520763	S2-617063801	S2	Kota Technologies Sangareddy Private Limited	téchnologiessangareddy.com	7-121 H.No 3-12/A Ameenpur Village Patancheru Mandal, Sangareddy, Medak, Telangana	RANGA REDDY, Telangana, MEDAK, 8-121 H.NO 3-12/A AMEENPUR VILLAGE PATANCHERU MANDAL	India	India
S1-234585908	S2-776533443	S2	Goldie's American Signs	GOLDIE'S ÁMERICAN SERVICE	4664 Garfield Street, Washington, DC	6664 Garfield St, WASHINGTON, DC	US	US
S1-376656562	S2-4354291	S2	Vijay Care Private Limited	വിജയ് കെയർ പ്രൈവറ്റ് ലിമിറ്റഡ്	1497/16, Eacharath H Mannuthy P.O., Thrissur, Kerala	DOOR NO 274 1497/16, THRISSUR, Keralam	India	India
S1-376656562	S3-92189114	S3	Vijay Care Private Limited	വിജയ് കെയർ പ്രൈവറ്റ് ലിമിറ്റഡ്	1497/16, Eacharath H Mannuthy P.O., Thrissur, Kerala	1497/16, Thrissur, KL	India	India
S1-241686597	S2-521249860	S2	Romero Technologies Co	ROMERO CO SERVICES	TN, 27 Creekbend Cove, Jackson	CREEKBEND CV, JACKSON, TN	US	US
S1-241686597	S2-552262560	S2	Romero Technologies Co	Romero Co Service	TN, 27 Creekbend Cove, Jackson	27 Creekbend Cv, JACKSON, TN	US	US
S1-241686597	S3-276559406	S3	Romero Technologies Co	Romero Techno1ogies Co	TN, 27 Creekbend Cove, Jackson	27 Creekbend Cv, Jackson, Tennessee	US	US
S1-241686597	S3-84276127	S3	Romero Technologies Co	Romero Tcefnoslogies Co	TN, 27 Creekbend Cove, Jackson	27 Creekbend Cove, Jackson, Tennessee	US	US
S1-34916446	S2-245404125	S2	Anand Hospitality Private Limited	आनंद हॉस्पिटैलिटी प्राइवेट लिमिटेड	Shop No. 8. Dheeraj Heritage Residency - 1, Linking Road Extn., Santacruz (West), Mumbai, Mumbai City, Maharashtra	###8. DHEERAJ HERITAGE RESIDENCY - 1, LINKING ROAD EXTN., SANTACRUZ (WEST), MUMBAI, MUMBAI CITY, Maharashtra	India	India
S1-34916446	S3-822072842	S3	Anand Hospitality Private Limited	@anandhospitality	Shop No. 8. Dheeraj Heritage Residency - 1, Linking Road Extn., Santacruz (West), Mumbai, Mumbai City, Maharashtra	#6-8. Dheeraj Heritage Residency - 1, Mumbai City, Linking Road Extn., Santacruz (West), MH	India	India
S1-34916446	S3-168863451	S3	Anand Hospitality Private Limited	आनंद हॉस्पिटैलिटी प्राइवेट लिमिटेड	Shop No. 8. Dheeraj Heritage Residency - 1, Linking Road Extn., Santacruz (West), Mumbai, Mumbai City, Maharashtra	Shop No. 6-8. Dheeraj Heritage Residency - 1, Mumbai, Mumbai City, महाराष्ट्र	India	India
S1-730858380	S2-458053768	S2	Silver Consultants Private Limited	सिल्वर कंसल्टेंट्स प्राइवेट लिमिटेड	# 4, New Vinoba Basti, Sri Ganganagar, Sriganga Nagar, Rajasthan	4, NEW VINOBA BASTI, SRI GANGANAGAR, SRIGANGA NAGAR, राजस्थान	India	India
S1-796310218	S2-958522294	S2	Squitieri's Smart Pet Care LP	Squitieri's Smat Pet Care LP	204 Cheryl Avenue, Bedford, TX	204 CHERYL AVE, BEDFORD, TX	US	US
S1-183373288	S2-363410952	S2	Bridgman Graf Inc	bridgmangraf.com	250 Farm Street, Millis, MA	250 FARM ST, MILLIS, MA	US	US
S1-183373288	S3-78842047	S3	Bridgman Graf Inc	Bridgman Garf Inc	250 Farm Street, Millis, MA	Millis, 250 1/2 Farm St, Massachusetts	US	US
S1-965040695	S2-489911002	S2	Icon Jewellers Limited	Mr Icon Jbwtellftehrs Limited	Vishranti Apartment, Near Anand Nagar Garden, Anand Nagar, Vasai (, Thane, W), Maharashtra, 4	4, VISHRANTI APARTMENT, NEAR ANAND NAGAR GARDEN, ANAND NAGAR, VASAI (, W), Maharashtra	India	India
S1-965040695	S3-636680419	S3	Icon Jewellers Limited	Icon Jewellers Límited	Vishranti Apartment, Near Anand Nagar Garden, Anand Nagar, Vasai (, Thane, W), Maharashtra, 4		India	India
S1-965040695	S3-788134357	S3	Icon Jewellers Limited	Limited Icon Jéwellers	Vishranti Apartment, Near Anand Nagar Garden, Anand Nagar, Vasai (, Thane, W), Maharashtra, 4	4, Vishranti Apartment, Near Anand Nagar Garden, Anand Nagar, Vasai (, W), MH	India	India
