source1_entity_id	true_target_id	target_source	s1_name	target_name	s1_address	target_address	s1_country	target_country	s1_name_norm	target_name_norm	s1_address_norm	target_address_norm	country_match	name_char	name_token_set	name_jaccard	name_containment	name_score	address_char	address_token_set	address_jaccard	address_containment	address_number_overlap	address_score	recovery_class	combined_score
S1-865131206	S3-652513823	S3	Helios	Hiros	66 Edgewood Street, Bridgeport, CT	Connecticut, 66 Edgewood St, Bridgeport	US	US	helios	hiros	66 edgewood street bridgeport ct	connecticut 66 edgewood st bridgeport	True	0.7272727272727273	0.7272727272727272	0.0	0.0	0.7272727272727273	0.7246376811594203	0.8148148148148148	0.42857142857142855	0.6	1.0	0.8148148148148148	ADDRESS_STRONG	0.7666666666666666
S1-57859332	S3-12427791	S3	Cinder LLC	Csdre LLC	3985 Galloway Drive, Memphis, TN	3985 Galloway Dr, N/A, Tennessee, Memmphis	US	US	cinder llc	csdre llc	3985 galloway drive memphis tn	3985 galloway dr n a tennessee memmphis	True	0.736842105263158	0.736842105263158	0.3333333333333333	0.5	0.736842105263158	0.7246376811594203	0.782608695652174	0.2	0.4	1.0	0.782608695652174	ADDRESS_STRONG	0.7574370709382152
S1-837908386	S3-19216036	S3	A Cure 3 You Inc.	cure3you.com	103 Hampton Lee Court, Unit 1A, Cary, NC	103 Hampton Lee Ct, # 1A, Cary, North Carolina	US	US	a cure 3 you inc	cure3you com	103 hampton lee court unit 1a cary nc	103 hampton lee ct 1a cary north carolina	True	0.7142857142857143	0.5714285714285715	0.0	0.0	0.7142857142857143	0.7435897435897436	0.7948717948717949	0.45454545454545453	0.625	1.0	0.7948717948717949	ADDRESS_STRONG	0.7505494505494507
S1-900882482	S2-322147227	S2	Vision Medicine	Vision (Service)	NY, 32 Carthage Drive, Unit Apartment 1, Rochester	ROCHESTER, NY, 32 CATHAGE DR	US	US	vision medicine	vision service	ny 32 carthage drive unit apartment 1 rochester	rochester ny 32 cathage dr	True	0.7586206896551724	0.7586206896551724	0.3333333333333333	0.5	0.7586206896551724	0.4383561643835616	0.7317073170731707	0.3	0.6	0.5	0.7317073170731707	ADDRESS_STRONG	0.7465096719932717
S1-311090979	S3-651529833	S3	Brewster Rivernorth LLC	Brewster LLC Services	Charlotte, NC, 1307 Briar Creek Road	1307 Briar Creek Road, Charltote CITY, North Carolina	US	US	brewster rivernorth llc	brewster llc services	charlotte nc 1307 briar creek road	1307 briar creek road charltote city north carolina	True	0.5454545454545454	0.7272727272727272	0.5	0.6666666666666666	0.7272727272727272	0.49411764705882355	0.7636363636363636	0.4	0.6666666666666666	1.0	0.7636363636363636	ADDRESS_STRONG	0.7436363636363637
S1-630223771	S3-587424087	S3	All International LLP	All LLP Center	Office 105, Flr-1, Sujata Chambers, Abhaychand Gandhi Marg, Mirchi Gully Masjid Stn Man, Dvi, Mumbai, Mumbai City, Maharashtra	Office C-105, Mumbai Ii, MH	India	India	all international llp	all llp center	office 105 flr 1 sujata chambers abhaychand gandhi marg mirchi gully masjid stn man dvi mumbai mumbai city maharashtra	office c 105 mumbai ii mh	True	0.45714285714285713	0.6857142857142857	0.5	0.6666666666666666	0.6857142857142857	0.32167832167832167	0.8095238095238095	0.14285714285714285	0.5	0.5	0.8095238095238095	ADDRESS_STRONG	0.7414285714285715
S1-842497118	S2-324185926	S2	Atlantic Chiron	Atlantic Services	3744 Blue Trace Lane, Farmers Branch, TX	3744  BLUE TRACE LANE, PO BOX 7894, DALLAS CDP, TX	US	US	atlantic chiron	atlantic services	3744 blue trace lane farmers branch tx	3744 blue trace lane po box 7894 dallas cdp tx	True	0.625	0.6956521739130435	0.3333333333333333	0.5	0.6956521739130435	0.6666666666666667	0.7540983606557377	0.4166666666666667	0.7142857142857143	0.5	0.7540983606557377	ADDRESS_STRONG	0.7219529579472559
S1-358447941	S3-29299865	S3	6-Star	6star.com	1304 105th Place, Unit 1004, Mesa, AZ	1304 105th Place, Mesa Four Peaks, Arizona	US	US	6 star	6star com	1304 105th place unit 1004 mesa az	1304 105th place mesa four peaks arizona	True	0.6666666666666667	0.6666666666666665	0.0	0.0	0.6666666666666667	0.6486486486486487	0.7636363636363636	0.4	0.5714285714285714	0.6666666666666666	0.7636363636363636	ADDRESS_STRONG	0.7103030303030304
S1-785336105	S3-363331884	S3	Gambhir Trust	gtrust.com	8/496, Trichy Road, Coimbatore, Tamil Nadu	H.no 358 8/496, Coimbatore, தமிழ்நாடு	India	India	gambhir trust	gtrust com	8 496 trichy road coimbatore tamil nadu	h no 358 8 496 coimbatore	True	0.5217391304347826	0.6086956521739131	0.0	0.0	0.6086956521739131	0.5	0.7804878048780488	0.3	0.5	0.6666666666666666	0.7804878048780488	ADDRESS_STRONG	0.6860021208907743
S1-519482575	S2-599641873	S2	Eurasia Foods	efoods.com	Apsara Villa 17 D Crossindira Nagar Ii Stage, Bangalore, Karnataka, Bangalore	HN #406 APSARA VILLA 17 D CROSSINDIRA NAGAR II STAGE, BENGALURU, null, ಕರ್ನಾಟಕ	India	India	eurasia foods	efoods com	apsara villa 17 d crossindira nagar ii stage bangalore karnataka bangalore	hn 406 apsara villa 17 d crossindira nagar ii stage bengaluru null	True	0.5217391304347826	0.5217391304347826	0.0	0.0	0.5217391304347826	0.7714285714285716	0.8153846153846155	0.5714285714285714	0.8	0.5	0.8153846153846155	ADDRESS_STRONG	0.6538795986622075
S1-66358218	S3-845831671	S3	Marsh & Hicks Inc	Avisyn	1204 Nottingham Drive, Cary, NC	1204-B Nottingham Dr, Cary, North Carolina	US	US	marsh hicks inc	avisyn	1204 nottingham drive cary nc	1204 b nottingham dr cary north carolina	True	0.38095238095238093	0.2857142857142857	0.0	0.0	0.38095238095238093	0.7536231884057972	0.8163265306122449	0.3333333333333333	0.6	1.0	0.8163265306122449	ADDRESS_STRONG	0.5768707482993197
S1-506296494	S2-757441199	S2	Pinnacle Public	Nylaarcsol	4400 Culver Road, Irondequoit, NY	#4400 CULVER RD, ROCHESTER, NY	US	US	pinnacle public	nylaarcsol	4400 culver road irondequoit ny	4400 culver rd rochester ny	True	0.31999999999999995	0.32	0.0	0.0	0.32	0.7586206896551724	0.689655172413793	0.42857142857142855	0.6	1.0	0.7586206896551724	ADDRESS_STRONG	0.5173793103448276
S1-915479091	S2-155091128	S2	Better Axiom Inc	Veovio	13803 Gullane Drive, Prince William County, VA	13803 GULLANE DRIVE, WOODBRDIGE, VA	US	US	better axiom inc	veovio	13803 gullane drive prince william county va	13803 gullane drive woodbrdige va	True	0.2727272727272727	0.18181818181818188	0.0	0.0	0.2727272727272727	0.6753246753246753	0.8	0.5	0.8	1.0	0.8	ADDRESS_STRONG	0.51
S1-915479091	S2-369580474	S2	Better Axiom Inc	ONYXVANTAGE	13803 Gullane Drive, Prince William County, VA	13803 GULLANE DRIVE, WOODBRDIGE, VA	US	US	better axiom inc	onyxvantage	13803 gullane drive prince william county va	13803 gullane drive woodbrdige va	True	0.14814814814814814	0.2222222222222223	0.0	0.0	0.2222222222222223	0.6753246753246753	0.8	0.5	0.8	1.0	0.8	ADDRESS_STRONG	0.48222222222222233
S1-360909582	S3-928751934	S3	Coastal School of Medicine	Tavoavi	3 Astor Ridge Drive, Unit Unit D, Amherst, NY	3 Astor Ridge Dr, Unit Unit D, Bufalo, New York	US	US	coastal school of medicine	tavoavi	3 astor ridge drive unit unit d amherst ny	3 astor ridge dr unit unit d bufalo new york	True	0.24242424242424243	0.18181818181818188	0.0	0.0	0.24242424242424243	0.7674418604651163	0.736842105263158	0.4166666666666667	0.625	1.0	0.7674418604651163	ADDRESS_STRONG	0.47868217054263573
S1-102881886	S3-673002177	S3	Saugerties, Township Of Inc.	Ectoriza	3185 9W, Saugerties, NY	9W, New York, Saugerties	US	US	saugerties township of inc	ectoriza	3185 9w saugerties ny	9w new york saugerties	True	0.23529411764705888	0.23529411764705885	0.0	0.0	0.23529411764705888	0.6046511627906976	0.7647058823529411	0.3333333333333333	0.5	0.5	0.7647058823529411	ADDRESS_STRONG	0.4735294117647059
S1-908498505	S3-70675543	S3	LO Venture LLC	Fayelyra	620 2nd Street, City Of Baraboo, WI	620 Second Street, Baraboo, Wisconsin	US	US	lo venture llc	fayelyra	620 2nd street city of baraboo wi	620 second street baraboo wisconsin	True	0.18181818181818177	0.18181818181818188	0.0	0.0	0.18181818181818188	0.7058823529411764	0.7352941176470589	0.3333333333333333	0.6	0.5	0.7352941176470589	ADDRESS_STRONG	0.43088235294117655
S1-574943722	S3-675433997	S3	Hayes Unified Regions LLC	Círaumbra	12 School Square, Unit 2, Winchendon, MA	##12 School Sq, Winchendon, Massachusetts	US	US	hayes unified regions llc	ciraumbra	12 school square unit 2 winchendon ma	12 school sq winchendon massachusetts	True	0.17647058823529416	0.17647058823529405	0.0	0.0	0.17647058823529416	0.7027027027027026	0.7297297297297297	0.3333333333333333	0.6	0.5	0.7297297297297297	ADDRESS_STRONG	0.42543720190779016
S1-630223771	S3-815538600	S3	All International LLP	ऑल इंटरनेशनल एलएलपी	Office 105, Flr-1, Sujata Chambers, Abhaychand Gandhi Marg, Mirchi Gully Masjid Stn Man, Dvi, Mumbai, Mumbai City, Maharashtra	Office C-105, Mumbai Ii, MH	India	India	all international llp		office 105 flr 1 sujata chambers abhaychand gandhi marg mirchi gully masjid stn man dvi mumbai mumbai city maharashtra	office c 105 mumbai ii mh	True	0.0	0.0	0.0	0.0	0.0	0.32167832167832167	0.8095238095238095	0.14285714285714285	0.5	0.5	0.8095238095238095	ADDRESS_STRONG	0.3642857142857143
S1-981346708	S2-465848431	S2	Shiva Foods Private Limited	శివ ఫుడ్స్ ప్రైవేట్ లిమిటెడ్	Villa No. 66, Kolla Luxurys, Masjid Banda, Serilingampally, Hyderabad, Telangana	VILLA NO. 66, RANGAREDDY, HYDERABAD, తెలంగాణ	India	India	shiva foods private limited		villa no 66 kolla luxurys masjid banda serilingampally hyderabad telangana	villa no 66 rangareddy hyderabad	True	0.0	0.0	0.0	0.0	0.0	0.5283018867924528	0.7924528301886792	0.36363636363636365	0.8	1.0	0.8	ADDRESS_STRONG	0.36000000000000004
S1-597762257	S3-426660831	S3	Green Logistics Private Limited	ग्रीन लॉजिस्टिक्स प्राइवेट लिमिटेड	E-7, Second Floor, New Delhi, South Delhi, Delhi	South Delhi, No. 225 E-7, DL, New Delhi	India	India	green logistics private limited		e 7 second floor new delhi south delhi delhi	south delhi no 225 e 7 dl new delhi	True	0.0	0.0	0.0	0.0	0.0	0.4810126582278481	0.7916666666666667	0.5	0.7142857142857143	0.5	0.7916666666666667	ADDRESS_STRONG	0.35625000000000007
S1-246478198	S2-296004580	S2	Modern Marketing Private Limited	మోడర్న్ మార్కెటింగ్ ప్రైవేట్ లిమిటెడ్	5-8-49/2/1/A, Gadwal Compound, Nampally, Hyderabad, Telangana	5-8-49/2/1/A, HYDERABAD, Andhra Pradesh	India	India	modern marketing private limited		5 8 49 2 1 a gadwal compound nampally hyderabad telangana	5 8 49 2 1 a hyderabad andhra pradesh	True	0.0	0.0	0.0	0.0	0.0	0.574468085106383	0.7457627118644068	0.5384615384615384	0.7777777777777778	1.0	0.7777777777777778	ADDRESS_STRONG	0.35000000000000003
S1-892015074	S3-817353302	S3	New Food	న్యూ ఫుడ్	Sy No 802, 806, 807, Beeramguda, Ramachandrapuram, Medak, Telangana	Hyderabad City Region, Medak, 806, 807, Beeramguda, తెలంగాణ, Plot 388 Sy No 802	India	India	new food		sy no 802 806 807 beeramguda ramachandrapuram medak telangana	hyderabad city region medak 806 807 beeramguda plot 388 sy no 802	True	0.0	0.0	0.0	0.0	0.0	0.4444444444444444	0.7301587301587301	0.5	0.7777777777777778	0.75	0.7777777777777778	ADDRESS_STRONG	0.35000000000000003
S1-777555607	S3-10840656	S3	Digital Ventures Limited	डिजिटल वेंचर्स लिमिटेड	New Delhi, Hari Nagar Extention Baderpur, South Delhi, 12-C, Delhi	12-C, N/A, South East, New Delhi, DL	India	India	digital ventures limited		new delhi hari nagar extention baderpur south delhi 12 c delhi	12 c n a south east new delhi dl	True	0.0	0.0	0.0	0.0	0.0	0.42553191489361697	0.7692307692307692	0.38461538461538464	0.5555555555555556	1.0	0.7692307692307692	ADDRESS_STRONG	0.34615384615384615
S1-630223771	S3-697578371	S3	All International LLP	ऑल इंटरनेशनल एलएलपी	Office 105, Flr-1, Sujata Chambers, Abhaychand Gandhi Marg, Mirchi Gully Masjid Stn Man, Dvi, Mumbai, Mumbai City, Maharashtra	Office C-105, Mumbai (SUBURBAN), MH, Mumbai City	India	India	all international llp		office 105 flr 1 sujata chambers abhaychand gandhi marg mirchi gully masjid stn man dvi mumbai mumbai city maharashtra	office c 105 mumbai suburban mh mumbai city	True	0.0	0.0	0.0	0.0	0.0	0.422360248447205	0.7586206896551724	0.19047619047619047	0.5714285714285714	0.5	0.7586206896551724	ADDRESS_STRONG	0.3413793103448276
S1-800294363	S2-90945076	S2	Great Investments Private Limited	ಗ್ರೇಟ್ ಇನ್ವೆಸ್ಟ್‌ಮೆಂಟ್ಸ್ ಪ್ರೈವೇಟ್ ಲಿಮಿಟೆಡ್	106, 8Th Main Road Malleswaram West, Bangalore, Karnataka	106, BANGALORE, BENGALURU URBAN, Karnataka	India	India	great investments private limited		106 8th main road malleswaram west bangalore karnataka	106 bangalore bengaluru urban karnataka	True	0.0	0.0	0.0	0.0	0.0	0.5806451612903225	0.7419354838709676	0.3	0.6	0.5	0.7419354838709676	ADDRESS_STRONG	0.3338709677419354
S1-829348020	S2-19151888	S2	All Management Limited	ఆల్ మేనేజ్‌మెంట్ లిమిటెడ్	52-12-1 Rajendra Nagar, Rajahmundry, Guntur, Andhra Pradesh	#54-12-1 RAJENDRA NAGAR, RAJAMAHENDRAVARAM, GUNTUR, ఆంధ్రప్రదేశ్	India	India	all management limited		52 12 1 rajendra nagar rajahmundry guntur andhra pradesh	54 12 1 rajendra nagar rajamahendravaram guntur	True	0.0	0.0	0.0	0.0	0.0	0.7184466019417477	0.7378640776699029	0.45454545454545453	0.7142857142857143	0.5	0.7378640776699029	ADDRESS_STRONG	0.3320388349514563
S1-766866439	S3-498348336	S3	Mayura Hygienic Limited	Mayurahygienic.Com	305, 3Rd Floor, Satguru, Parinay, Pu3, Sch No. 54, Indore, Madhya Pradesh	D/305, MP, Indore	India	India	mayura hygienic limited	mayurahygienic com	305 3rd floor satguru parinay pu3 sch no 54 indore madhya pradesh	d 305 mp indore	True	0.7804878048780488	0.4390243902439025	0.0	0.0	0.7804878048780488	0.30000000000000004	0.8	0.14285714285714285	0.5	0.3333333333333333	0.8	COMBINED	0.7892682926829269
S1-904228116	S3-295583017	S3	Office of Aging	Officeagingcom	2637 Greenbrier Drive, Hinton, WV	West Virginia, Hinton, 637 Greenbrier Dr	US	US	office of aging	officeagingcom	2637 greenbrier drive hinton wv	west virginia hinton 637 greenbrier dr	True	0.7586206896551724	0.41379310344827586	0.0	0.0	0.7586206896551724	0.49275362318840576	0.782608695652174	0.2222222222222222	0.4	0.0	0.782608695652174	COMBINED	0.7694152923538231
S1-251311978	S3-956048801	S3	Banks and Ratcliff Bread LLC	bánksratcliffbread.com	1504 2nd Avenue, Eugene, OR	1504 Second Ave, Oregon, Eugene	US	US	banks and ratcliff bread llc	banksratcliffbread com	1504 2nd avenue eugene or	1504 second ave oregon eugene	True	0.8	0.52	0.0	0.0	0.8	0.7037037037037037	0.6666666666666665	0.25	0.4	0.5	0.7037037037037037	COMBINED	0.7566666666666668
S1-335478469	S3-103297781	S3	Audy Parker Blue Yield Corp	audyparkerblue.com	1064 Dwarf Lane, Bedford County, VA	Dwarf Ln, <NULL>, Bedford County, Virginia	US	US	audy parker blue yield corp	audyparkerblue com	1064 dwarf lane bedford county va	dwarf ln null bedford county virginia	True	0.7555555555555555	0.4888888888888889	0.0	0.0	0.7555555555555555	0.7428571428571429	0.7547169811320755	0.3333333333333333	0.5	0.0	0.7547169811320755	COMBINED	0.7551781970649896
S1-552658307	S3-660932884	S3	Yamuora Agro Pvt. Ltd.	yamuoraagro.com	Gr Fl-Fr, Fl-13/ Higu, 13/2 Biren Roy Road(West), Kolkata, Kolkata, Howrah, West Bengal	Gr Fl-fr, Calcutta, Howrah, পশ্চিমবঙ্গ	India	India	yamuora agro pvt ltd	yamuoraagro com	gr fl fr fl 13 higu 13 2 biren roy road west kolkata kolkata howrah west bengal	gr fl fr calcutta howrah	True	0.6857142857142857	0.5142857142857143	0.0	0.0	0.6857142857142857	0.4077669902912622	0.7692307692307692	0.2857142857142857	0.8	0.0	0.8	COMBINED	0.7371428571428572
S1-942104958	S3-887375431	S3	Force Wealthtech Private Limited	Smt forcewealthtech.com	Pune, 148, Maharashtra, Pune, Ganesh Nagar Colony No. 12 Pune	415 148, Pune, महाराष्ट्र	India	India	force wealthtech private limited	smt forcewealthtech com	pune 148 maharashtra pune ganesh nagar colony no 12 pune	415 148 pune	True	0.6181818181818182	0.5454545454545454	0.0	0.0	0.6181818181818182	0.2647058823529411	0.8	0.2222222222222222	0.6666666666666666	0.3333333333333333	0.8	COMBINED	0.7000000000000001
S1-417526535	S2-566526014	S2	Vanguard Allstate Inc	Center Vanguard Inc	22899 George Lane, Staunton, IL	STAUNTON, IL, 022899 GEORGE LN, PO BOX 2478	US	US	vanguard allstate inc	center vanguard inc	22899 george lane staunton il	staunton il 022899 george ln po box 2478	True	0.6	0.7741935483870968	0.5	0.6666666666666666	0.7741935483870968	0.5217391304347826	0.782608695652174	0.3	0.6	0.0	0.782608695652174	NAME_STRONG	0.7779803646563815
S1-584499457	S3-506634954	S3	Tucker Heritage Restaurant LLC	Tucker Heritage LLC (Services)	4777 Casey Lane, Phoenix, AZ	Casey Ln, Cave Creek, Arizona	US	US	tucker heritage restaurant llc	tucker heritage llc services	4777 casey lane phoenix az	casey ln cave creek arizona	True	0.6551724137931035	0.8085106382978724	0.6	0.75	0.8085106382978724	0.5283018867924528	0.5283018867924528	0.1111111111111111	0.2	0.0	0.5283018867924528	NAME_STRONG	0.6824167001204337
S1-388325812	S3-197262044	S3	Slate Inc	Sagre Inc	1930 Fawn Drive, Cheltenham Township, PA	Fawn Drive, Glenside, Pennsylvania	US	US	slate inc	sagre inc	1930 fawn drive cheltenham township pa	fawn drive glenside pennsylvania	True	0.7777777777777779	0.7777777777777777	0.3333333333333333	0.5	0.7777777777777779	0.5428571428571429	0.5428571428571428	0.25	0.5	0.0	0.5428571428571429	NAME_STRONG	0.6720634920634923
S1-281356776	S3-328402545	S3	Allied Educational Society	Smt Allied Educational Services	Gurugram, Gurgaon, Haryana, H-115 South City 2 Gurugram		India	India	allied educational society	smt allied educational services	gurugram gurgaon haryana h 115 south city 2 gurugram		True	0.7719298245614035	0.8181818181818181	0.4	0.6666666666666666	0.8181818181818181	0.0	0.0	0.0	0.0	0.0	0.0	NAME_STRONG	0.45
S1-633779655	S2-24729487	S2	Aspen Zhejiang LLC	Aspen Zhmg LLC	24304 33rd Avenue, WA, Spanaway		US	US	aspen zhejiang llc	aspen zhmg llc	24304 33rd avenue wa spanaway		True	0.8125	0.8125	0.5	0.6666666666666666	0.8125	0.0	0.0	0.0	0.0	0.0	0.0	NAME_STRONG	0.446875
S1-952136084	S2-899756617	S2	Golden Wellness International LLC	Golden Wellness LLC Partners	4871 Hannover Avenue, Fl 0, Saint Louis, MO		US	US	golden wellness international llc	golden wellness llc partners	4871 hannover avenue fl 0 saint louis mo		True	0.6229508196721312	0.8085106382978724	0.6	0.75	0.8085106382978724	0.0	0.0	0.0	0.0	0.0	0.0	NAME_STRONG	0.4446808510638299
S1-803590345	S2-719870548	S2	Horizon LLC	Horizon Enterprises	1109 Pea Ridge Road, Huntington, WV		US	US	horizon llc	horizon enterprises	1109 pea ridge road huntington wv		True	0.5333333333333333	0.7777777777777777	0.3333333333333333	0.5	0.7777777777777777	0.0	0.0	0.0	0.0	0.0	0.0	NAME_STRONG	0.42777777777777776
S1-716442915	S3-355978425	S3	Creative Plum	Creative Center	7371 Denny Drive, North Ridgeville, OH		US	US	creative plum	creative center	7371 denny drive north ridgeville oh		True	0.6428571428571428	0.7619047619047619	0.3333333333333333	0.5	0.7619047619047619	0.0	0.0	0.0	0.0	0.0	0.0	NAME_STRONG	0.41904761904761906
S1-486296456	S2-440266189	S2	Asset Building Fellowship	Asset Building Services	1510 Beaumont Street, Sheppard Afb, TX		US	US	asset building fellowship	asset building services	1510 beaumont street sheppard afb tx		True	0.7083333333333333	0.7567567567567568	0.5	0.6666666666666666	0.7567567567567568	0.0	0.0	0.0	0.0	0.0	0.0	NAME_STRONG	0.4162162162162163
S1-620608935	S2-830502695	S2	Urban Bistro PLLC	Urban Bistr0 PLLC Services	8560 9, Lewis, NY		US	US	urban bistro pllc	urban bistr0 pllc services	8560 9 lewis ny		True	0.7441860465116279	0.7441860465116279	0.4	0.6666666666666666	0.7441860465116279	0.0	0.0	0.0	0.0	0.0	0.0	NAME_STRONG	0.4093023255813954
S1-893609958	S3-90868895	S3	Sun Maa Hospitality Private Limited	sunmaahospitality.com	Xxi/152, Panadans, Cochin, Universitypost, Kalamasery, Ernakulam, Kerala	Xxi/52, Ernakulam, Keralam	India	India	sun maa hospitality private limited	sunmaahospitality com	xxi 152 panadans cochin universitypost kalamasery ernakulam kerala	xxi 52 ernakulam keralam	True	0.6785714285714286	0.39285714285714285	0.0	0.0	0.6785714285714286	0.5111111111111111	0.7027027027027027	0.2	0.5	0.0	0.7027027027027027	REVIEW	0.689430501930502
S1-545839168	S2-982077727	S2	Merla Bagwell Complete Media, Inc	@merlabagwell	85 India Row, Unit 30-E, Boston, MA	MA, BOSOTN, #340 INDIA ROW	US	US	merla bagwell complete media inc	merlabagwell	85 india row unit 30 e boston ma	ma bosotn 340 india row	True	0.5454545454545454	0.3181818181818181	0.0	0.0	0.5454545454545454	0.36363636363636365	0.7636363636363636	0.3	0.6	0.0	0.7636363636363636	REVIEW	0.6436363636363636
S1-464514986	S3-604135891	S3	Valley Fund	Valley Center	97 Cass Avenue, Cheektowaga, NY	Cass Ave, Buffalo, New York	US	US	valley fund	valley center	97 cass avenue cheektowaga ny	cass ave buffalo new york	True	0.6666666666666667	0.7058823529411765	0.3333333333333333	0.5	0.7058823529411765	0.5185185185185186	0.5185185185185186	0.1111111111111111	0.2	0.0	0.5185185185185186	REVIEW	0.6215686274509805
S1-335752330	S2-897778962	S2	Ranna Brill Certified Vulcan Upper Allen Township	rannabrillcertified.com	413 Reservoir Road, Upper Allen Township, PA	RESERVOIR RD, MECHANICSBURG, PA	US	US	ranna brill certified vulcan upper allen township	rannabrillcertified com	413 reservoir road upper allen township pa	reservoir rd mechanicsburg pa	True	0.6111111111111112	0.4444444444444444	0.0	0.0	0.6111111111111112	0.5633802816901409	0.5853658536585367	0.2222222222222222	0.5	0.0	0.5853658536585367	REVIEW	0.5995257452574527
S1-164240371	S3-565742141	S3	Family Association	Family [Services]	OH, Fl 3, Columbus, 5059 Enclave Boulevard	Ohio, Floor 3, Westerville Citty, 5059 Enclave Blvd	US	US	family association	family services	oh fl 3 columbus 5059 enclave boulevard	ohio floor 3 westerville citty 5059 enclave blvd	True	0.5454545454545454	0.5714285714285715	0.3333333333333333	0.5	0.5714285714285715	0.6206896551724138	0.6206896551724138	0.25	0.42857142857142855	1.0	0.6206896551724138	REVIEW	0.5935960591133005
S1-262975311	S2-265468345	S2	Global Trust LLC	Ectolyra	Leominster, MA, Unit 4, 42 Main Street	62 MAIN SAINT, LEOMINSTER, MA	US	US	global trust llc	ectolyra	leominster ma unit 4 42 main street	62 main saint leominster ma	True	0.25	0.25	0.0	0.0	0.25	0.4516129032258065	0.8	0.3333333333333333	0.6	0.0	0.8	REVIEW	0.49750000000000005
S1-720173062	S2-332450198	S2	Maurita's Crystal Wellness Inc	Vantagesol	20198 Brookview Square, Loudoun County, VA	20197 BROOKVIEW SQ, ASHBURRN CITY, VA	US	US	maurita s crystal wellness inc	vantagesol	20198 brookview square loudoun county va	20197 brookview sq ashburrn city va	True	0.25	0.3	0.0	0.0	0.3	0.72	0.6666666666666665	0.2	0.3333333333333333	0.0	0.72	REVIEW	0.489
S1-95925372	S3-963721402	S3	Temple Presbyterian Church	Zephdrex	11802 Hickory Drive, Fort Washington, MD	Hickory Dr, Fort Washington, Maryland	US	US	temple presbyterian church	zephdrex	11802 hickory drive fort washington md	hickory dr fort washington maryland	True	0.23529411764705888	0.17647058823529405	0.0	0.0	0.23529411764705888	0.7945205479452055	0.7945205479452055	0.375	0.6	0.0	0.7945205479452055	REVIEW	0.4869460112812249
S1-756304715	S3-919158992	S3	Choice Rate	Wexdova	2333 Sierra Madre Court, Rancho Cordova, CA	233 Sierra Madre Ct, PMB 1086, Rancho Cordova CITY, California	US	US	choice rate	wexdova	2333 sierra madre court rancho cordova ca	233 sierra madre ct pmb 1086 rancho cordova city california	True	0.2222222222222222	0.2222222222222223	0.0	0.0	0.2222222222222223	0.74	0.7941176470588235	0.3076923076923077	0.5714285714285714	0.0	0.7941176470588235	REVIEW	0.4795751633986929
S1-63719584	S3-513217341	S3	Marissa N. Westbrook, Ph.D.	Evoxylo	132 White Pine Lane, West Jefferson, NC	32 White Pine Ln, West Jefferson, North Carolina	US	US	marissa n westbrook ph d	evoxylo	132 white pine lane west jefferson nc	32 white pine ln west jefferson north carolina	True	0.19354838709677424	0.19354838709677424	0.0	0.0	0.19354838709677424	0.8192771084337349	0.8192771084337349	0.36363636363636365	0.5714285714285714	0.0	0.8192771084337349	REVIEW	0.4751263116984066
S1-906572599	S2-141744998	S2	Z & B Entergy	Rizasol	6801 35th Avenue, Fl 1, Lacey, WA	680 35TH AVE, PMB 2233, LACEY, WA	US	US	z b entergy	rizasol	6801 35th avenue fl 1 lacey wa	680 35th ave pmb 2233 lacey wa	True	0.11111111111111116	0.2222222222222223	0.0	0.0	0.2222222222222223	0.7666666666666666	0.7666666666666667	0.2727272727272727	0.42857142857142855	0.2	0.7666666666666667	REVIEW	0.4672222222222223
S1-134898809	S2-156312637	S2	Corner Hypnosis	Brixlyra	26 Stone Street, Unit 3, Beverly, MA	PMB 9599, MA, BEVERLY, 0026 STONE ST	US	US	corner hypnosis	brixlyra	26 stone street unit 3 beverly ma	pmb 9599 ma beverly 0026 stone st	True	0.17391304347826086	0.17391304347826092	0.0	0.0	0.17391304347826092	0.33333333333333337	0.6969696969696969	0.2727272727272727	0.42857142857142855	0.0	0.6969696969696969	REVIEW	0.4092885375494071
S1-710909094	S3-17904782	S3	Halley Parker American Corporation	Nylatavo	4502 Indian School Road, Unit 221, Phoenix, AZ	4502 Indian School Rd, PMB 9847, Arcadia, Arizona	US	US	halley parker american corporation	nylatavo	4502 indian school road unit 221 phoenix az	4502 indian school rd pmb 9847 arcadia arizona	True	0.19047619047619047	0.19047619047619052	0.0	0.0	0.19047619047619052	0.6292134831460674	0.6067415730337078	0.23076923076923078	0.375	0.3333333333333333	0.6292134831460674	REVIEW	0.3879079721776351
S1-947166860	S3-29876156	S3	Apoorva Works Private Limited	Wexwex	22/2791, Old Y Block, 6Th Street 12Th Main Road, Anna Nagar, Chennai, Tamil Nadu	B3/22/2791, Chennai City Region, TN	India	India	apoorva works private limited	wexwex	22 2791 old y block 6th street 12th main road anna nagar chennai tamil nadu	b3 22 2791 chennai city region tn	True	0.17142857142857137	0.11428571428571431	0.0	0.0	0.17142857142857137	0.38888888888888884	0.625	0.15789473684210525	0.42857142857142855	0.4	0.625	REVIEW	0.37553571428571425
S1-800482427	S3-355590735	S3	B+ Biotechnologies LLC	B+ LLC Services	328 Buckingham Street, Unit 414, Columbus, OH		US	US	b biotechnologies llc	b llc services	328 buckingham street unit 414 columbus oh		True	0.34285714285714286	0.5714285714285715	0.5	0.6666666666666666	0.6666666666666666	0.0	0.0	0.0	0.0	0.0	0.0	REVIEW	0.3666666666666667
S1-467198990	S3-367123111	S3	National Kensington	National Service	114 3rd Street, West Terre Haute, IN		US	US	national kensington	national service	114 3rd street west terre haute in		True	0.6285714285714286	0.6666666666666665	0.3333333333333333	0.5	0.6666666666666665	0.0	0.0	0.0	0.0	0.0	0.0	REVIEW	0.36666666666666664
S1-930984906	S3-861801469	S3	Shiv Blue Agro Limited	शिव ब्लू एग्रो लिमिटेड	B-154, Basement Dayanand Colony, Lajpat Nagar Iv, Delhi, South Delhi, Delhi	B-54, Delhi, South Delhi, DL	India	India	shiv blue agro limited		b 154 basement dayanand colony lajpat nagar iv delhi south delhi delhi	b 54 delhi south delhi dl	True	0.0	0.0	0.0	0.0	0.0	0.5263157894736843	0.8125	0.25	0.6	0.0	0.8125	REVIEW	0.36562500000000003
S1-974370004	S2-251897681	S2	Smart Builders Private Limited	स्मार्ट बिल्डर्स प्राइवेट लिमिटेड	Faridabad, 122, Haryana, Navloo Colony, Gali No. 1, Near Ballabgarh Metro Station, Faridabad	DOOR NO 141 122, FARIDABAD, हरियाणा	India	India	smart builders private limited		faridabad 122 haryana navloo colony gali no 1 near ballabgarh metro station faridabad	door no 141 122 faridabad	True	0.0	0.0	0.0	0.0	0.0	0.34545454545454546	0.7804878048780488	0.21428571428571427	0.6	0.3333333333333333	0.7804878048780488	REVIEW	0.351219512195122
S1-856710782	S3-584218851	S3	Sunrise Technologies Limited	ಸನ್‌ರೈಸ್ ಟೆಕ್ನಾಲಜೀಸ್ ಲಿಮಿಟೆಡ್	No.60, 7Th Cross, 8Th Main Bikasipura, Bangalore, Karnataka	No.060, Bangalore, KA, Bangalore	India	India	sunrise technologies limited		no 60 7th cross 8th main bikasipura bangalore karnataka	no 060 bangalore ka bangalore	True	0.0	0.0	0.0	0.0	0.0	0.5	0.7741935483870968	0.18181818181818182	0.5	0.0	0.7741935483870968	REVIEW	0.34838709677419355
S1-858511549	S2-808515212	S2	Swastik Logistics Private Limited	స్వస్తిక్ లాజిస్టిక్స్ ప్రైవేట్ లిమిటెడ్	Sy No. 33/1, D No. 2-54/4, Vanasthali Hills, Thattiannaram, Pedamberpet, Hayathnagar, Hyderabad, Telangana	SY NO. D/33/1, HAYATHNAGAR, Andhra Pradesh	India	India	swastik logistics private limited		sy no 33 1 d no 2 54 4 vanasthali hills thattiannaram pedamberpet hayathnagar hyderabad telangana	sy no d 33 1 hayathnagar andhra pradesh	True	0.0	0.0	0.0	0.0	0.0	0.42647058823529416	0.7619047619047619	0.35294117647058826	0.75	0.4	0.7619047619047619	REVIEW	0.34285714285714286
S1-758075760	S3-449179044	S3	Bharat Investments	Bharat Services Enterprises	No 7, 3Rd Floor, N.W.A Club Road Market Sector Iv Market, West Punjabi Bagh, New Delhi, Delhi		India	India	bharat investments	bharat services enterprises	no 7 3rd floor n w a club road market sector iv market west punjabi bagh new delhi delhi		True	0.6222222222222222	0.5333333333333333	0.25	0.5	0.6222222222222222	0.0	0.0	0.0	0.0	0.0	0.0	REVIEW	0.34222222222222226
S1-609062608	S3-547987157	S3	Surya Investment	ಸೂರ್ಯ ಇನ್ವೆಸ್ಟ್‌ಮೆಂಟ್	No. B-1803, 18Th Floor Ebony Block, Salarpuria Sattva Greenage, Bengaluru, Bangalore, Karnataka	#256 No. B-1803, Bengaluru, Banglore, ಕರ್ನಾಟಕ	India	India	surya investment		no b 1803 18th floor ebony block salarpuria sattva greenage bengaluru bangalore karnataka	256 no b 1803 bengaluru banglore	True	0.0	0.0	0.0	0.0	0.0	0.4628099173553719	0.7450980392156863	0.26666666666666666	0.6666666666666666	0.3333333333333333	0.7450980392156863	REVIEW	0.33529411764705885
S1-669413769	S2-805282132	S2	First Investment Private Limited	ফার্স্ট ইনভেস্টমেন্ট প্রাইভেট লিমিটেড	57B, Purna Das Road, Kolkata, Howrah, West Bengal	5-7B, KOLKATA, পশ্চিমবঙ্গ	India	India	first investment private limited		57b purna das road kolkata howrah west bengal	5 7b kolkata	True	0.0	0.0	0.0	0.0	0.0	0.38596491228070173	0.736842105263158	0.1	0.3333333333333333	0.0	0.736842105263158	REVIEW	0.3315789473684211
S1-86094936	S3-505894931	S3	Jain Developers	জৈন ডেভেলপারস	88/A M C Garden Road Dumdum, Kolkata, Calcutta, West Bengal	No 28/A M C Garden Road Dumdm, Kolkata Region, Kolkata, WB	India	India	jain developers		88 a m c garden road dumdum kolkata calcutta west bengal	no 28 a m c garden road dumdm kolkata region kolkata wb	True	0.0	0.0	0.0	0.0	0.0	0.7207207207207208	0.6944444444444444	0.375	0.5454545454545454	0.0	0.7207207207207208	REVIEW	0.32432432432432434
S1-163747087	S3-798193328	S3	Lotus Services Pvt Ltd	लोटस सर्विसेज प्रा. लि.	Floor-2Nd, 45/47, Silver Mansion, Dhanji Street, Zaveri Bazar Mumbadevi, Mandvi, Mumbai, Maharashtra, 17	#141 17, Mumbai, MH	India	India	lotus services pvt ltd		floor 2nd 45 47 silver mansion dhanji street zaveri bazar mumbadevi mandvi mumbai maharashtra 17	141 17 mumbai mh	True	0.0	0.0	0.0	0.0	0.0	0.2321428571428571	0.72	0.11764705882352941	0.5	0.2	0.72	REVIEW	0.324
S1-163747087	S3-302914388	S3	Lotus Services Pvt Ltd	लोटस सर्विसेज प्रा. लि.	Floor-2Nd, 45/47, Silver Mansion, Dhanji Street, Zaveri Bazar Mumbadevi, Mandvi, Mumbai, Maharashtra, 17	#141 17, Mumbai, MH	India	India	lotus services pvt ltd		floor 2nd 45 47 silver mansion dhanji street zaveri bazar mumbadevi mandvi mumbai maharashtra 17	141 17 mumbai mh	True	0.0	0.0	0.0	0.0	0.0	0.2321428571428571	0.72	0.11764705882352941	0.5	0.2	0.72	REVIEW	0.324
S1-410040347	S3-186997268	S3	Temple Synagogue	Temple Partners	10202 W Maple Road, Omaha, NE		US	US	temple synagogue	temple partners	10202 w maple road omaha ne		True	0.5806451612903225	0.5806451612903225	0.3333333333333333	0.5	0.5806451612903225	0.0	0.0	0.0	0.0	0.0	0.0	REVIEW	0.3193548387096774
S1-610266870	S2-793445903	S2	High Estate Limited	हाई एस्टेट लिमिटेड	Pl. No. 11, W.No.54, Radhika Nagar No.1, Near Hanuman Temple, Amravati, Maharashtra	NAGPUR REGION, महाराष्ट्र, AMRAVATI, PL. NO. ##11	India	India	high estate limited		pl no 11 w no 54 radhika nagar no 1 near hanuman temple amravati maharashtra	nagpur region amravati pl no 11	True	0.0	0.0	0.0	0.0	0.0	0.31775700934579443	0.7083333333333333	0.26666666666666666	0.6666666666666666	0.3333333333333333	0.7083333333333333	REVIEW	0.31875
S1-56629354	S2-592774385	S2	Classic Engineering Pvt Ltd	క్లాసిక్ ఇంజనీరింగ్ ప్రైవేట్ లిమిటెడ్	7-2-C-14, Industrial Estate, Sanath Nagar, Balanagar, Hyderabad, Telangana	తెలంగాణ, RANGA REDDY, HYDERABAD, B3/7-2-C-14	India	India	classic engineering pvt ltd		7 2 c 14 industrial estate sanath nagar balanagar hyderabad telangana	ranga reddy hyderabad b3 7 2 c 14	True	0.0	0.0	0.0	0.0	0.0	0.3529411764705882	0.7058823529411765	0.35714285714285715	0.625	0.75	0.7058823529411765	REVIEW	0.31764705882352945
S1-893609958	S3-63293660	S3	Sun Maa Hospitality Private Limited	സൺ മാ ഹോസ്പിറ്റാലിറ്റി പ്രൈവറ്റ് ലിമിറ്റഡ്	Xxi/152, Panadans, Cochin, Universitypost, Kalamasery, Ernakulam, Kerala	Xxi/52, Ernakulam, Keralam	India	India	sun maa hospitality private limited		xxi 152 panadans cochin universitypost kalamasery ernakulam kerala	xxi 52 ernakulam keralam	True	0.0	0.0	0.0	0.0	0.0	0.5111111111111111	0.7027027027027027	0.2	0.5	0.0	0.7027027027027027	REVIEW	0.31621621621621626
S1-75134768	S3-146641895	S3	Urban Tech	আরবান টেক	Calcutta, 71 B R B Basu Rd, West Bengal, Kolkata	71 B R B Basu Rd, North 24 Paraganas, Calcutta, WB	India	India	urban tech		calcutta 71 b r b basu rd west bengal kolkata	71 b r b basu rd north 24 paraganas calcutta wb	True	0.0	0.0	0.0	0.0	0.0	0.5434782608695652	0.6969696969696969	0.46153846153846156	0.6666666666666666	0.5	0.6969696969696969	REVIEW	0.3136363636363636
S1-344557977	S2-237548317	S2	Smart Industries Private Limited	स्मार्ट इंडस्ट्रीज प्राइवेट लिमिटेड	D-32, New Ashok Nagar New Delhi, New Delhi, East Delhi, Delhi	GAZIPUR DELHI, Delhi, <NULL>, NEW DELHI, D-32	India	India	smart industries private limited		d 32 new ashok nagar new delhi new delhi east delhi delhi	gazipur delhi delhi null new delhi d 32	True	0.0	0.0	0.0	0.0	0.0	0.5208333333333333	0.6829268292682927	0.4444444444444444	0.6666666666666666	1.0	0.6829268292682927	REVIEW	0.30731707317073176
S1-376656562	S2-4354291	S2	Vijay Care Private Limited	വിജയ് കെയർ പ്രൈവറ്റ് ലിമിറ്റഡ്	1497/16, Eacharath H Mannuthy P.O., Thrissur, Kerala	DOOR NO 274 1497/16, THRISSUR, Keralam	India	India	vijay care private limited		1497 16 eacharath h mannuthy p o thrissur kerala	door no 274 1497 16 thrissur keralam	True	0.0	0.0	0.0	0.0	0.0	0.5476190476190477	0.6666666666666665	0.23076923076923078	0.42857142857142855	0.6666666666666666	0.6666666666666665	REVIEW	0.29999999999999993
S1-795631320	S3-603278752	S3	Smart Trading Private Limited	ಸ್ಮಾರ್ಟ್ Trading ಪ್ರೈವೇಟ್ ಲಿಮಿಟೆಡ್	Flat No-1/22, Vijaya Enclave Nb, Bangalore South, Bangalore, Karnataka	Flat No-1/22, Bangalore, Bangalore South, ಕರ್ನಾಟಕ	India	India	smart trading private limited	trading	flat no 1 22 vijaya enclave nb bangalore south bangalore karnataka	flat no 1 22 bangalore bangalore south	True	0.38888888888888884	1.0	0.25	1.0	1.0	0.6538461538461539	1.0	0.6	1.0	1.0	1.0	STRONG	1.0
S1-925403791	S2-595572022	S2	12 30 Bhav	12 30	50 200, Unit OFFICE, Farmington, UT	FARMINGTON, 50 200, UT	US	US	12 30 bhav	12 30	50 200 unit office farmington ut	farmington 50 200 ut	True	0.6666666666666667	1.0	0.6666666666666666	1.0	1.0	0.5	1.0	0.6666666666666666	1.0	1.0	1.0	STRONG	1.0
S1-511355563	S3-795427322	S3	Hotel Technologies Private Limited	होटल Technologies प्राइवेट लिमिटेड	Pune, Flat No. A5 506, Genesis, Sr. No. 123/1/2 And 123/1/3, Maharashtra, Pune	Sr. No. 123/1/2 And 123/1/3, Pune, महाराष्ट्र	India	India	hotel technologies private limited	technologies	pune flat no a5 506 genesis sr no 123 1 2 and 123 1 3 maharashtra pune	sr no 123 1 2 and 123 1 3 pune	True	0.5217391304347826	1.0	0.25	1.0	1.0	0.6	1.0	0.6153846153846154	1.0	0.6666666666666666	1.0	STRONG	1.0
S1-216511119	S3-700997777	S3	Surya Energy Private Limited	सूर्या Energy प्राइवेट लिमिटेड	Nagar Jaipur, Hans Marg, C-252-A, Malviya Nagar, Rajasthan	Malviya Nagar, C-252-a, Hans Marg, Malviya Nagar, RJ	India	India	surya energy private limited	energy	nagar jaipur hans marg c 252 a malviya nagar rajasthan	malviya nagar c 252 a hans marg malviya nagar rj	True	0.3529411764705882	1.0	0.25	1.0	1.0	0.6666666666666667	0.9538461538461539	0.7	0.875	1.0	0.9538461538461539	STRONG	0.9792307692307693
S1-41217356	S3-272041321	S3	Dental Valley Specialists LLC	Dental Valley	4 Curtis Street, Peabody, MA	4-8 Curtis Street, Peabody DCP, Massachusetts	US	US	dental valley specialists llc	dental valley	4 curtis street peabody ma	4 8 curtis street peabody dcp massachusetts	True	0.6190476190476191	1.0	0.5	1.0	1.0	0.7536231884057972	0.9387755102040817	0.5	0.8	0.5	0.9387755102040817	STRONG	0.9724489795918367
S1-753180274	S2-122241825	S2	Helios LLC	Helios  LLC Center	306 Wrights Lane, Bldg BRIAN GRIFFITH DENTISTRY, Prestonsburg, KY	WRIGHTS LN, PRESTONSBURG, KY	US	US	helios llc	helios llc center	306 wrights lane bldg brian griffith dentistry prestonsburg ky	wrights ln prestonsburg ky	True	0.7407407407407408	1.0	0.6666666666666666	1.0	1.0	0.5909090909090908	0.9387755102040817	0.3	0.75	0.0	0.9387755102040817	STRONG	0.9724489795918367
S1-932539298	S2-780145988	S2	Escobedo Smart of Williamson	*** ESCOBEDO SMART OF WBILMIASON	NY, Williamson, 6475 Salmon Creek Road	6475-6479 SALMON CREEK ROAD, null, WILLIAMSON CITY, NY	US	US	escobedo smart of williamson	escobedo smart of wbilmiason	ny williamson 6475 salmon creek road	6475 6479 salmon creek road null williamson city ny	True	0.9285714285714286	0.9285714285714286	0.6	0.75	0.9285714285714286	0.5057471264367817	1.0	0.6666666666666666	1.0	0.5	1.0	STRONG	0.9607142857142859
S1-521605108	S3-725998443	S3	Mayur & Co	Mayur Co Services	S-1, Dda Local Shopping Compex, Mayur Vihar, Phase-1, Delhi, East Delhi, Delhi	S-1, Delhi, East Delhi, DL	India	India	mayur co	mayur co services	s 1 dda local shopping compex mayur vihar phase 1 delhi east delhi delhi	s 1 delhi east delhi dl	True	0.64	1.0	0.6666666666666666	1.0	1.0	0.4842105263157894	0.903225806451613	0.3333333333333333	0.8	1.0	0.903225806451613	STRONG	0.9564516129032259
S1-953470089	S3-613209073	S3	Tirupati Systems Limited	Tirupati Ssyetms Limited	C/O Mangesh Waman Nirantar, Shop No. G-1, F-Building, Kasliwal Suvarnayog, Garkhed, A, Aurangabad, Maharashtra	Aurangabad, महाराष्ट्र, C/o Mangesh Waman Nirantar, Aurangabad	India	India	tirupati systems limited	tirupati ssyetms limited	c o mangesh waman nirantar shop no g 1 f building kasliwal suvarnayog garkhed a aurangabad maharashtra	aurangabad c o mangesh waman nirantar aurangabad	True	0.9166666666666665	0.9166666666666667	0.5	0.6666666666666666	0.9166666666666667	0.4933333333333333	1.0	0.35294117647058826	1.0	0.0	1.0	STRONG	0.9541666666666668
S1-410304151	S2-815364211	S2	Interstate Health Alliance Inc	[INC] INTERSTATE HNTLH ALLIANCE	1138 Main Street, Bldg ACUSHNET FIRE DEPARTMENT FIRE STATION #2, Acushnet, MA	1138 MAIN STREET, ACUSHNET, MA	US	US	interstate health alliance inc	inc interstate hntlh alliance	1138 main street bldg acushnet fire department fire station 2 acushnet ma	1138 main street acushnet ma	True	0.7796610169491526	0.9152542372881356	0.6	0.75	0.9152542372881356	0.5544554455445545	1.0	0.5	1.0	0.5	1.0	STRONG	0.9533898305084747
S1-724315493	S3-928249286	S3	Cobalt LP	Cobalt LP Center	3300 204th Street, Unit ROOM 12, WA, Lynnwood	3300 204th Street, # ROOM 12, Lynnwood CIYT, Washington	US	US	cobalt lp	cobalt lp center	3300 204th street unit room 12 wa lynnwood	3300 204th street room 12 lynnwood ciyt washington	True	0.72	1.0	0.6666666666666666	1.0	1.0	0.7391304347826086	0.8947368421052632	0.6	0.75	1.0	0.8947368421052632	STRONG	0.9526315789473685
S1-71265566	S3-4947094	S3	One International Private Limited	One Intenratloanl Private Limited	1-61/Smrvc/B1/908/B1-1 Miyapur, Serilingampally, Hyderabad, Telangana	Hyderabad, తెలంగాణ, Hyderabad, 1-61/Smrvc/B1/908/B1-1 Miyapur	India	India	one international private limited	one intenratloanl private limited	1 61 smrvc b1 908 b1 1 miyapur serilingampally hyderabad telangana	hyderabad hyderabad 1 61 smrvc b1 908 b1 1 miyapur	True	0.9090909090909091	0.9090909090909091	0.6	0.75	0.9090909090909091	0.5172413793103448	1.0	0.7777777777777778	1.0	1.0	1.0	STRONG	0.95
S1-835425265	S2-825851111	S2	Green United Solana LLC	Green United	694 E Side Drive, Unit F, Layton, UT	EAST SIDE DRIVE, LAYTON, UT	US	US	green united solana llc	green united	694 e side drive unit f layton ut	east side drive layton ut	True	0.6857142857142857	1.0	0.5	1.0	1.0	0.7586206896551724	0.8888888888888888	0.4444444444444444	0.8	0.0	0.8888888888888888	STRONG	0.95
S1-173971969	S3-210351517	S3	Hotel It Pvt Ltd	Htl It Pvt Ltd	Kailash Bihari Singh, Cou, Po-Bhagwan, Chapra, Saran, Bihar	Kailash Bihari Singh, Chapra, BR, Saran	India	India	hotel it pvt ltd	htl it pvt ltd	kailash bihari singh cou po bhagwan chapra saran bihar	kailash bihari singh chapra br saran	True	0.9333333333333332	0.9333333333333332	0.6	0.75	0.9333333333333332	0.7333333333333334	0.9565217391304348	0.5	0.8333333333333334	0.0	0.9565217391304348	STRONG	0.943768115942029
S1-558634684	S2-536166686	S2	Prime Food Private Limited	PRIME PRIVATE LIMITED SERVICE	Plot No. 23, Zone-1 M.P. Nagar, Bhopal, Madhya Pradesh	NO 23 , ZONE-1 M.P. NAGAR, BHOPAL, मध्य प्रदेश	India	India	prime food private limited	prime private limited service	plot no 23 zone 1 m p nagar bhopal madhya pradesh	no 23 zone 1 m p nagar bhopal	True	0.7636363636363638	0.8936170212765957	0.6	0.75	0.8936170212765957	0.7435897435897436	1.0	0.7272727272727273	1.0	1.0	1.0	STRONG	0.9414893617021277
S1-501296085	S3-328999650	S3	Valley & Co	CO & VALLEY	Flat No 33 B, Udaygiri 1St, Sector 34, Uttar Pradesh, Gautam Buddha Nagar, Noida	Flta No D/33 B, Noida, Gautam Buddha Nagar, UP	India	India	valley co	co valley	flat no 33 b udaygiri 1st sector 34 uttar pradesh gautam buddha nagar noida	flta no d 33 b noida gautam buddha nagar up	True	0.6666666666666667	1.0	1.0	1.0	1.0	0.5932203389830508	0.8684210526315789	0.4117647058823529	0.7	0.3333333333333333	0.8684210526315789	STRONG	0.9407894736842106
S1-641249328	S2-143628815	S2	Sacramento Veterans Highland Society	Sacramento [Veterans]	CA, Sacramento, 5741 55th Street	5741-5743 55TH ST, SACRAMENTO, CA	US	US	sacramento veterans highland society	sacramento veterans	ca sacramento 5741 55th street	5741 5743 55th st sacramento ca	True	0.6909090909090909	1.0	0.5	1.0	1.0	0.4918032786885246	0.8679245283018868	0.5714285714285714	0.8	0.6666666666666666	0.8679245283018868	STRONG	0.9405660377358491
S1-71172417	S3-806740086	S3	Tirupati Estate Private Limited	Tirupati एस्टेट प्राइवेट लिमिटेड	Flat No: 302, Foor No 3, Krishna Kunj, Gokuldham, Film City Road, Goregon, Mumbai, Mumbai City, Maharashtra	Flat No: 30, Mumbai, Mumbai City, MH	India	India	tirupati estate private limited	tirupati	flat no 302 foor no 3 krishna kunj gokuldham film city road goregon mumbai mumbai city maharashtra	flat no 30 mumbai mumbai city mh	True	0.41025641025641024	1.0	0.25	1.0	1.0	0.49230769230769234	0.8636363636363636	0.25	0.6666666666666666	0.0	0.8636363636363636	STRONG	0.9386363636363637
S1-96384915	S3-193368378	S3	Urban Agro LLP	Urban एग्रो LLP	C/O Shree Chand, Vill Maithna Inder Singh, Meerut, Uttar Pradesh	C/o Shree Chand, N/A, Meerut, UP	India	India	urban agro llp	urban llp	c o shree chand vill maithna inder singh meerut uttar pradesh	c o shree chand n a meerut up	True	0.782608695652174	1.0	0.6666666666666666	1.0	1.0	0.6222222222222222	0.8627450980392157	0.35714285714285715	0.625	0.0	0.8627450980392157	STRONG	0.9382352941176471
S1-837908386	S2-178477919	S2	A Cure 3 You Inc.	Ínc. A Cure 3 Y0u	103 Hampton Lee Court, Unit 1A, Cary, NC	103 HAMPTON LEE CT, CARY, NC	US	US	a cure 3 you inc	inc a cure 3 y0u	103 hampton lee court unit 1a cary nc	103 hampton lee ct cary nc	True	0.6875	0.9375	0.6666666666666666	0.8	0.9375	0.8253968253968254	0.9387755102040817	0.5555555555555556	0.8333333333333334	0.5	0.9387755102040817	STRONG	0.9380739795918367
S1-125331877	S3-898976397	S3	New Delhi Global Corp	Corp New Dfelai Global	New Delhi, Delhi, C-1/67-Old No-4B, West Delhi, Kh No-120/2 Madhu Vihar	C-1/67-old No-4b, New Delhi, DL	India	India	new delhi global corp	corp new dfelai global	new delhi delhi c 1 67 old no 4b west delhi kh no 120 2 madhu vihar	c 1 67 old no 4b new delhi dl	True	0.6976744186046511	0.9302325581395349	0.6	0.75	0.9302325581395349	0.5416666666666667	0.9454545454545454	0.5333333333333333	0.8888888888888888	0.6	0.9454545454545454	STRONG	0.9370824524312897
S1-42596820	S3-810444824	S3	Lakshmi Construction Private Limited	लक्ष्मी कंस्ट्रक्शन Private Limited	B-11/C-2, Malviya Nagar, Ind. Area, Jaipur, Rajasthan	Jaipur, B-011/c-2, Ind. Area, RJ	India	India	lakshmi construction private limited	private limited	b 11 c 2 malviya nagar ind area jaipur rajasthan	jaipur b 011 c 2 ind area rj	True	0.5882352941176471	1.0	0.5	1.0	1.0	0.5263157894736843	0.8571428571428571	0.5	0.75	0.3333333333333333	0.8571428571428571	STRONG	0.9357142857142857
S1-500552277	S3-628706426	S3	U Q & Z Kimco	U Q + Z	105 Susan Court, Winchester, KY	Winchester, Kentucky, 105 Susan Ct	US	US	u q z kimco	u q z	105 susan court winchester ky	winchester kentucky 105 susan ct	True	0.625	1.0	0.75	1.0	1.0	0.42622950819672134	0.8524590163934427	0.42857142857142855	0.6	1.0	0.8524590163934427	STRONG	0.9336065573770493
S1-27158214	S2-614863359	S2	Darby Thomas News LLC	DARBY THOMAS THOMAS	125 Seward Street, Smyrna, TN	125 SEWARD ST, SMYRNA CITY, TN	US	US	darby thomas news llc	darby thomas thomas	125 seward street smyrna tn	125 seward st smyrna city tn	True	0.7	1.0	0.5	1.0	1.0	0.8363636363636364	0.851063829787234	0.5714285714285714	0.8	1.0	0.851063829787234	STRONG	0.9329787234042554
S1-238012566	S3-538256219	S3	Baldwin Superior Farms LLC	Baldwin Subperoir Farms LLC	5016 85, New Salem, ND	North Dakota, New Salem, 5016 85	US	US	baldwin superior farms llc	baldwin subperoir farms llc	5016 85 new salem nd	north dakota new salem 5016 85	True	0.9433962264150944	0.9433962264150944	0.6	0.75	0.9433962264150944	0.48	0.9189189189189189	0.5714285714285714	0.8	1.0	0.9189189189189189	STRONG	0.9323814380418154
S1-648894561	S3-829470335	S3	Supreme Consultants Private Limited	सुप्रीम Consultants प्राइवेट लिमिटेड	236 & 237, The Galleria Dlf, Second Floor, Mayur Vihar Ext-1, Noida Link Road, New Delhi, East Delhi, Delhi	New Delhi, East Delhi, H.no 236 & 237, DL	India	India	supreme consultants private limited	consultants	236 237 the galleria dlf second floor mayur vihar ext 1 noida link road new delhi east delhi delhi	new delhi east delhi h no 236 237 dl	True	0.4782608695652174	1.0	0.25	1.0	1.0	0.34328358208955223	0.8461538461538461	0.25	0.625	0.6666666666666666	0.8461538461538461	STRONG	0.9307692307692308
S1-726860670	S3-165705146	S3	Oneil National Sprott, Inc	Oneil National Inc Sprott, | www.oneilnati.com	18 Morning Dew Drive, Asheville, NC	18 Morning Dew Dr, Asheville, North Carolina	US	US	oneil national sprott inc	oneil national inc sprott www oneilnati com	18 morning dew drive asheville nc	18 morning dew dr asheville north carolina	True	0.7352941176470589	1.0	0.5714285714285714	1.0	1.0	0.8	0.8421052631578948	0.4444444444444444	0.6666666666666666	1.0	0.8421052631578948	STRONG	0.9289473684210527
S1-499302167	S3-909488329	S3	Shree Industries Private Limited	શ્રી Industries પ્રાઇવેટ લિમિટેડ	Plot No. 265, G. I. D. C. Estate Sachin, Surat, Gujarat	Dor No 265, G. I. D. C. Estate Sachin, Vadodara Region, Surat, GJ	India	India	shree industries private limited	industries	plot no 265 g i d c estate sachin surat gujarat	dor no 265 g i d c estate sachin vadodara region surat gj	True	0.4761904761904761	1.0	0.25	1.0	1.0	0.75	0.8395061728395062	0.6	0.8181818181818182	1.0	0.8395061728395062	STRONG	0.9277777777777778
S1-387418200	S3-373656844	S3	Dixon Learning Center Inc.	Inc. Dixon Center Learning	228 Blue Ridge Drive, Old Hickory, TN	228 Biue Ridge Dr, Old Hickory, Tennessee	US	US	dixon learning center inc	inc dixon center learning	228 blue ridge drive old hickory tn	228 biue ridge dr old hickory tennessee	True	0.6	1.0	1.0	1.0	1.0	0.8378378378378379	0.8378378378378377	0.4	0.5714285714285714	1.0	0.8378378378378379	STRONG	0.9270270270270271
S1-338830003	S3-633453278	S3	Doex LLC	#doex	5421 Lakeside Avenue, Crystal, MN	542 Lakeside Ave, Crystal, Minnesota	US	US	doex llc	doex	5421 lakeside avenue crystal mn	542 lakeside ave crystal minnesota	True	0.6666666666666667	1.0	0.5	1.0	1.0	0.8307692307692307	0.8307692307692308	0.25	0.4	0.0	0.8307692307692308	STRONG	0.923846153846154
S1-403028834	S2-702709324	S2	Piedmont Construction LLC	Piedmont Cossriucion LLC	OK, 917 Linn Lane, Yukon	917 LINN LN, YUKON, OK	US	US	piedmont construction llc	piedmont cossriucion llc	ok 917 linn lane yukon	917 linn ln yukon ok	True	0.8979591836734694	0.8979591836734694	0.5	0.6666666666666666	0.8979591836734694	0.8095238095238095	0.9523809523809524	0.6666666666666666	0.8	1.0	0.9523809523809524	STRONG	0.9224489795918368
S1-645147697	S2-553207883	S2	Wildlife Center	WILDLIFE CENTER  CORPORATION	1020 43rd Street, Minot, ND	##1020 43TH ST, MINOT, ND	US	US	wildlife center	wildlife center corporation	1020 43rd street minot nd	1020 43th st minot nd	True	0.7142857142857143	1.0	0.6666666666666666	1.0	1.0	0.826086956521739	0.826086956521739	0.42857142857142855	0.6	1.0	0.826086956521739	STRONG	0.9217391304347826
S1-906572599	S2-665974142	S2	Z & B Entergy	*** Z + B	6801 35th Avenue, Fl 1, Lacey, WA	680 35TH AVENUE, PMB 2233, LACEY, WA	US	US	z b entergy	z b	6801 35th avenue fl 1 lacey wa	680 35th avenue pmb 2233 lacey wa	True	0.4285714285714286	1.0	0.6666666666666666	1.0	1.0	0.8253968253968254	0.8253968253968255	0.4	0.5714285714285714	0.2	0.8253968253968255	STRONG	0.9214285714285715
S1-754570857	S3-498973708	S3	Stanley Elite Newhold Inc	Stanley Elite	11705 Winter Park Terrace, Fl 0, Beaverton, OR	1705 Winter Park Terrace, Fl. 0, Portland, Oregon	US	US	stanley elite newhold inc	stanley elite	11705 winter park terrace fl 0 beaverton or	1705 winter park terrace fl 0 portland oregon	True	0.6842105263157895	1.0	0.5	1.0	1.0	0.8181818181818181	0.8181818181818181	0.45454545454545453	0.625	0.3333333333333333	0.8181818181818181	STRONG	0.9181818181818182
S1-216511119	S3-245059775	S3	Surya Energy Private Limited	Surya Energy Limited Center	Nagar Jaipur, Hans Marg, C-252-A, Malviya Nagar, Rajasthan	C-252-a, Malviya Nagar, राजस्थान	India	India	surya energy private limited	surya energy limited center	nagar jaipur hans marg c 252 a malviya nagar rajasthan	c 252 a malviya nagar	True	0.7272727272727273	0.851063829787234	0.6	0.75	0.851063829787234	0.56	1.0	0.5555555555555556	1.0	1.0	1.0	STRONG	0.9180851063829788
S1-208942438	S2-700660628	S2	Phillips & Christensen Storage Inc	INCORPORATED PHlLLIPS & CHRISTENSEN STORAGE	UT, Vernal, 48 100	48 100, VERNAL, UT	US	US	phillips christensen storage inc	incorporated phlllips christensen storage	ut vernal 48 100	48 100 vernal ut	True	0.7397260273972602	0.8493150684931507	0.3333333333333333	0.5	0.8493150684931507	0.5	1.0	1.0	1.0	1.0	1.0	STRONG	0.917123287671233
S1-223621109	S3-548341368	S3	Pioneer Projects LLP	>> Pioneer Pjecst LLP	Rohtak, Khewat No. 93, Kh No 197, Rajender Nagar, Plot No 12, Haryana	Plot No 12, Haryana, Rohtak, HR	India	India	pioneer projects llp	pioneer pjecst llp	rohtak khewat no 93 kh no 197 rajender nagar plot no 12 haryana	plot no 12 haryana rohtak hr	True	0.8947368421052632	0.8947368421052632	0.5	0.6666666666666666	0.8947368421052632	0.39560439560439564	0.9433962264150944	0.4166666666666667	0.8333333333333334	0.3333333333333333	0.9433962264150944	STRONG	0.9166335650446873
S1-630839433	S2-555688690	S2	Chiropractic Associates Inc.	Chiropractic Asmocgiatse Inc.	511 55th Street, Renton, WA	WA, RENTON, 511 55TH ST	US	US	chiropractic associates inc	chiropractic asmocgiatse inc	511 55th street renton wa	wa renton 511 55th st	True	0.9090909090909091	0.9090909090909091	0.5	0.6666666666666666	0.9090909090909091	0.4782608695652174	0.923076923076923	0.6666666666666666	0.8	1.0	0.923076923076923	STRONG	0.9153846153846154
S1-208942438	S3-514453547	S3	Phillips & Christensen Storage Inc	Inc Phillips And Chritensen Storage	UT, Vernal, 48 100	48-D 100, Vernal, Utah	US	US	phillips christensen storage inc	inc phillips and chritensen storage	ut vernal 48 100	48 d 100 vernal utah	True	0.8059701492537313	0.9253731343283582	0.5	0.75	0.9253731343283582	0.4444444444444444	0.896551724137931	0.5	0.75	1.0	0.896551724137931	STRONG	0.9124034997426661
S1-800915873	S3-595714899	S3	Adams, Williams and Alexander Carolina LLC	LLC Adams, Williams and Aelxagre Carolina	7333 Lynn Avenue, Fl 0, Saint Louis, MO	7333-D Lynn Avenue, Floor 0, Saint Louis, Missouri	US	US	adams williams and alexander carolina llc	llc adams williams and aelxagre carolina	7333 lynn avenue fl 0 saint louis mo	7333 d lynn avenue floor 0 saint louis missouri	True	0.814814814814815	0.9135802469135803	0.7142857142857143	0.8333333333333334	0.9135802469135803	0.8674698795180723	0.9090909090909091	0.5454545454545454	0.75	1.0	0.9090909090909091	STRONG	0.9115600448933783
S1-958740646	S3-897268381	S3	Happy Ice Cream	Happy Ice	TX, Dublin, 425 Eagle Street	Dublin CDP, 425 Eagle St, Texas	US	US	happy ice cream	happy ice	tx dublin 425 eagle street	dublin cdp 425 eagle st texas	True	0.75	1.0	0.6666666666666666	1.0	1.0	0.7272727272727273	0.8	0.375	0.6	1.0	0.8	STRONG	0.9100000000000001
S1-992003464	S2-762264647	S2	Aashi & Co Corp	Atasfhi & Co Corp	Row House 10Syno246/1Mani, Konda Chitrapuri Colony, Rangareddy, Telangana	HN 180 ROW HOUSE 10SYNO246/1MANI, NULL, RANGAREDDY, Telangana	India	India	aashi co corp	atasfhi co corp	row house 10syno246 1mani konda chitrapuri colony rangareddy telangana	hn 180 row house 10syno246 1mani null rangareddy telangana	True	0.9285714285714286	0.9285714285714286	0.5	0.6666666666666666	0.9285714285714286	0.78125	0.8846153846153847	0.5	0.6666666666666666	0.75	0.8846153846153847	STRONG	0.9087912087912089
S1-552720726	S2-524158368	S2	ZX Chit Private Limited	Pae ZX Chit Limited	50/1112, D11 2Nd Floor, Muhammad Haji Building Station Junction, Edappally P.O, Kochi, Ernakulam, Kerala	A-50/1112, N/A, KOCHI, Kerala	India	India	zx chit private limited	pae zx chit limited	50 1112 d11 2nd floor muhammad haji building station junction edappally p o kochi ernakulam kerala	a 50 1112 n a kochi kerala	True	0.7142857142857143	0.9047619047619048	0.6	0.75	0.9047619047619048	0.3870967741935484	0.9090909090909091	0.2222222222222222	0.6666666666666666	0.5	0.9090909090909091	STRONG	0.9067099567099568
S1-959189311	S2-151292966	S2	Allied Pembina	ALLIED PAEINA	Nashville, 519 Yokley Road, TN	519 YOKLEY RD, NSAHVILLE, TN	US	US	allied pembina	allied paeina	nashville 519 yokley road tn	519 yokley rd nsahville tn	True	0.8888888888888888	0.8888888888888888	0.3333333333333333	0.5	0.8888888888888888	0.5925925925925926	0.9259259259259259	0.42857142857142855	0.6	1.0	0.9259259259259259	STRONG	0.9055555555555557
S1-644411036	S2-642960929	S2	Steele Express Bhav LLC	LLC Steele Expries Bhav	400 6th Street, Scotts Mills, OR	00 SIXTH ST, SCOTTS MILLS, OR	US	US	steele express bhav llc	llc steele expries bhav	400 6th street scotts mills or	00 sixth st scotts mills or	True	0.782608695652174	0.9565217391304348	0.6	0.75	0.9565217391304348	0.8421052631578947	0.8421052631578948	0.3333333333333333	0.5	0.0	0.8421052631578948	STRONG	0.9050343249427919
S1-418423816	S2-244371989	S2	Barnes, Campbell & Hillman Guaranty Inc.	BARNES, CAMPBELL AND HIHMTLLN GUARANTY INC.	35 Madison Avenue, Unit Apartment 1C, Spring Valley, NY	35 MADISON AVE, SPRING VALLEY, NY	US	US	barnes campbell hillman guaranty inc	barnes campbell and hihmtlln guaranty inc	35 madison avenue unit apartment 1c spring valley ny	35 madison ave spring valley ny	True	0.8831168831168832	0.8831168831168832	0.5714285714285714	0.8	0.8831168831168832	0.7469879518072289	0.9310344827586207	0.5	0.8333333333333334	0.5	0.9310344827586207	STRONG	0.9046798029556651
S1-223621109	S3-15370997	S3	Pioneer Projects LLP	Pioneer  Plocits LLP	Rohtak, Khewat No. 93, Kh No 197, Rajender Nagar, Plot No 12, Haryana	Plot No 12, Haryana, Rohtak, HR	India	India	pioneer projects llp	pioneer plocits llp	rohtak khewat no 93 kh no 197 rajender nagar plot no 12 haryana	plot no 12 haryana rohtak hr	True	0.8717948717948718	0.8717948717948718	0.5	0.6666666666666666	0.8717948717948718	0.39560439560439564	0.9433962264150944	0.4166666666666667	0.8333333333333334	0.3333333333333333	0.9433962264150944	STRONG	0.904015481373972
S1-547971316	S2-201545177	S2	General Design International Inc	GENERAL DESIGN	800 Brommer Street, Unit 27, Santa Cruz, CA	00800 BROMMER ST, SANTA CRUZ TOWNSHIP, CA	US	US	general design international inc	general design	800 brommer street unit 27 santa cruz ca	00800 brommer st santa cruz township ca	True	0.6086956521739131	1.0	0.5	1.0	1.0	0.7088607594936708	0.7848101265822786	0.36363636363636365	0.5714285714285714	0.0	0.7848101265822786	STRONG	0.9031645569620255
S1-512634625	S2-860706331	S2	Ironclad Lending LLC	IRONCLAD LNTDIG-LLC	OH, Hamilton, 736 East Avenue	HAMILTON, 736 1/2 EAST AVE, OH	US	US	ironclad lending llc	ironclad lntdig llc	oh hamilton 736 east avenue	hamilton 736 1 2 east ave oh	True	0.923076923076923	0.923076923076923	0.5	0.6666666666666666	0.923076923076923	0.7636363636363638	0.8727272727272728	0.5	0.8	0.3333333333333333	0.8727272727272728	STRONG	0.9004195804195805
S1-796024407	S2-560403084	S2	Celinka Walters Ramaco LLC	Ce1inka Waeors Ramaco LLC	2929 Dougherty Ferry Road, Unit APT 110, Saint Louis, MO	2929-2931 DOUGHERTY FERRY RD, SAINT LOUIS, MO	US	US	celinka walters ramaco llc	ce1inka waeors ramaco llc	2929 dougherty ferry road unit apt 110 saint louis mo	2929 2931 dougherty ferry rd saint louis mo	True	0.9019607843137255	0.9019607843137254	0.3333333333333333	0.5	0.9019607843137255	0.7916666666666665	0.8974358974358974	0.5	0.75	0.3333333333333333	0.8974358974358974	STRONG	0.8999245852187029
S1-870254921	S2-769703757	S2	Vm India Private Limited	Priaate Vm lndia Limited	Kanjirathani, Vattakkunnu, Kappur P.O, Ottappalam, Palakkad, Kerala	DOOR NO 52 KANJIRATHANI, OTTAPPALAM, PALAKKAD, Kerala	India	India	vm india private limited	priaate vm lndia limited	kanjirathani vattakkunnu kappur p o ottappalam palakkad kerala	door no 52 kanjirathani ottappalam palakkad kerala	True	0.625	0.9166666666666667	0.3333333333333333	0.5	0.9166666666666667	0.6964285714285714	0.8764044943820224	0.36363636363636365	0.5714285714285714	0.0	0.8764044943820224	STRONG	0.8985486891385768
S1-652651286	S2-759093679	S2	Mumbai Marine Pvt Ltd	LTD MUMBAI PVT [CENTER]	Godown No-2A Sunderville, Mumbai, Maharashtra, Mumbai City, Co-Operative Society Ltd S.V.Road, Next To Vijay Sales, Santacruz, (West)	MUMBAI, GODOWN NO-2A SUNDERVILLE, MUMBAI CITY, महाराष्ट्र	India	India	mumbai marine pvt ltd	ltd mumbai pvt center	godown no 2a sunderville mumbai maharashtra mumbai city co operative society ltd s v road next to vijay sales santacruz west	mumbai godown no 2a sunderville mumbai city	True	0.5714285714285714	0.8095238095238095	0.6	0.75	0.8095238095238095	0.43113772455089816	1.0	0.3	1.0	1.0	1.0	STRONG	0.8952380952380953
S1-705961596	S3-762367919	S3	IMQ Eye Private Limited	lMQ Eye Private Ltd	M.C.B.-Z-6-22224/0003 Main Road, Adarsh Nagar, Goniana Road, Bathinda, Punjab	M.c.b.-z-d/6-22224/0003 Main Road, Bathinda, PB	India	India	imq eye private limited	lmq eye private ltd	m c b z 6 22224 0003 main road adarsh nagar goniana road bathinda punjab	m c b z d 6 22224 0003 main road bathinda pb	True	0.8571428571428572	0.8571428571428571	0.3333333333333333	0.5	0.8571428571428572	0.7241379310344827	0.9397590361445783	0.625	0.8333333333333334	1.0	0.9397590361445783	STRONG	0.8943201376936317
S1-212460801	S2-40562774	S2	Clyyn Pan PLLC	Cns-Pan PLLC	209 Simpson Road, Marlborough, MA	MA, MARBOROUGH, 209 SIMPSON RD	US	US	clyyn pan pllc	cns pan pllc	209 simpson road marlborough ma	ma marborough 209 simpson rd	True	0.8461538461538461	0.8461538461538461	0.5	0.6666666666666666	0.8461538461538461	0.5084745762711864	0.9491525423728814	0.42857142857142855	0.6	1.0	0.9491525423728814	STRONG	0.892503259452412
S1-492467148	S2-946846997	S2	Cure Bike Shop	Cure Bike Smcop	1317 University City Boulevard, Unit APT 5, Blacksburg Town, VA	1317 UNIVERSITY CITY BOULEVARD, PO BOX 3338, BLACKSBURG, VA	US	US	cure bike shop	cure bike smcop	1317 university city boulevard unit apt 5 blacksburg town va	1317 university city boulevard po box 3338 blacksburg va	True	0.896551724137931	0.896551724137931	0.5	0.6666666666666666	0.896551724137931	0.8103448275862069	0.88	0.46153846153846156	0.6666666666666666	0.3333333333333333	0.88	STRONG	0.8891034482758622
S1-526349990	S3-408891606	S3	Peak Cloud Concepts	Peak Cloud Coicrpts	736 Ardmore Lane, Shelbyville, KY	736 Ardmore Ln, Shelbyville, Kentucky	US	US	peak cloud concepts	peak cloud coicrpts	736 ardmore lane shelbyville ky	736 ardmore ln shelbyville kentucky	True	0.8947368421052632	0.8947368421052632	0.5	0.6666666666666666	0.8947368421052632	0.8787878787878788	0.8787878787878788	0.42857142857142855	0.6	1.0	0.8787878787878788	STRONG	0.8875598086124402
S1-338840619	S2-624410308	S2	Quartz, LLC	LLC QUIATRZ,	602 723, Bldg Residence, Crittenden County, KY	594 723, CRITTENDEN COUNTY, KY	US	US	quartz llc	llc quiatrz	602 723 bldg residence crittenden county ky	594 723 crittenden county ky	True	0.4761904761904761	0.8571428571428571	0.3333333333333333	0.5	0.8571428571428571	0.704225352112676	0.923076923076923	0.5	0.8	0.3333333333333333	0.923076923076923	STRONG	0.8868131868131868
S1-536638885	S3-725022233	S3	Mega Advisors Limited	M/s Mega Ádvisors	A-99, Karan Vihar Ph V, New Delhi, Delhi	A-99, New Delhi, DL	India	India	mega advisors limited	m s mega advisors	a 99 karan vihar ph v new delhi delhi	a 99 new delhi dl	True	0.6842105263157895	0.8666666666666667	0.4	0.6666666666666666	0.8666666666666667	0.6296296296296297	0.903225806451613	0.4444444444444444	0.8	1.0	0.903225806451613	STRONG	0.8831182795698926
S1-302710833	S3-77639341	S3	Kial Weaver Signature Associates Halifax	Kial Weaver  Signature	NC, 6961 301, Halifax	961 301, <NULL>, Halifax, North Carolina	US	US	kial weaver signature associates halifax	kial weaver signature	nc 6961 301 halifax	961 301 null halifax north carolina	True	0.6885245901639344	1.0	0.6	1.0	1.0	0.5555555555555556	0.7333333333333333	0.25	0.5	0.3333333333333333	0.7333333333333333	STRONG	0.88
S1-671445253	S3-806509432	S3	Metro Care, LLC	Metro LLC Partners	MA, 500 Quincy Street, Abington, Unit 3-C1	500 Quincy Street, Unit 3-C1, Abington, Massachusetts	US	US	metro care llc	metro llc partners	ma 500 quincy street abington unit 3 c1	500 quincy street unit 3 c1 abington massachusetts	True	0.625	0.8125	0.5	0.6666666666666666	0.8125	0.651685393258427	0.96	0.7777777777777778	0.875	1.0	0.96	STRONG	0.8788750000000001
S1-500552277	S3-829483271	S3	U Q & Z Kimco	U Q & Kimco Center	105 Susan Court, Winchester, KY	105 Susan Ct, Winchester, Kentucky	US	US	u q z kimco	u q kimco center	105 susan court winchester ky	105 susan ct winchester kentucky	True	0.6666666666666667	0.9	0.6	0.75	0.9	0.8524590163934427	0.8524590163934427	0.42857142857142855	0.6	1.0	0.8524590163934427	STRONG	0.8786065573770493
S1-140279129	S3-435629068	S3	Vasai Enterprises	Vasai-Entetress	A902 Palm Spring Building, Joyville Pallonji Virar, Vasai, Thane, Maharashtra	MH, Thane, A902 Palm Spring Building	India	India	vasai enterprises	vasai entetress	a902 palm spring building joyville pallonji virar vasai thane maharashtra	mh thane a902 palm spring building	True	0.8125	0.8125	0.3333333333333333	0.5	0.8125	0.4672897196261683	0.9538461538461539	0.45454545454545453	0.8333333333333334	1.0	0.9538461538461539	STRONG	0.8761057692307692
S1-883973644	S2-346262429	S2	Global Hovnanian LLC	GLOBAL HOGNANINN LLC	4024 39th Avenue, Seattle, WA	4024B 39RD AVE, SEATTLE, WA	US	US	global hovnanian llc	global hognaninn llc	4024 39th avenue seattle wa	4024b 39rd ave seattle wa	True	0.9	0.9	0.5	0.6666666666666666	0.9	0.8461538461538461	0.8461538461538461	0.25	0.4	1.0	0.8461538461538461	STRONG	0.8757692307692309
S1-201376315	S2-535697978	S2	E/I World	E/I Wold	VA, 117 Elliot Street, Augusta County	117 ELLIOT STREET, STAUNTON CPD, VA	US	US	e i world	e i wold	va 117 elliot street augusta county	117 elliot street staunton cpd va	True	0.9411764705882352	0.9411764705882354	0.5	0.6666666666666666	0.9411764705882354	0.7058823529411764	0.7941176470588235	0.5	0.6666666666666666	1.0	0.7941176470588235	STRONG	0.875
S1-326888389	S3-949078621	S3	Dream Consulting Private Limited	... Dream Consulting Limited Center	Iskon Mall Office No-331, Nr Big Bazar 150 Ringroad, Rajkot, Gujarat	Iskon Mall Office No-331, Surat, Rajkot, GJ	India	India	dream consulting private limited	dream consulting limited center	iskon mall office no 331 nr big bazar 150 ringroad rajkot gujarat	iskon mall office no 331 surat rajkot gj	True	0.7619047619047619	0.8727272727272728	0.6	0.75	0.8727272727272728	0.7047619047619047	0.8732394366197183	0.42857142857142855	0.75	0.5	0.8732394366197183	STRONG	0.8729577464788734
S1-16609748	S2-54823044	S2	Midwest Mountain Wells LLC	Midwest Muntbeani Wells LLC	2140 71st Street, Lubbock, TX	2140 71TH SAINT, LUBBOCK, TX	US	US	midwest mountain wells llc	midwest muntbeani wells llc	2140 71st street lubbock tx	2140 71th saint lubbock tx	True	0.9056603773584907	0.9056603773584905	0.6	0.75	0.9056603773584907	0.8301886792452831	0.8301886792452831	0.42857142857142855	0.6	1.0	0.8301886792452831	STRONG	0.8716981132075473
S1-419483044	S2-708439842	S2	King Aria LLC	King LLC [Partners]	215 Grand Avenue, Unit Apartment 609, Old Orchard Beach, ME	GRAND AVENUE, OLD ORCHARD BEACH, ME	US	US	king aria llc	king llc partners	215 grand avenue unit apartment 609 old orchard beach me	grand avenue old orchard beach me	True	0.5333333333333333	0.7619047619047619	0.5	0.6666666666666666	0.7619047619047619	0.7415730337078652	1.0	0.6	1.0	0.0	1.0	STRONG	0.8690476190476191
S1-143265439	S3-104196677	S3	Drayex Armour	Drayex [Amrour]	312 Derby Lane, Unit 202, Lexington, NC	Derby Ln, Unit 202, Lexington, North Carolina	US	US	drayex armour	drayex amrour	312 derby lane unit 202 lexington nc	derby ln unit 202 lexington north carolina	True	0.923076923076923	0.923076923076923	0.3333333333333333	0.5	0.923076923076923	0.7692307692307692	0.8	0.4	0.5714285714285714	0.5	0.8	STRONG	0.8676923076923078
S1-706856946	S3-48972403	S3	Safe Vanguard Properties LLC	Safe Vanguard LLC Services	488 Lakeside Drive, Latonia Ky, KY	488 Lakeside Dr, PO Box 9683, Latonia Ky, Kentucky	US	US	safe vanguard properties llc	safe vanguard llc services	488 lakeside drive latonia ky ky	488 lakeside dr po box 9683 latonia ky kentucky	True	0.7037037037037037	0.8518518518518519	0.6	0.75	0.8518518518518519	0.7341772151898734	0.8846153846153847	0.4	0.8	0.5	0.8846153846153847	STRONG	0.8665954415954417
S1-192327811	S2-622284434	S2	NP Global Company	*** NP Gbohla Company	61 T/F, Third Floor, Vijay Block, East Delhi, Delhi	NO 61 T/F, EAST DELHI, Delhi	India	India	np global company	np gbohla company	61 t f third floor vijay block east delhi delhi	no 61 t f east delhi delhi	True	0.8235294117647058	0.8235294117647058	0.5	0.6666666666666666	0.8235294117647058	0.6301369863013699	0.9189189189189189	0.5	0.8333333333333334	1.0	0.9189189189189189	STRONG	0.8664546899841017
S1-92729851	S3-149647877	S3	Capital Council Inc	Capital Cunctl  Inc	221 Main Street, Florence, KY	22 Main St, Florence, Kentucky	US	US	capital council inc	capital cunctl inc	221 main street florence ky	22 main st florence kentucky	True	0.9189189189189189	0.9189189189189189	0.5	0.6666666666666666	0.9189189189189189	0.8	0.8	0.25	0.4	0.0	0.8	STRONG	0.8654054054054054
S1-455885431	S2-906513579	S2	Lyrial Aria	Lyria1-Aria	21406 Catalina Circle, Rehoboth Beach, DE	21406 CATNLINA CIR, REHOBOT HBEACH TOWNSHIP, DE	US	US	lyrial aria	lyria1 aria	21406 catalina circle rehoboth beach de	21406 catnlina cir rehobot hbeach township de	True	0.9090909090909091	0.9090909090909091	0.3333333333333333	0.5	0.9090909090909091	0.8095238095238095	0.7142857142857143	0.18181818181818182	0.3333333333333333	1.0	0.8095238095238095	STRONG	0.8642857142857143
S1-908800416	S3-506993631	S3	Northern Hamilton Inc	Northern Hamritlon Inc	146 12th Street, Unit A, New Philadelphia, OH	146 12rd St, # A, NE Wphiladelphia, Ohio	US	US	northern hamilton inc	northern hamritlon inc	146 12th street unit a new philadelphia oh	146 12rd st a ne wphiladelphia ohio	True	0.9302325581395349	0.9302325581395349	0.5	0.6666666666666666	0.9302325581395349	0.7792207792207794	0.7012987012987013	0.15384615384615385	0.2857142857142857	1.0	0.7792207792207794	STRONG	0.8622772576260949
S1-387418200	S3-281322816	S3	Dixon Learning Center Inc.	Dixon Learning Cnleetr [Inc.]	228 Blue Ridge Drive, Old Hickory, TN	216 Blue Ridge Dr, Old Hickory, Tennessee	US	US	dixon learning center inc	dixon learning cnleetr inc	228 blue ridge drive old hickory tn	216 blue ridge dr old hickory tennessee	True	0.9019607843137255	0.9019607843137254	0.6	0.75	0.9019607843137255	0.8108108108108109	0.8108108108108109	0.4	0.5714285714285714	0.0	0.8108108108108109	STRONG	0.860943296237414
S1-748364403	S3-940222258	S3	Eye Group	Eye Gr0up	802 Buffalo Street, Unit 8, Johnson City, TN	802 Buffalo St, # 8, Johnson City, Tennessee	US	US	eye group	eye gr0up	802 buffalo street unit 8 johnson city tn	802 buffalo st 8 johnson city tennessee	True	0.8888888888888888	0.8888888888888888	0.3333333333333333	0.5	0.8888888888888888	0.8	0.825	0.5	0.7142857142857143	1.0	0.825	STRONG	0.8601388888888889
S1-699955992	S2-619457951	S2	Diaz Grifols LLC	Diaz Grirgnls LLC	3817 Crane Street, Independence, MO	3834 CRANE ST, INDEPENDENCE, MO	US	US	diaz grifols llc	diaz grirgnls llc	3817 crane street independence mo	3834 crane st independence mo	True	0.8484848484848484	0.8484848484848484	0.5	0.6666666666666666	0.8484848484848484	0.8709677419354839	0.8709677419354839	0.42857142857142855	0.6	0.0	0.8709677419354839	STRONG	0.8586021505376344
S1-491925427	S2-944510200	S2	Henson Worldwide, LLC	Henson Wordgwlide, LLC	NY, 2 Weller Road, Unit Lot 2, Brandon	2 WELLER ROAD, NORTH BANGOR, NY	US	US	henson worldwide llc	henson wordgwlide llc	ny 2 weller road unit lot 2 brandon	2 weller road north bangor ny	True	0.926829268292683	0.926829268292683	0.5	0.6666666666666666	0.926829268292683	0.71875	0.7741935483870968	0.4444444444444444	0.6666666666666666	1.0	0.7741935483870968	STRONG	0.8581431943351693
S1-615738219	S3-6559536	S3	Rahul Brothers Private Limited	Rahul Private Limited Center	A-279Okhla Phase-I, New Delhi, South Delhi, Delhi	A-00279okhla Phase-i, New Delhi, Vasundhara, दिल्ली	India	India	rahul brothers private limited	rahul private limited center	a 279okhla phase i new delhi south delhi delhi	a 00279okhla phase i new delhi vasundhara	True	0.7241379310344827	0.8620689655172414	0.6	0.75	0.8620689655172414	0.7586206896551724	0.8533333333333333	0.5555555555555556	0.7142857142857143	0.0	0.8533333333333333	STRONG	0.8581379310344828
S1-306095185	S3-261575641	S3	Leo International School	Leo School Center	Mumbai, Maharashtra, Mumbai City, Al-Safa Chs, Millat Nagar, Andheri (West), 104/A-1	104/A-1, Mumbai, महाराष्ट्र	India	India	leo international school	leo school center	mumbai maharashtra mumbai city al safa chs millat nagar andheri west 104 a 1	104 a 1 mumbai	True	0.4878048780487805	0.7407407407407408	0.5	0.6666666666666666	0.7407407407407408	0.19999999999999996	1.0	0.3076923076923077	1.0	1.0	1.0	STRONG	0.8574074074074075
S1-703703543	S3-24409234	S3	Cultural Charities Inc.	Cultural Chnrntes Inc.	142 32nd Avenue, Eugene, OR	142 32rd Ave, Eugene, Oregon	US	US	cultural charities inc	cultural chnrntes inc	142 32nd avenue eugene or	142 32rd ave eugene oregon	True	0.8837209302325582	0.8837209302325582	0.5	0.6666666666666666	0.8837209302325582	0.8235294117647058	0.8235294117647058	0.25	0.4	1.0	0.8235294117647058	STRONG	0.8566347469220247
S1-965549055	S3-537422052	S3	Wilson Toyo LLC	LLC Wilson Tafo	120 Lake Drive, Stevensville, MD	120C Lake Dr, Stevensville, Maryland	US	US	wilson toyo llc	llc wilson tafo	120 lake drive stevensville md	120c lake dr stevensville maryland	True	0.6	0.8666666666666667	0.5	0.6666666666666666	0.8666666666666667	0.84375	0.84375	0.25	0.4	1.0	0.84375	STRONG	0.8563541666666667
S1-2092817	S3-752797834	S3	Hamilton Newtekone	Hamilton Nlewittkone	210 Clark Street, Sweetwater, TN	210 Clark St, Sweetwter, Tennessee	US	US	hamilton newtekone	hamilton nlewittkone	210 clark street sweetwater tn	210 clark st sweetwter tennessee	True	0.8947368421052632	0.8947368421052632	0.3333333333333333	0.5	0.8947368421052632	0.8064516129032258	0.8064516129032258	0.25	0.4	1.0	0.8064516129032258	STRONG	0.8550084889643463
S1-41217356	S2-59327396	S2	Dental Valley Specialists LLC	LLC Denta1 Valley Sfpceilifts	4 Curtis Street, Peabody, MA	#4 CURTIS ST, PEABODY CDP, MA	US	US	dental valley specialists llc	llc denta1 valley sfpceilifts	4 curtis street peabody ma	4 curtis st peabody cdp ma	True	0.7241379310344827	0.8620689655172414	0.3333333333333333	0.5	0.8620689655172414	0.8461538461538461	0.8461538461538461	0.5714285714285714	0.8	1.0	0.8461538461538461	STRONG	0.8549071618037136
S1-851869949	S2-915265864	S2	Custom Wealth Services LLC	Custom Wealth LLC Partners	OH, Columbus, 5559 Orville Avenue	555 ORVILLE AVENUE, PO BOX 3877, COLUMBUS, OH	US	US	custom wealth services llc	custom wealth llc partners	oh columbus 5559 orville avenue	555 orville avenue po box 3877 columbus oh	True	0.6538461538461539	0.8076923076923077	0.6	0.75	0.8076923076923077	0.4931506849315068	0.912280701754386	0.4444444444444444	0.8	0.0	0.912280701754386	STRONG	0.8547570850202431
S1-744315333	S3-100306586	S3	Vision Associates LLC	Vision Acsscis LLC LLC	660 Olive Avenue, Stratford, OK	66 Olive Ave, Stratford, Oklahoma	US	US	vision associates llc	vision acsscis llc llc	660 olive avenue stratford ok	66 olive ave stratford oklahoma	True	0.7906976744186046	0.8717948717948718	0.5	0.6666666666666666	0.8717948717948718	0.8333333333333335	0.8333333333333333	0.25	0.4	0.0	0.8333333333333335	STRONG	0.8544871794871796
S1-47869953	S2-561735610	S2	Prestige Servicesprivate Corporation	-- PRESTIGE SERVICESPRIVATE - 5419705558	Near Choti Mazjid, Dhabali Vihir, Mangalwari Peth, Umred, Nagpur, Maharashtra	PLOT 48 NEAR CHOTI MAZJID, NAGPUR, Maharashtra	India	India	prestige servicesprivate corporation	prestige servicesprivate 5419705558	near choti mazjid dhabali vihir mangalwari peth umred nagpur maharashtra	plot 48 near choti mazjid nagpur maharashtra	True	0.704225352112676	0.8135593220338982	0.5	0.6666666666666666	0.8135593220338982	0.6206896551724138	0.9	0.4166666666666667	0.7142857142857143	0.0	0.9	STRONG	0.8524576271186441
S1-756304715	S3-452336654	S3	Choice Rate	Choice Rnie	2333 Sierra Madre Court, Rancho Cordova, CA	233 Sierra Madre Court, PMB 1086, Rancho Cordova CITY, California	US	US	choice rate	choice rnie	2333 sierra madre court rancho cordova ca	233 sierra madre court pmb 1086 rancho cordova city california	True	0.8181818181818181	0.8181818181818181	0.3333333333333333	0.5	0.8181818181818181	0.7766990291262136	0.8918918918918919	0.4166666666666667	0.7142857142857143	0.0	0.8918918918918919	STRONG	0.8513513513513513
S1-355649086	S3-804821727	S3	Sigma Brothers Pvt. Ltd.	Sigma Bróthers (ID: 77453)	Agasthi Apartment, P. No. 65 F.No.T-2, Dhighori, Nagpur, Maharashtra	Agasthi Apartment, Nagpur, MH	India	India	sigma brothers pvt ltd	sigma brothers id 77453	agasthi apartment p no 65 f no t 2 dhighori nagpur maharashtra	agasthi apartment nagpur mh	True	0.7111111111111111	0.7777777777777777	0.3333333333333333	0.5	0.7777777777777777	0.6067415730337078	0.9411764705882354	0.25	0.75	0.0	0.9411764705882354	STRONG	0.8513071895424837
S1-444149322	S3-633921162	S3	White, Helge W., DDS	White, Heg W., DDS	12007 Rock Spring Dr, Coldstream, KY	12007 Rock Spring Dr, Louisville, Kentucky	US	US	white helge w dds	white heg w dds	12007 rock spring dr coldstream ky	12007 rock spring dr louisville kentucky	True	0.9375	0.9375	0.6	0.75	0.9375	0.7297297297297297	0.7407407407407408	0.5	0.6666666666666666	1.0	0.7407407407407408	STRONG	0.8489583333333334
S1-536948776	S2-376450162	S2	I+ Corporate Inc.	I+ Coporae Inc.	718 94, Warwick, NY	718 94, PMB 8827, FLORDA, NY	US	US	i corporate inc	i coporae inc	718 94 warwick ny	718 94 pmb 8827 florda ny	True	0.9285714285714286	0.9285714285714286	0.5	0.6666666666666666	0.9285714285714286	0.5238095238095238	0.6923076923076923	0.42857142857142855	0.75	0.6666666666666666	0.75	STRONG	0.8482142857142858
S1-803590345	S3-728674730	S3	Horizon LLC	Hosinn LLC	1109 Pea Ridge Road, Huntington, WV	1109 Pea Ridge Road, null, Huntington, West Virginia	US	US	horizon llc	hosinn llc	1109 pea ridge road huntington wv	1109 pea ridge road null huntington west virginia	True	0.7619047619047619	0.7619047619047619	0.3333333333333333	0.5	0.7619047619047619	0.804878048780488	0.9523809523809524	0.5555555555555556	0.8333333333333334	1.0	0.9523809523809524	STRONG	0.8476190476190477
S1-262975311	S2-481203540	S2	Global Trust LLC	G1obal Trust	Leominster, MA, Unit 4, 42 Main Street	MAIN ST, LEOMINSTER, MA	US	US	global trust llc	g1obal trust	leominster ma unit 4 42 main street	main st leominster ma	True	0.7857142857142857	0.7857142857142857	0.25	0.5	0.7857142857142857	0.4642857142857143	0.923076923076923	0.375	0.75	0.0	0.923076923076923	STRONG	0.8475274725274725
S1-279145576	S2-129450188	S2	Koerber and Payton, LLC	KOERBERPAYTON.COM	Unit 1151, Tempe, 6815 Mcclintock Drive, AZ	6815 MCCLINTOCK DR, TEMPE, AZ	US	US	koerber and payton llc	koerberpayton com	unit 1151 tempe 6815 mcclintock drive az	6815 mcclintock dr tempe az	True	0.7692307692307692	0.717948717948718	0.0	0.0	0.7692307692307692	0.6567164179104478	0.9411764705882354	0.5	0.8	0.5	0.9411764705882354	STRONG	0.8466063348416291
S1-27158214	S2-909414276	S2	Darby Thomas News LLC	Darby Thnmdsa News LLC	125 Seward Street, Smyrna, TN	125 SWEARD ST, SMYRNA CITY, TN	US	US	darby thomas news llc	darby thnmdsa news llc	125 seward street smyrna tn	125 sweard st smyrna city tn	True	0.8837209302325582	0.8837209302325582	0.6	0.75	0.8837209302325582	0.8	0.6909090909090909	0.375	0.6	1.0	0.8	STRONG	0.846046511627907
S1-235258587	S2-382834148	S2	Tri-State Preferred Gsr	Tri-State-Pfnrered Gsr	925 3rd Street, Burlington, IA	IA, BURLINGTON, 925 THIRD ST	US	US	tri state preferred gsr	tri state pfnrered gsr	925 3rd street burlington ia	ia burlington 925 third st	True	0.8888888888888888	0.8888888888888888	0.6	0.75	0.8888888888888888	0.4814814814814815	0.7906976744186046	0.42857142857142855	0.6	0.5	0.7906976744186046	STRONG	0.844702842377261
S1-63266922	S2-669009722	S2	Lloyd Youth Services	Services Lloyd Center	15 Caleb Crossing, Lloyd, NY	15- CALEB CROSSING, HIGHLAND, NY	US	US	lloyd youth services	services lloyd center	15 caleb crossing lloyd ny	15 caleb crossing highland ny	True	0.4390243902439024	0.8235294117647058	0.5	0.6666666666666666	0.8235294117647058	0.8363636363636364	0.8695652173913043	0.6666666666666666	0.8	1.0	0.8695652173913043	STRONG	0.8442455242966752
S1-367965660	S3-110382766	S3	Poole, Goe and Voss, LLC	P0ole, Goe and Voss, LLC Services	195 Myers Drive, Gurley, AL	195 Myers Dr, Gurley, Alabama	US	US	poole goe and voss llc	p0ole goe and voss llc services	195 myers drive gurley al	195 myers dr gurley alabama	True	0.7924528301886792	0.8421052631578948	0.5714285714285714	0.8	0.8421052631578948	0.8461538461538461	0.8461538461538461	0.42857142857142855	0.6	1.0	0.8461538461538461	STRONG	0.843927125506073
S1-684505968	S3-300894176	S3	Namaskar & Co Company	Naadkar & Co Company #60371	B 70/51, Keshav Puram, Delhi, North West Delhi, Delhi	B A-70/51, North West Delhi, Delhi, DL	India	India	namaskar co company	naadkar co company 60371	b 70 51 keshav puram delhi north west delhi delhi	b a 70 51 north west delhi delhi dl	True	0.7906976744186046	0.7906976744186046	0.4	0.6666666666666666	0.7906976744186046	0.7142857142857143	0.9056603773584905	0.6	0.75	1.0	0.9056603773584905	STRONG	0.8424308907415533
S1-602775749	S3-630600412	S3	Urology Rocky Care Associates	Urology Associates Care Services	4419 27th Street, Unit 11, Phoenix, AZ	4419 27th St, # 11, Phoenix, Arizona	US	US	urology rocky care associates	urology associates care services	4419 27th street unit 11 phoenix az	4419 27th st 11 phoenix arizona	True	0.6557377049180328	0.8846153846153847	0.6	0.75	0.8846153846153847	0.7878787878787878	0.7878787878787878	0.4444444444444444	0.6666666666666666	1.0	0.7878787878787878	STRONG	0.8410839160839162
S1-328371553	S2-737909912	S2	Rajdhani Holdings	Rajdhani Corp	Noida, Uttar Pradesh, Habibpur, Greater Noida, C/O Daya Chandra R/O Shop No.5 D Sharma Market, Gautam Buddha Nagar	DOOR NO 844 C/O DAYA CHANDRA R/O SHOP NO.5 D SHARMA MARKET, HABIBPUR, GREATER NOIDA, NOIDA, उत्तर प्रदेश	India	India	rajdhani holdings	rajdhani corp	noida uttar pradesh habibpur greater noida c o daya chandra r o shop no 5 d sharma market gautam buddha nagar	door no 844 c o daya chandra r o shop no 5 d sharma market habibpur greater noida noida	True	0.6666666666666667	0.7619047619047619	0.3333333333333333	0.5	0.7619047619047619	0.6326530612244898	0.9370629370629371	0.6666666666666666	0.875	0.5	0.9370629370629371	STRONG	0.8407259407259408
S1-448345019	S3-462678740	S3	Urban Construction Private Limited	Urban Private  Limited Center	Flat No. B1/604, Minar Regency Talao Pali Mumbra, Thane, Maharashtra	Door No 899 Flat No. B1/604, Thane, महाराष्ट्र	India	India	urban construction private limited	urban private limited center	flat no b1 604 minar regency talao pali mumbra thane maharashtra	door no 899 flat no b1 604 thane	True	0.6774193548387097	0.8571428571428571	0.6	0.75	0.8571428571428571	0.41666666666666663	0.8163265306122449	0.38461538461538464	0.7142857142857143	0.6666666666666666	0.8163265306122449	STRONG	0.8387755102040817
S1-131053132	S2-535908446	S2	All Industrial Innovations	ALL INDUSTRIAL INVNAITONS	2110 Knox School Road, Greene, NC	2110 Knox School Rd, WALSTONBURG, NC	US	US	all industrial innovations	all industrial invnaitons	2110 knox school road greene nc	2110 knox school rd walstonburg nc	True	0.9019607843137255	0.9019607843137254	0.5	0.6666666666666666	0.9019607843137255	0.7384615384615385	0.76	0.5	0.6666666666666666	1.0	0.76	STRONG	0.8380784313725491
S1-208973592	S2-481660181	S2	Morgan Ameren Inc	INC MORGAN AEMBERN	LA, 266 Enterprise Drive, Houma	266 ENTERPRISE DR, BAYOU CANE, LA	US	US	morgan ameren inc	inc morgan aembern	la 266 enterprise drive houma	266 enterprise dr bayou cane la	True	0.6857142857142857	0.9142857142857143	0.5	0.6666666666666666	0.9142857142857143	0.7	0.7391304347826088	0.375	0.6	1.0	0.7391304347826088	STRONG	0.8354658385093168
S1-226564818	S3-439796269	S3	Literacy Fund LLC	(Services) Literacy LLC	414 B White Oak Street, High Point, NC	414 B White Oak Saint, HIGH Point CITY, North Carolina	US	US	literacy fund llc	services literacy llc	414 b white oak street high point nc	414 b white oak saint high point city north carolina	True	0.631578947368421	0.8275862068965517	0.5	0.6666666666666666	0.8275862068965517	0.7272727272727273	0.8387096774193549	0.5	0.75	1.0	0.8387096774193549	STRONG	0.8325917686318132
S1-680585243	S3-159422096	S3	National Platinum Qdro Inc	National Phtiatmm Qdro Inc	MO, 105 Azalea Street, Duenweg	105 Azalea St, Missouri, Duuenweg	US	US	national platinum qdro inc	national phtiatmm qdro inc	mo 105 azalea street duenweg	105 azalea st missouri duuenweg	True	0.8461538461538461	0.8461538461538461	0.6	0.75	0.8461538461538461	0.7457627118644068	0.8135593220338982	0.25	0.4	1.0	0.8135593220338982	STRONG	0.8314863102998696
S1-63975497	S3-108066636	S3	VM Commerce LLC	VM Commoe LLC	4516 Oak Drive, City Of La Crosse, WI	04516 Oak Drive, La Crosse, Wisconsin	US	US	vm commerce llc	vm commoe llc	4516 oak drive city of la crosse wi	04516 oak drive la crosse wisconsin	True	0.8571428571428572	0.8571428571428571	0.5	0.6666666666666666	0.8571428571428572	0.7714285714285716	0.8	0.4	0.6666666666666666	0.0	0.8	STRONG	0.8314285714285715
S1-71296969	S3-103767827	S3	Walter's Horizon Seafood	Walter's Seafood Services	IL, 473 Navajo Trail, Buffalo Grove	473- Navajo Trl, Bufflo Grove, Illinois	US	US	walter s horizon seafood	walter s seafood services	il 473 navajo trail buffalo grove	473 navajo trl bufflo grove illinois	True	0.653061224489796	0.8	0.6	0.75	0.8	0.782608695652174	0.8695652173913043	0.3333333333333333	0.5	1.0	0.8695652173913043	STRONG	0.8313043478260871
S1-960756168	S3-620228265	S3	Board of Public Works	8oard of Puli Works	13265 601, Midland, NC	1326 601, Midland, North Carolina	US	US	board of public works	8oard of puli works	13265 601 midland nc	1326 601 midland north carolina	True	0.9	0.9	0.3333333333333333	0.5	0.9	0.7450980392156863	0.7096774193548387	0.2857142857142857	0.5	0.3333333333333333	0.7450980392156863	STRONG	0.8302941176470588
S1-644411036	S3-748008326	S3	Steele Express Bhav LLC	Steele  Express LLC Center	400 6th Street, Scotts Mills, OR	400 Sixth Saint, Scotts Mills, Oregon	US	US	steele express bhav llc	steele express llc center	400 6th street scotts mills or	400 sixth saint scotts mills oregon	True	0.75	0.878048780487805	0.6	0.75	0.878048780487805	0.7692307692307692	0.7076923076923077	0.3333333333333333	0.5	0.5	0.7692307692307692	STRONG	0.8290806754221389
S1-530687623	S2-805066778	S2	Dermatology Center	DERMATOLOGY-CANOHTTER	288 Mistletoe Lane, Vincent, AL	AL, PO BOX 1622, 288 MISTLTOE LN, VINCENT	US	US	dermatology center	dermatology canohtter	288 mistletoe lane vincent al	al po box 1622 288 mistltoe ln vincent	True	0.8717948717948718	0.8717948717948718	0.3333333333333333	0.5	0.8717948717948718	0.6865671641791045	0.7761194029850746	0.3	0.6	0.5	0.7761194029850746	STRONG	0.8287409108304631
S1-533445371	S2-932725445	S2	Vea LLC	vea.com	Gig Harbor, WA, 5001 28th Street	GIG HARBOR, 5001 28ST STREET, WA	US	US	vea llc	vea com	gig harbor wa 5001 28th street	gig harbor 5001 28st street wa	True	0.7142857142857143	0.7142857142857143	0.3333333333333333	0.5	0.7142857142857143	0.8666666666666667	0.9666666666666667	0.7142857142857143	0.8333333333333334	1.0	0.9666666666666667	STRONG	0.8278571428571428
S1-908498505	S2-410769724	S2	LO Venture LLC	LO Vr LLC	620 2nd Street, City Of Baraboo, WI	CITY OF BARABOO, 620 SECOND ST, WI	US	US	lo venture llc	lo vr llc	620 2nd street city of baraboo wi	city of baraboo 620 second st wi	True	0.782608695652174	0.8	0.5	0.6666666666666666	0.8	0.5538461538461539	0.8615384615384616	0.5555555555555556	0.7142857142857143	0.5	0.8615384615384616	STRONG	0.8276923076923077
S1-973233920	S3-792460305	S3	Data Materials Networks	Data Materials Service	609 Hickory Street, Ottawa, KS	09 Hickory Street, Otatwa, Kansas	US	US	data materials networks	data materials service	609 hickory street ottawa ks	09 hickory street otatwa kansas	True	0.7555555555555555	0.7777777777777777	0.5	0.6666666666666666	0.7777777777777777	0.8813559322033897	0.8813559322033899	0.25	0.4	0.0	0.8813559322033899	STRONG	0.8243879472693032
S1-783056748	S2-835729943	S2	Kelley Animal Hospital	KELLEY KELLEY ANIMAL CENTER	Unit 204, NC, 1060 Watercourse Circle, Graham	1060 1/2 WATERCOURSE CIR, GRAHAM, NC	US	US	kelley animal hospital	kelley kelley animal center	unit 204 nc 1060 watercourse circle graham	1060 1 2 watercourse cir graham nc	True	0.6122448979591837	0.7878787878787878	0.5	0.6666666666666666	0.7878787878787878	0.7105263157894737	0.8666666666666667	0.4	0.5714285714285714	0.25	0.8666666666666667	STRONG	0.8233333333333334
S1-506810298	S3-257917123	S3	ZE Corporate	ZE Corpaoraet	575 Thornhill Drive, Unit 116, Carol Stream, IL	575 Thornhill Dr, PO Box 7099, Carol Stream, Illinois	US	US	ze corporate	ze corpaoraet	575 thornhill drive unit 116 carol stream il	575 thornhill dr po box 7099 carol stream illinois	True	0.88	0.88	0.3333333333333333	0.5	0.88	0.7234042553191489	0.7446808510638298	0.3076923076923077	0.5	0.3333333333333333	0.7446808510638298	STRONG	0.8191063829787235
S1-487408870	S3-282824865	S3	Jones Smart Prudential Inc	Jones Smart  Inc Center	2519 Wright Avenue, Benton, AR	2519 Wright Ave, Benon, Arkansas	US	US	jones smart prudential inc	jones smart inc center	2519 wright avenue benton ar	2519 wright ave benon arkansas	True	0.625	0.8108108108108109	0.6	0.75	0.8108108108108109	0.8275862068965517	0.8275862068965517	0.25	0.4	1.0	0.8275862068965517	STRONG	0.8183597390493943
S1-419483044	S2-497881051	S2	King Aria LLC	kingaria.com	215 Grand Avenue, Unit Apartment 609, Old Orchard Beach, ME	00215 GRAND AVE, OLD ORCHARD BEACH, ME	US	US	king aria llc	kingaria com	215 grand avenue unit apartment 609 old orchard beach me	00215 grand ave old orchard beach me	True	0.8	0.4	0.0	0.0	0.8	0.7391304347826086	0.8387096774193549	0.4166666666666667	0.7142857142857143	0.0	0.8387096774193549	STRONG	0.8174193548387098
S1-284710338	S3-215858960	S3	Inter India	Inter Idod	A-2106, Ace Platinum, Block Zeta-1, Plot No Gh 12/1, Greater Noida, Dadri, Gautam Buddha Nagar, Uttar Pradesh	A-106, Gautam Buddha Nagar, Dadri, UP	India	India	inter india	inter idod	a 2106 ace platinum block zeta 1 plot no gh 12 1 greater noida dadri gautam buddha nagar uttar pradesh	a 106 gautam buddha nagar dadri up	True	0.7619047619047619	0.7619047619047619	0.3333333333333333	0.5	0.7619047619047619	0.4411764705882353	0.8852459016393442	0.23809523809523808	0.7142857142857143	0.0	0.8852459016393442	STRONG	0.817408274785324
S1-639096068	S3-515416988	S3	India Impact Development Limited	India Impact Limited Services	W 21/674, Beach Road, Alleppey, Alappuzha, Kerala	W 21/674, Alappuzha, Keralam	India	India	india impact development limited	india impact limited services	w 21 674 beach road alleppey alappuzha kerala	w 21 674 alappuzha keralam	True	0.6557377049180328	0.8163265306122449	0.6	0.75	0.8163265306122449	0.704225352112676	0.8181818181818181	0.4444444444444444	0.8	1.0	0.8181818181818181	STRONG	0.8171614100185529
S1-353948236	S3-843946011	S3	Golden Keystone LLC	Golden Kdooysnne LLC	600 Grove Parkway, Unit 1091, Tempe, AZ	600 Grove Pkwy, # 1091, Tempe, Arizona	US	US	golden keystone llc	golden kdooysnne llc	600 grove parkway unit 1091 tempe az	600 grove pkwy 1091 tempe arizona	True	0.8205128205128205	0.8205128205128205	0.5	0.6666666666666666	0.8205128205128205	0.8115942028985508	0.8115942028985508	0.4444444444444444	0.6666666666666666	1.0	0.8115942028985508	STRONG	0.8164994425863992
S1-906572599	S2-791262854	S2	Z & B Entergy	Z B & Center	6801 35th Avenue, Fl 1, Lacey, WA	680 35TH AVE, PMB 2233, LACEY, WA	US	US	z b entergy	z b center	6801 35th avenue fl 1 lacey wa	680 35th ave pmb 2233 lacey wa	True	0.8571428571428572	0.8571428571428571	0.5	0.6666666666666666	0.8571428571428572	0.7666666666666666	0.7666666666666667	0.2727272727272727	0.42857142857142855	0.2	0.7666666666666667	STRONG	0.8164285714285715
S1-360909582	S3-941669819	S3	Coastal School of Medicine	Coastal School of [Center]	3 Astor Ridge Drive, Unit Unit D, Amherst, NY	Astor Ridge Drive, # Unit D, Bufalo, New York	US	US	coastal school of medicine	coastal school of center	3 astor ridge drive unit unit d amherst ny	astor ridge drive unit d bufalo new york	True	0.84	0.84	0.6	0.75	0.84	0.7073170731707318	0.7868852459016393	0.45454545454545453	0.625	0.0	0.7868852459016393	STRONG	0.8160983606557377
S1-801212938	S2-500161656	S2	Keystone Infrastructure Brands L.L.C.	Keystone Infeetsurcute Brands L.L.C.	1147 11th Alley, Eugene, OR	1147 11ST ALLEY, PMB 8594, EUGNEE, OR	US	US	keystone infrastructure brands l l c	keystone infeetsurcute brands l l c	1147 11th alley eugene or	1147 11st alley pmb 8594 eugnee or	True	0.8450704225352113	0.8358208955223881	0.6666666666666666	0.8	0.8450704225352113	0.7796610169491526	0.7796610169491526	0.3333333333333333	0.6	0.6666666666666666	0.7796610169491526	STRONG	0.8156361900214849
S1-942104958	S3-915116552	S3	Force Wealthtech Private Limited	Force Waefobhtbeh Private Limited	Pune, 148, Maharashtra, Pune, Ganesh Nagar Colony No. 12 Pune	No. 415 148, Pune, MH	India	India	force wealthtech private limited	force waefobhtbeh private limited	pune 148 maharashtra pune ganesh nagar colony no 12 pune	no 415 148 pune mh	True	0.8615384615384616	0.8615384615384616	0.6	0.75	0.8615384615384616	0.32432432432432434	0.7586206896551724	0.3	0.6	0.3333333333333333	0.7586206896551724	STRONG	0.8152254641909815
S1-279028557	S2-728877716	S2	Torres Oxley Corp	Torres  Oxley | www.torresox.com	908 Market Street, Benson, NC	MARKET ST, BENSON CITY, NC	US	US	torres oxley corp	torres oxley www torresox com	908 market street benson nc	market st benson city nc	True	0.6521739130434783	0.8275862068965517	0.3333333333333333	0.6666666666666666	0.8275862068965517	0.7450980392156863	0.8	0.42857142857142855	0.6	0.0	0.8	STRONG	0.8151724137931036
S1-261360486	S3-370085344	S3	Dynasty & Co	Dngty & Co	A-108 Vasundhara, Apartment Dwarka Sector 6, New Delhi, South West Delhi, Delhi	H.no 447 A-108 Vasundhara, New Delhi, South West Delhi, DL	India	India	dynasty co	dngty co	a 108 vasundhara apartment dwarka sector 6 new delhi south west delhi delhi	h no 447 a 108 vasundhara new delhi south west delhi dl	True	0.7777777777777779	0.7777777777777777	0.3333333333333333	0.5	0.7777777777777779	0.7076923076923076	0.8604651162790699	0.4666666666666667	0.6363636363636364	0.3333333333333333	0.8604651162790699	STRONG	0.8149870801033593
S1-723275887	S2-542852582	S2	Little & Co	Little & Company	Telangana, Hyderabad, H.No.32/5, Sardar Patel Nagar Kukutpally	NO #32/5 , SARDAR PATEL NAGAR KUKUTPALLY, Andhra Pradesh	India	India	little co	little company	telangana hyderabad h no 32 5 sardar patel nagar kukutpally	no 32 5 sardar patel nagar kukutpally andhra pradesh	True	0.782608695652174	0.8	0.3333333333333333	0.5	0.8	0.6666666666666667	0.8314606741573033	0.5833333333333334	0.7777777777777778	1.0	0.8314606741573033	STRONG	0.8141573033707865
S1-666435696	S3-427834989	S3	Apex Pinnacle Music Group	Apex Music Music Group Services	NC, Albemarle, 29569 Forrest Road	Forrest Road, Albemarle, North Carolina	US	US	apex pinnacle music group	apex music music group services	nc albemarle 29569 forrest road	forrest road albemarle north carolina	True	0.6785714285714286	0.8	0.6	0.75	0.8	0.5294117647058824	0.8301886792452831	0.42857142857142855	0.6	0.0	0.8301886792452831	STRONG	0.8135849056603774
S1-388325812	S3-131944817	S3	Slate Inc	Slate	1930 Fawn Drive, Cheltenham Township, PA	##1930 Fawn Dr, Pennsylvania, Glenside	US	US	slate inc	slate	1930 fawn drive cheltenham township pa	1930 fawn dr pennsylvania glenside	True	0.7142857142857143	1.0	0.5	1.0	1.0	0.5833333333333333	0.5555555555555556	0.2222222222222222	0.4	1.0	0.5833333333333333	STRONG	0.8125
S1-136894582	S3-975464331	S3	Economic Development United Fellowship	Economic Dvéegpemnt United Fellowship	3841 Forsyth Park Court, Greenville, NC	Winterville, North Carolina, 3841 Forsyth Park Ct	US	US	economic development united fellowship	economic dveegpemnt united fellowship	3841 forsyth park court greenville nc	winterville north carolina 3841 forsyth park ct	True	0.9066666666666666	0.9066666666666667	0.6	0.75	0.9066666666666667	0.4761904761904761	0.6904761904761905	0.3	0.5	1.0	0.6904761904761905	STRONG	0.8093809523809525
S1-367965660	S2-629863367	S2	Poole, Goe and Voss, LLC	poolegoevoss.com	195 Myers Drive, Gurley, AL	GURLEY, 00195 MYERS DR, AL	US	US	poole goe and voss llc	poolegoevoss com	195 myers drive gurley al	gurley 00195 myers dr al	True	0.736842105263158	0.5789473684210527	0.0	0.0	0.736842105263158	0.6122448979591837	0.8979591836734694	0.42857142857142855	0.6	0.0	0.8979591836734694	STRONG	0.8093447905477982
S1-356319224	S3-884878054	S3	Womens Health Care	Womens Hcmaiet Care	32 Lexington Avenue, Unit 1, Somerville, MA	Lexington Avenue, null, Somerville, Massachusetts	US	US	womens health care	womens hcmaiet care	32 lexington avenue unit 1 somerville ma	lexington avenue null somerville massachusetts	True	0.8108108108108109	0.8108108108108109	0.5	0.6666666666666666	0.8108108108108109	0.7441860465116279	0.8059701492537313	0.3333333333333333	0.6	0.0	0.8059701492537313	STRONG	0.8086325131101251
S1-161210403	S3-210777351	S3	Hyderabad Ventures Pvt Ltd	Hyderabad Pvt Ltd  Center	Plot No: 26H To 26K, Tsiic Industrial Park Muppireddy Palli Village, Manoharabad Ma, Ndal, Hyderabad, Medak, Telangana	Plot No: G-26h To 26K, Siddipet, TG	India	India	hyderabad ventures pvt ltd	hyderabad pvt ltd center	plot no 26h to 26k tsiic industrial park muppireddy palli village manoharabad ma ndal hyderabad medak telangana	plot no g 26h to 26k siddipet tg	True	0.68	0.88	0.6	0.75	0.88	0.3916083916083915	0.72	0.25	0.625	1.0	0.72	STRONG	0.808
S1-580432162	S3-57098900	S3	Stephens and Billington LLC	Stephens and Bllnfingno LLC	7530 Kane Court, Northfield, OH	7530 Kane Court, Sagamore Hills Twp, Ohio	US	US	stephens and billington llc	stephens and bllnfingno llc	7530 kane court northfield oh	7530 kane court sagamore hills twp ohio	True	0.8888888888888888	0.8888888888888888	0.6	0.75	0.8888888888888888	0.7058823529411764	0.6818181818181819	0.3333333333333333	0.6	1.0	0.7058823529411764	STRONG	0.8065359477124183
S1-98579303	S3-719484948	S3	Indian Technologies	Indian Services	Flat 19/1/16, Nabin Chandra Das Road, Kolkata, Kolkata, Howrah, West Bengal	Flat 19/1/16, Kolkata, Howrah, পশ্চিমবঙ্গ	India	India	indian technologies	indian services	flat 19 1 16 nabin chandra das road kolkata kolkata howrah west bengal	flat 19 1 16 kolkata howrah	True	0.6470588235294117	0.6470588235294117	0.3333333333333333	0.5	0.6470588235294117	0.5567010309278351	1.0	0.5	1.0	1.0	1.0	STRONG	0.8058823529411765
S1-888167789	S3-73898561	S3	Eye Clinic Center	Clinic Eye Clsenettr	501 Harris Street, Madill, OK	Harris St, Madill, Oklahoma	US	US	eye clinic center	clinic eye clsenettr	501 harris street madill ok	harris st madill oklahoma	True	0.6486486486486487	0.8648648648648648	0.5	0.6666666666666666	0.8648648648648648	0.7307692307692308	0.7307692307692308	0.2857142857142857	0.5	0.0	0.7307692307692308	STRONG	0.8045218295218296
S1-241686597	S2-521249860	S2	Romero Technologies Co	ROMERO CO SERVICES	TN, 27 Creekbend Cove, Jackson	CREEKBEND CV, JACKSON, TN	US	US	romero technologies co	romero co services	tn 27 creekbend cove jackson	creekbend cv jackson tn	True	0.6	0.7	0.5	0.6666666666666666	0.7	0.7843137254901962	0.9302325581395349	0.5	0.75	0.0	0.9302325581395349	STRONG	0.8036046511627908
S1-506720235	S3-69225334	S3	Strategic Pioneer Priority Inc.	Strategic Pioneer Inc. [Service]	1216 Lakeside Drive, Harpers Ferry, WV	Harpers Ferry, West Virginia, Lakeside Dr	US	US	strategic pioneer priority inc	strategic pioneer inc service	1216 lakeside drive harpers ferry wv	harpers ferry west virginia lakeside dr	True	0.7457627118644068	0.84	0.6	0.75	0.84	0.42666666666666664	0.7586206896551724	0.3333333333333333	0.5	0.0	0.7586206896551724	STRONG	0.8033793103448277
S1-216986373	S2-535002552	S2	Calderon Hancock LLC	Calderon LLC Center	Springfield, 633 Pleasant Street, OR	SPRINGFIELD TOWNSHIP, OR, 33 PLEASANT ST	US	US	calderon hancock llc	calderon llc center	springfield 633 pleasant street or	springfield township or 33 pleasant st	True	0.6153846153846154	0.7741935483870968	0.5	0.6666666666666666	0.7741935483870968	0.7222222222222221	0.8333333333333333	0.375	0.6	0.0	0.8333333333333333	STRONG	0.8008064516129032
S1-457935815	S2-921287816	S2	Liberty Family Office PLLC	Liberty Family PLLC Partners	1028 Horah Street, Salisbury, NC	1028 HORAH ST, PO BOX 9354, SALISURY, NC	US	US	liberty family office pllc	liberty family pllc partners	1028 horah street salisbury nc	1028 horah st po box 9354 salisury nc	True	0.7037037037037037	0.8444444444444444	0.6	0.75	0.8444444444444444	0.7462686567164178	0.746268656716418	0.3	0.6	0.5	0.746268656716418	STRONG	0.8002653399668326
S1-973233920	S3-110090880	S3	Data Materials Networks	Data Networks Service	609 Hickory Street, Ottawa, KS	Hickory Street, Otatwa, Kansas	US	US	data materials networks	data networks service	609 hickory street ottawa ks	hickory street otatwa kansas	True	0.5909090909090908	0.7727272727272728	0.5	0.6666666666666666	0.7727272727272728	0.8214285714285714	0.8214285714285714	0.2857142857142857	0.5	0.0	0.8214285714285714	STRONG	0.7946428571428572
S1-6381641	S3-894616241	S3	Tirupati Technology LLP	Tirupati Technortoyg LLP	Plot No.407, Sri Swamy Ayyappa Society, Co-Operative Society, Madhapur, Hyderabad, Telangana	Door No 407, Rangareddi, Hyderabad, తెలంగాణ	India	India	tirupati technology llp	tirupati technortoyg llp	plot no 407 sri swamy ayyappa society co operative society madhapur hyderabad telangana	door no 407 rangareddi hyderabad	True	0.8936170212765957	0.8936170212765957	0.5	0.6666666666666666	0.8936170212765957	0.4201680672268907	0.6666666666666665	0.21428571428571427	0.6	1.0	0.6666666666666665	STRONG	0.7914893617021277
S1-448345019	S3-452820751	S3	Urban Construction Private Limited	urbanconstruction.com	Flat No. B1/604, Minar Regency Talao Pali Mumbra, Thane, Maharashtra	#899 Flat No. B1/604, Thane, महाराष्ट्र	India	India	urban construction private limited	urbanconstruction com	flat no b1 604 minar regency talao pali mumbra thane maharashtra	899 flat no b1 604 thane	True	0.6909090909090909	0.43636363636363634	0.0	0.0	0.6909090909090909	0.4545454545454546	0.9090909090909091	0.4166666666666667	0.8333333333333334	0.6666666666666666	0.9090909090909091	STRONG	0.7890909090909091
S1-49535321	S3-354847677	S3	Primary Care First Physicians	primarycarefirst.com	IN, Milford, 6235 1100	006235 1100, Milford, Indiana	US	US	primary care first physicians	primarycarefirst com	in milford 6235 1100	006235 1100 milford indiana	True	0.7346938775510203	0.40816326530612246	0.0	0.0	0.7346938775510203	0.3829787234042554	0.851063829787234	0.3333333333333333	0.5	0.3333333333333333	0.851063829787234	STRONG	0.7870603560573166
S1-543144015	S2-284196531	S2	Freight Foods	Freight Partners	B.K. Dutt Colony Lodhi Road, Delhi, K-5, New Delhi	HN 950 K-5, B.K. DUTT COLONY LODHI ROAD, दिल्ली	India	India	freight foods	freight partners	b k dutt colony lodhi road delhi k 5 new delhi	hn 950 k 5 b k dutt colony lodhi road	True	0.6206896551724138	0.7	0.3333333333333333	0.5	0.7	0.6265060240963856	0.8888888888888888	0.6363636363636364	0.7777777777777778	0.5	0.8888888888888888	STRONG	0.7849999999999999
S1-932827505	S2-204169449	S2	Jk Technologies Private Limited	jktechnologies.com	A-107, Sector-63, G B Nagar, Noida, Gautam Buddha Nagar, Uttar Pradesh	उत्तर प्रदेश, 291 A-107, GAUTAM BUDDHA NAGAR, NOIDA	India	India	jk technologies private limited	jktechnologies com	a 107 sector 63 g b nagar noida gautam buddha nagar uttar pradesh	291 a 107 gautam buddha nagar noida	True	0.653061224489796	0.5714285714285715	0.0	0.0	0.653061224489796	0.54	0.9393939393939393	0.46153846153846156	0.8571428571428571	0.3333333333333333	0.9393939393939393	STRONG	0.7819109461966606
S1-89160825	S3-700656227	S3	Delhi Servicesprivate LLP	(Services) Delhi LLP	38, Ajanta Appartment I P Extn., Delhi, East Delhi, Delhi	0038, Delhi, East Delhi, DL	India	India	delhi servicesprivate llp	services delhi llp	38 ajanta appartment i p extn delhi east delhi delhi	0038 delhi east delhi dl	True	0.6046511627906976	0.8372093023255814	0.5	0.6666666666666666	0.8372093023255814	0.5789473684210527	0.7142857142857143	0.2	0.5	0.0	0.7142857142857143	STRONG	0.7818936877076412
S1-483281264	S3-246582348	S3	Louisa's Group	Lrusir'S Group	599 Mountain Shadow Lane, Maryville, TN	599D Mountain Shadow Lane, PO Box 2895, Maryille, Tennessee	US	US	louisa s group	lrusir s group	599 mountain shadow lane maryville tn	599d mountain shadow lane po box 2895 maryille tennessee	True	0.7857142857142857	0.7857142857142857	0.5	0.6666666666666666	0.7857142857142857	0.7741935483870968	0.7741935483870968	0.25	0.5	0.5	0.7741935483870968	STRONG	0.7805299539170507
S1-943879014	S3-420174178	S3	Crj Traders of Mysore Private Limited	Mr crjtradersmysore.com	No. 36, 3Rd Stage, Hale Kesare, Rs Naidu Nagar, Mysore, Karnataka	No. #36, Mysore, ಕರ್ನಾಟಕ	India	India	crj traders of mysore private limited	mr crjtradersmysore com	no 36 3rd stage hale kesare rs naidu nagar mysore karnataka	no 36 mysore	True	0.6	0.43333333333333335	0.0	0.0	0.6	0.3380281690140845	1.0	0.2727272727272727	1.0	0.5	1.0	STRONG	0.78
S1-701003373	S3-23997241	S3	Sampson & Cunningham LLC	Sampson and Cnningrhgma LLC	23560 259th Street, Mc Louth, KS	##23661 259nd St, Mc Louth, Kansas	US	US	sampson cunningham llc	sampson and cnningrhgma llc	23560 259th street mc louth ks	23661 259nd st mc louth kansas	True	0.8163265306122449	0.8163265306122449	0.4	0.6666666666666666	0.8163265306122449	0.7333333333333334	0.7333333333333333	0.2	0.3333333333333333	0.3333333333333333	0.7333333333333334	STRONG	0.7789795918367348
S1-824076722	S3-691802600	S3	Al Enterprises Pvt Ltd	Smt Alenterprises.Com	Office No-201, 2Nd Floor, Global Square, Cts No-1505, S.No-247, Yerwada, Pune City, Pune, Maharashtra	Offcie No-201, Pune City, Pune, महाराष्ट्र	India	India	al enterprises pvt ltd	smt alenterprises com	office no 201 2nd floor global square cts no 1505 s no 247 yerwada pune city pune maharashtra	offcie no 201 pune city pune	True	0.6511627906976745	0.7441860465116279	0.0	0.0	0.7441860465116279	0.44628099173553715	0.8205128205128205	0.25	0.8	0.25	0.8205128205128205	STRONG	0.7785330948121647
S1-62329201	S2-2637735	S2	Urology Center Inc.	UROLOGYCENTER.COM (ID: 95871)	695 Empire Boulevard, Irondequoit, NY	694 EMPIRE BLVD, IRONDEQUOIT, NY	US	US	urology center inc	urologycenter com id 95871	695 empire boulevard irondequoit ny	694 empire blvd irondequoit ny	True	0.6818181818181819	0.5	0.0	0.0	0.6818181818181819	0.8923076923076922	0.8923076923076922	0.42857142857142855	0.6	0.0	0.8923076923076922	STRONG	0.7765384615384616
S1-460133008	S2-211840924	S2	Lo Blackrock Inc	SERVICES LO INC	9950 N Shore Road, Waconia, MN	9950 NORTH SHORE RD, WACONIA, MN	US	US	lo blackrock inc	services lo inc	9950 n shore road waconia mn	9950 north shore rd waconia mn	True	0.4516129032258065	0.5806451612903225	0.5	0.6666666666666666	0.6666666666666666	0.896551724137931	0.896551724137931	0.5	0.6666666666666666	1.0	0.896551724137931	STRONG	0.7701149425287357
S1-89093509	S3-3598545	S3	Saini Drinks Limited	Sri sainidrinks.com	D 35 Pocket C Mayur Vihar Phase Ii, East Delhi, Delhi	D G-35 Pocket C Mayur Vihar Phase Ii, Preet Vihar, DL	India	India	saini drinks limited	sri sainidrinks com	d 35 pocket c mayur vihar phase ii east delhi delhi	d g 35 pocket c mayur vihar phase ii preet vihar dl	True	0.6666666666666667	0.4615384615384615	0.0	0.0	0.6666666666666667	0.8235294117647058	0.8888888888888888	0.6153846153846154	0.8	1.0	0.8888888888888888	STRONG	0.7666666666666667
S1-28205922	S3-368374810	S3	Green Aerospace Company	greenaerospace.com - 4465701978	Richmond, KY, 613 Beaumont Court	613 Beaumont Ct, Richmond, Kentucky	US	US	green aerospace company	greenaerospace com 4465701978	richmond ky 613 beaumont court	613 beaumont ct richmond kentucky	True	0.6923076923076923	0.3846153846153846	0.0	0.0	0.6923076923076923	0.5079365079365079	0.8571428571428571	0.42857142857142855	0.6	1.0	0.8571428571428571	STRONG	0.7664835164835164
S1-521143416	S2-778845793	S2	Dreddy Lowe, CPA Clinic	#dreddylowe	930 Trout Street, Staunton City, VA	930 TROUT ST, STAUNTON, VA	US	US	dreddy lowe cpa clinic	dreddylowe	930 trout street staunton city va	930 trout st staunton va	True	0.625	0.625	0.0	0.0	0.625	0.8421052631578947	0.9333333333333332	0.5714285714285714	0.8	1.0	0.9333333333333332	STRONG	0.7637499999999999
S1-833798119	S3-342879520	S3	Regional Spruce LLC	Regional Sraoe LLC	10 N1026, Eagar, AZ	10 N1026, Apache County, Arizona	US	US	regional spruce llc	regional sraoe llc	10 n1026 eagar az	10 n1026 apache county arizona	True	0.8648648648648648	0.8648648648648648	0.5	0.6666666666666666	0.8648648648648648	0.5957446808510638	0.64	0.2857142857142857	0.5	1.0	0.64	STRONG	0.7636756756756757
S1-639708214	S2-757495858	S2	Kent Future Inc	Kent Inc Services	200 Sundance, Unit 0, Capron, IL	200 SUNDANCE, CAPPRON, IL	US	US	kent future inc	kent inc services	200 sundance unit 0 capron il	200 sundance cappron il	True	0.5	0.6956521739130435	0.5	0.6666666666666666	0.6956521739130435	0.8461538461538461	0.8461538461538461	0.42857142857142855	0.75	0.5	0.8461538461538461	STRONG	0.7633779264214047
S1-307708702	S3-466131574	S3	Apple Vanijya (India) Corp	Mr Apple (India) Corp Center	14F/1M Dum Dum Road, Kolkata, Howrah, West Bengal	14F/1M Dum Dum Road, Kolkata, 24 Paraganas North, WB	India	India	apple vanijya india corp	mr apple india corp center	14f 1m dum dum road kolkata howrah west bengal	14f 1m dum dum road kolkata 24 paraganas north wb	True	0.64	0.8	0.5	0.75	0.8	0.7157894736842105	0.7076923076923077	0.4166666666666667	0.625	0.6666666666666666	0.7157894736842105	STRONG	0.7621052631578948
S1-377745466	S3-402918963	S3	B+ Retail Inc	B+ Rétail Incorporated	1712 Montebello Avenue, Phoenix, AZ	1712 Montebello Ave, Northeast, Arizona	US	US	b retail inc	b retail incorporated	1712 montebello avenue phoenix az	1712 montebello ave northeast arizona	True	0.7272727272727273	0.8	0.5	0.6666666666666666	0.8	0.7142857142857143	0.6571428571428573	0.25	0.4	1.0	0.7142857142857143	STRONG	0.7614285714285716
S1-699955992	S3-130546119	S3	Diaz Grifols LLC	Center Diaz LLC	3817 Crane Street, Independence, MO	381 Crane St, Independence, Missouri	US	US	diaz grifols llc	center diaz llc	3817 crane street independence mo	381 crane st independence missouri	True	0.5161290322580645	0.6956521739130435	0.5	0.6666666666666666	0.6956521739130435	0.835820895522388	0.8358208955223881	0.25	0.4	0.0	0.8358208955223881	STRONG	0.7587280986372487
S1-761888543	S3-168539258	S3	Jhk Industries Private Limited	Jhk Private  Limited Partners	P-3, New C.I.T.Road Second Floor, Kolkata, Kolkata, Howrah, West Bengal	P-003, Kolkata Region, Howrah, WB	India	India	jhk industries private limited	jhk private limited partners	p 3 new c i t road second floor kolkata kolkata howrah west bengal	p 003 kolkata region howrah wb	True	0.6551724137931035	0.8085106382978724	0.6	0.75	0.8085106382978724	0.47916666666666663	0.6956521739130435	0.1875	0.5	0.0	0.6956521739130435	STRONG	0.7577243293246995
S1-797931932	S3-977612403	S3	Electronic Wellness Networks, Inc	Electronic Wellness Inc Services	11903 Oak Street, Jenks, OK	Jenks, Oklahoma, Oak St	US	US	electronic wellness networks inc	electronic wellness inc services	11903 oak street jenks ok	jenks oklahoma oak st	True	0.78125	0.84375	0.6	0.75	0.84375	0.34782608695652173	0.6521739130434783	0.2857142857142857	0.5	0.0	0.6521739130434783	STRONG	0.7575407608695652
S1-133037285	S3-33144658	S3	Christ Chapel	Christ Center	2100 Cameron Drive, Unit APARTMENT G, Dundalk, MD	210 Cameron Dr, # Apartment G, Dundalk, Maryland	US	US	christ chapel	christ center	2100 cameron drive unit apartment g dundalk md	210 cameron dr apartment g dundalk maryland	True	0.6923076923076923	0.6923076923076923	0.3333333333333333	0.5	0.6923076923076923	0.8314606741573034	0.8314606741573033	0.36363636363636365	0.5714285714285714	0.0	0.8314606741573034	STRONG	0.7549265341400173
S1-90128015	S3-291341707	S3	Valley Charter School	Valley Chadttr School #87623	VA, Prince William County, 1541 Colonial Drive, Unit UNIT 303	1541-1545 Colonial Drive, Unit UNIT 303, Woodbridge, Virginia	US	US	valley charter school	valley chadttr school 87623	va prince william county 1541 colonial drive unit unit 303	1541 1545 colonial drive unit unit 303 woodbridge virginia	True	0.7916666666666665	0.7916666666666667	0.4	0.6666666666666666	0.7916666666666667	0.5689655172413793	0.6981132075471698	0.4166666666666667	0.625	0.6666666666666666	0.6981132075471698	STRONG	0.7495676100628932
S1-745839307	S3-218169504	S3	Innovative Agro Private Limited	innovativeagro.com	No.1, Ground Floor, H I M Towers, 9Th Cross Kempegowd Layout Nageshwara Nagebahalli, Bangalore, Karnataka	No.g-1, Bangalore, KA	India	India	innovative agro private limited	innovativeagro com	no 1 ground floor h i m towers 9th cross kempegowd layout nageshwara nagebahalli bangalore karnataka	no g 1 bangalore ka	True	0.653061224489796	0.5306122448979592	0.0	0.0	0.653061224489796	0.3025210084033614	0.8484848484848484	0.16666666666666666	0.6	0.5	0.8484848484848484	STRONG	0.7410018552875697
S1-989439466	S2-320065734	S2	Value Digital Concepts	Value Digital Cnnesrs	20464 Cooks Drive, Marshall, IL	020464 COOKS DR, DEENNISON CDP, IL	US	US	value digital concepts	value digital cnnesrs	20464 cooks drive marshall il	020464 cooks dr deennison cdp il	True	0.8372093023255813	0.8372093023255814	0.5	0.6666666666666666	0.8372093023255814	0.6229508196721312	0.6229508196721312	0.2222222222222222	0.4	0.0	0.6229508196721312	STRONG	0.7407929851315289
S1-309101313	S2-749718941	S2	Uniglobe Properties Limited	uproperties.com	C/O-Suryadev Kumar, Patel Colony, Patna Sadar, Sampatchak, Patna, Bihar	PLOT 897 C/O-SURYADEV KUMAR, PATNA, SAMPATCHAK, बिहार	India	India	uniglobe properties limited	uproperties com	c o suryadev kumar patel colony patna sadar sampatchak patna bihar	plot 897 c o suryadev kumar patna sampatchak	True	0.6190476190476191	0.5714285714285715	0.0	0.0	0.6190476190476191	0.6363636363636364	0.8860759493670887	0.5	0.75	0.0	0.8860759493670887	STRONG	0.7392103676913804
S1-339374417	S3-242628819	S3	YD Services Private Limited	ydservices.com	22/957, Swasthi, Thanapadom Sariga Club Road, Thanapadom, Kakkanad, Ernakulam, Kerala	22/957, Ernakulam, KL	India	India	yd services private limited	ydservices com	22 957 swasthi thanapadom sariga club road thanapadom kakkanad ernakulam kerala	22 957 ernakulam kl	True	0.5853658536585367	0.4878048780487805	0.0	0.0	0.5853658536585367	0.3877551020408163	0.9142857142857143	0.2727272727272727	0.75	1.0	0.9142857142857143	STRONG	0.7333797909407667
S1-323747485	S3-13820604	S3	Cacioppo, Webster & Sheets Biopharmaceuticals LLC	cacioppowebster.com	36724 Carter Street, Yucaipa, CA	36724 Carter Street, PMB 1455, Yucaipa, California	US	US	cacioppo webster sheets biopharmaceuticals llc	cacioppowebster com	36724 carter street yucaipa ca	36724 carter street pmb 1455 yucaipa california	True	0.5538461538461539	0.4615384615384615	0.0	0.0	0.5538461538461539	0.7792207792207794	0.9473684210526315	0.5	0.8	0.5	0.9473684210526315	STRONG	0.7309311740890689
S1-224534945	S2-518930624	S2	Gitanjali Realestate Private Limited	PRIVATEREALESTATE.COM #85158	Khasra No 950, 950 Me And 951, Village Kilhora Jalalabad Hapur, Hapur, Ghaziabad, Uttar Pradesh	950., GHAZIABAD, NEW DELHI, Uttar Pradesh	India	India	gitanjali realestate private limited	privaterealestate com 85158	khasra no 950 950 me and 951 village kilhora jalalabad hapur hapur ghaziabad uttar pradesh	950 ghaziabad new delhi uttar pradesh	True	0.4444444444444444	0.6349206349206349	0.0	0.0	0.6349206349206349	0.45669291338582674	0.84375	0.26666666666666666	0.6666666666666666	0.5	0.84375	STRONG	0.7288938492063493
S1-422772138	S2-44066783	S2	Real Enterprises Private Limited	reprivate.com	Shop No G 10, Parksyde Business Avenue, Nashik, Maharashtra	SHOP NO G #10, NASHIK, Maharashtra	India	India	real enterprises private limited	reprivate com	shop no g 10 parksyde business avenue nashik maharashtra	shop no g 10 nashik maharashtra	True	0.48888888888888893	0.4	0.0	0.0	0.48888888888888893	0.7126436781609197	1.0	0.6666666666666666	1.0	1.0	1.0	STRONG	0.7188888888888889
S1-17339733	S3-215898478	S3	Pediatric Dentistry Care Associates Inc	dentistrycare.com	Norwich, CT, 59 Grant Court	59 Grant Court, Norwich, Connecticut	US	US	pediatric dentistry care associates inc	dentistrycare com	norwich ct 59 grant court	59 grant court norwich connecticut	True	0.5357142857142857	0.5	0.0	0.0	0.5357142857142857	0.47457627118644063	0.9361702127659575	0.6666666666666666	0.8	1.0	0.9361702127659575	STRONG	0.715919452887538
S1-211026051	S2-15046666	S2	Gandhinagar Trading Private Limited	GTPRIVATE.COM	B 306 Swagat Rainforest 2, Koba - Kudasan Highway Opp. Swaminarayan Dham, Kudasan, Gandhinagar, Gandhinagar, Gandhi Nagar, Gujarat	B 306 SWAGAT RAINFOREST 2, GANDHINAGAR, GANDHI NAGAR, Gujarat	India	India	gandhinagar trading private limited	gtprivate com	b 306 swagat rainforest 2 koba kudasan highway opp swaminarayan dham kudasan gandhinagar gandhinagar gandhi nagar gujarat	b 306 swagat rainforest 2 gandhinagar gandhi nagar gujarat	True	0.45833333333333337	0.375	0.0	0.0	0.45833333333333337	0.6480446927374302	1.0	0.6	1.0	1.0	1.0	STRONG	0.7020833333333334
S1-98065022	S3-11307508	S3	Care Consultants	Care Service	Survey No. 29, Plot No. 2, B/H Navjivan Way Bridge, Himatnagar, Sabarkantha, Gujarat	Survey No. 29, Plot No. 2, B/h Navjivan Way Bridge, NULL, GJ	India	India	care consultants	care service	survey no 29 plot no 2 b h navjivan way bridge himatnagar sabarkantha gujarat	survey no 29 plot no 2 b h navjivan way bridge null gj	True	0.4285714285714286	0.5	0.3333333333333333	0.5	0.5	0.7786259541984732	0.9148936170212767	0.6666666666666666	0.8333333333333334	1.0	0.9148936170212767	STRONG	0.6867021276595746
S1-883468618	S3-149911356	S3	Tmr (india) Private Limited	tmrindia.com	Plot No. A 390 391, Riico Growth Centre, Swaroopganj, Hamirgarh, Bhilwara, Rajasthan	Plot No. A 0390 391, Bhilwara, RJ	India	India	tmr india private limited	tmrindia com	plot no a 390 391 riico growth centre swaroopganj hamirgarh bhilwara rajasthan	plot no a 0390 391 bhilwara rj	True	0.5405405405405406	0.32432432432432434	0.0	0.0	0.5405405405405406	0.537037037037037	0.8461538461538461	0.35714285714285715	0.7142857142857143	0.3333333333333333	0.8461538461538461	STRONG	0.6780665280665281
S1-912947277	S3-290380069	S3	Biomedical Institute of Technology Pvt Ltd	itbiomedical.com	Plot No10, Kila No69, 1St Floor, Hans Enclave, Sadar Bazar, Gurgaon, Haryana	Plot No10, Sadar Bazar, Gurgaon, HR	India	India	biomedical institute of technology pvt ltd	itbiomedical com	plot no10 kila no69 1st floor hans enclave sadar bazar gurgaon haryana	plot no10 sadar bazar gurgaon hr	True	0.4482758620689655	0.3448275862068965	0.0	0.0	0.4482758620689655	0.6274509803921569	0.9508196721311475	0.38461538461538464	0.8333333333333334	0.3333333333333333	0.9508196721311475	STRONG	0.6744205765969474
S1-697294833	S3-527682590	S3	Shiva Media Private Limited	Pfihaate Shiva Media Limited	818B, The Camellias, Golf Course Road, Sector 42, Gurgaon, Haryana, Galleria Dlf-Iv	B3/818b, Gurugram, HR	India	India	shiva media private limited	pfihaate shiva media limited	818b the camellias golf course road sector 42 gurgaon haryana galleria dlf iv	b3 818b gurugram hr	True	0.6909090909090909	0.9090909090909091	0.6	0.75	0.9090909090909091	0.29166666666666663	0.34782608695652173	0.0625	0.25	0.3333333333333333	0.34782608695652173	STRONG	0.6565217391304348
S1-335478469	S3-757049552	S3	Audy Parker Blue Yield Corp	Apblue.Com	1064 Dwarf Lane, Bedford County, VA	Dwarf Lane, <NULL>, Bedford County, Virginia	US	US	audy parker blue yield corp	apblue com	1064 dwarf lane bedford county va	dwarf lane null bedford county virginia	True	0.4864864864864865	0.4324324324324324	0.0	0.0	0.4864864864864865	0.7777777777777779	0.8620689655172414	0.5	0.6666666666666666	0.0	0.8620689655172414	STRONG	0.6554986020503263
S1-437415597	S2-248645594	S2	Sunderland and Vasile Charlton	svcharlton.com	1495 Minnow Lake Road, City Of Phillips, WI	1495 MINNOW LAKE ROAD, PHILILPS, WI	US	US	sunderland and vasile charlton	svcharlton com	1495 minnow lake road city of phillips wi	1495 minnow lake road phililps wi	True	0.4545454545454546	0.40909090909090906	0.0	0.0	0.4545454545454546	0.8648648648648648	0.8648648648648648	0.5555555555555556	0.8333333333333334	1.0	0.8648648648648648	STRONG	0.6391891891891892
S1-211026051	S2-160973668	S2	Gandhinagar Trading Private Limited	Ariabrix	B 306 Swagat Rainforest 2, Koba - Kudasan Highway Opp. Swaminarayan Dham, Kudasan, Gandhinagar, Gandhinagar, Gandhi Nagar, Gujarat	B 306 SWAGAT RAINFOREST 2, GANDHI NAGAR, GANDHINAGAR, ગુજરાત	India	India	gandhinagar trading private limited	ariabrix	b 306 swagat rainforest 2 koba kudasan highway opp swaminarayan dham kudasan gandhinagar gandhinagar gandhi nagar gujarat	b 306 swagat rainforest 2 gandhi nagar gandhinagar	True	0.23255813953488372	0.2790697674418605	0.0	0.0	0.2790697674418605	0.5847953216374269	1.0	0.5333333333333333	1.0	1.0	1.0	STRONG	0.6034883720930233
S1-912947277	S3-159327306	S3	Biomedical Institute of Technology Pvt Ltd	M/s Ectoyumanyla	Plot No10, Kila No69, 1St Floor, Hans Enclave, Sadar Bazar, Gurgaon, Haryana	Plot No10, Sadar Bazar, Gurgaon, HR	India	India	biomedical institute of technology pvt ltd	m s ectoyumanyla	plot no10 kila no69 1st floor hans enclave sadar bazar gurgaon haryana	plot no10 sadar bazar gurgaon hr	True	0.31034482758620685	0.24137931034482762	0.0	0.0	0.31034482758620685	0.6274509803921569	0.9508196721311475	0.38461538461538464	0.8333333333333334	0.3333333333333333	0.9508196721311475	STRONG	0.5985585076314301
S1-966027321	S2-4379937	S2	Probst & Duran Newhold LLC	NYLADREX	Boston, 31 Floyd Street, MA	31D FLOYD STREET, BOSTON, MA	US	US	probst duran newhold llc	nyladrex	boston 31 floyd street ma	31d floyd street boston ma	True	0.1875	0.25	0.0	0.0	0.25	0.7058823529411764	0.9803921568627452	0.6666666666666666	0.8	1.0	0.9803921568627452	STRONG	0.5786764705882353
S1-120433302	S2-44772905	S2	Authentic Electro Ltd	BRIXVEO	House No. S-219, Basement, Greater Kailash-Ii, New Delhi, South Delhi, Delhi	HOUSE NO. S-219, NEW DELHI, SOUTH DELHI, Delhi	India	India	authentic electro ltd	brixveo	house no s 219 basement greater kailash ii new delhi south delhi delhi	house no s 219 new delhi south delhi delhi	True	0.2142857142857143	0.2142857142857143	0.0	0.0	0.2142857142857143	0.75	1.0	0.6363636363636364	1.0	1.0	1.0	STRONG	0.5678571428571428
S1-925403791	S2-39762537	S2	12 30 Bhav	UMBRAUMBRA	50 200, Unit OFFICE, Farmington, UT	50 200, FARMINGTON, UT	US	US	12 30 bhav	umbraumbra	50 200 unit office farmington ut	50 200 farmington ut	True	0.19999999999999996	0.2	0.0	0.0	0.2	0.7692307692307692	1.0	0.6666666666666666	1.0	1.0	1.0	STRONG	0.56
S1-464518977	S2-882988803	S2	Onyx Alpine LLC	Jaxpyra	3212 59th Street, Seattle, WA	59TH ST, SEATTLE, WA	US	US	onyx alpine llc	jaxpyra	3212 59th street seattle wa	59th st seattle wa	True	0.18181818181818177	0.27272727272727265	0.0	0.0	0.27272727272727265	0.8	0.9090909090909091	0.5	0.75	0.5	0.9090909090909091	STRONG	0.5590909090909091
S1-549612411	S2-493572232	S2	Loex Maritime PC	Lumdovajax	Philipsburg, Unit CARRIAGE HSE - APT C, 51 Rocking J Ranch Lane, MT	51 ROCKING J RANCH LN, PHILIPSBURG, MT	US	US	loex maritime pc	lumdovajax	philipsburg unit carriage hse apt c 51 rocking j ranch lane mt	51 rocking j ranch ln philipsburg mt	True	0.23076923076923073	0.2307692307692308	0.0	0.0	0.2307692307692308	0.4897959183673469	0.9565217391304348	0.46153846153846156	0.8571428571428571	1.0	0.9565217391304348	STRONG	0.5573578595317726
S1-666435696	S2-412678653	S2	Apex Pinnacle Music Group	DREXZEPH	NC, Albemarle, 29569 Forrest Road	FORREST RD, ALBEMARLE, NC	US	US	apex pinnacle music group	drexzeph	nc albemarle 29569 forrest road	forrest rd albemarle nc	True	0.24242424242424243	0.18181818181818188	0.0	0.0	0.24242424242424243	0.4074074074074075	0.9302325581395349	0.5	0.75	0.0	0.9302325581395349	STRONG	0.5519379844961241
S1-960126068	S2-433145651	S2	Corner Ice Cream	CORNER ICE CREAM CÓRPORATION	1015 Country Club Drive, La Porte, TX		US	US	corner ice cream	corner ice cream corporation	1015 country club drive la porte tx		True	0.7272727272727273	1.0	0.75	1.0	1.0	0.0	0.0	0.0	0.0	0.0	0.0	STRONG	0.55
S1-392219093	S2-936174468	S2	Md Services Limited	Md (Services)	5Th Floor Bhandari House91, Nehru Place, New Delhi, Delhi		India	India	md services limited	md services	5th floor bhandari house91 nehru place new delhi delhi		True	0.7333333333333334	1.0	0.6666666666666666	1.0	1.0	0.0	0.0	0.0	0.0	0.0	0.0	STRONG	0.55
S1-236963798	S2-111203101	S2	RO Atlantic Galaxy Inc	RO Atlantic	2119 Tipton Street, Seymour, IN		US	US	ro atlantic galaxy inc	ro atlantic	2119 tipton street seymour in		True	0.6666666666666667	1.0	0.5	1.0	1.0	0.0	0.0	0.0	0.0	0.0	0.0	STRONG	0.55
S1-892577020	S3-471190214	S3	Delta Project	Delta Project Enterprises	Avon, IN, 562 Dylan Drive		US	US	delta project	delta project enterprises	avon in 562 dylan drive		True	0.6842105263157895	1.0	0.6666666666666666	1.0	1.0	0.0	0.0	0.0	0.0	0.0	0.0	STRONG	0.55
S1-543291404	S2-728000855	S2	Southern Technologies Private Limited	Southern ടെക്നോളജീസ് പ്രൈവറ്റ് ലിമിറ്റഡ്	Excelsior Building Thengana, Perumpanachy P.O., Changanacherry, Kottayam, Kerala		India	India	southern technologies private limited	southern	excelsior building thengana perumpanachy p o changanacherry kottayam kerala		True	0.3555555555555555	1.0	0.25	1.0	1.0	0.0	0.0	0.0	0.0	0.0	0.0	STRONG	0.55
S1-203667972	S2-227806252	S2	Taylor White Inc.	TAYLOR INC. INC. WHITE	7519 55, Seven Springs, NC		US	US	taylor white inc	taylor inc inc white	7519 55 seven springs nc		True	0.6666666666666667	1.0	1.0	1.0	1.0	0.0	0.0	0.0	0.0	0.0	0.0	STRONG	0.55
S1-84838337	S3-532973078	S3	Little Hair Studio	Little Hair Studio Service Enterprises	20458 Crosslin Road, Earlsboro, OK		US	US	little hair studio	little hair studio service enterprises	20458 crosslin road earlsboro ok		True	0.6428571428571428	1.0	0.6	1.0	1.0	0.0	0.0	0.0	0.0	0.0	0.0	STRONG	0.55
S1-892577020	S3-586392060	S3	Delta Project	Delta Project Enterprises	Avon, IN, 562 Dylan Drive		US	US	delta project	delta project enterprises	avon in 562 dylan drive		True	0.6842105263157895	1.0	0.6666666666666666	1.0	1.0	0.0	0.0	0.0	0.0	0.0	0.0	STRONG	0.55
S1-505090910	S3-198363277	S3	Main Street Deli	main street deli Enterprises	2538 Wah Avenue, Sacramento, CA		US	US	main street deli	main street deli enterprises	2538 wah avenue sacramento ca		True	0.7272727272727273	1.0	0.75	1.0	1.0	0.0	0.0	0.0	0.0	0.0	0.0	STRONG	0.55
S1-338840619	S2-711927056	S2	Quartz, LLC	Quartz, LLC Enterprises	602 723, Bldg Residence, Crittenden County, KY		US	US	quartz llc	quartz llc enterprises	602 723 bldg residence crittenden county ky		True	0.625	1.0	0.6666666666666666	1.0	1.0	0.0	0.0	0.0	0.0	0.0	0.0	STRONG	0.55
S1-419235241	S2-331102815	S2	Zirain Eco Limited	DOVAEVO	T-Hub Foundation 1/C 83/1, Level 6 Raidurg, Panmakth, Shaikpet, Hyderabad, Telangana	NO. 524 T-HUB FOUNDATION 1/C 83/1, Telangana, SHAIKPET	India	India	zirain eco limited	dovaevo	t hub foundation 1 c 83 1 level 6 raidurg panmakth shaikpet hyderabad telangana	no 524 t hub foundation 1 c 83 1 telangana shaikpet	True	0.24	0.16	0.0	0.0	0.24	0.6461538461538461	0.923076923076923	0.5333333333333333	0.8	0.5	0.923076923076923	STRONG	0.5473846153846154
S1-780893579	S3-676674812	S3	Godbole City Corp	Zephwex	Building No. 61/245- B2, Zeia Arcade, Church Landing Road, Pallimukku, Kochi, Ernakulam, Kerala	Building No. ##61/245- B2, Kochi, Ernakulam, കേരളം	India	India	godbole city corp	zephwex	building no 61 245 b2 zeia arcade church landing road pallimukku kochi ernakulam kerala	building no 61 245 b2 kochi ernakulam	True	0.16666666666666663	0.1666666666666667	0.0	0.0	0.1666666666666667	0.5967741935483871	1.0	0.5	1.0	1.0	1.0	STRONG	0.5416666666666667
S1-535605149	S3-426905497	S3	Supreme Engineering LLP	Bríxcira	Shop-04, Gut-41/2, Plot-3/A, 3/B, Pratham Park, Panvel, Raigarh(Mh), Maharashtra	MH, Gut-41/2, Plot-3/a, 3/B, Pratham Park, null, Shop-04, Panvel	India	India	supreme engineering llp	brixcira	shop 04 gut 41 2 plot 3 a 3 b pratham park panvel raigarh mh maharashtra	mh gut 41 2 plot 3 a 3 b pratham park null shop 04 panvel	True	0.19354838709677424	0.19354838709677424	0.0	0.0	0.19354838709677424	0.6821705426356588	0.9523809523809524	0.8125	0.9285714285714286	1.0	0.9523809523809524	STRONG	0.5350230414746544
S1-859252896	S2-411261374	S2	Rev It Up Ice Cream	Lyrawex	8304 Rolling Hills Drive, Nixa, MO	8304 ROLLING HDLLS DRIVE, NXA CITY, MO	US	US	rev it up ice cream	lyrawex	8304 rolling hills drive nixa mo	8304 rolling hdlls drive nxa city mo	True	0.15384615384615385	0.2307692307692308	0.0	0.0	0.2307692307692308	0.8823529411764706	0.8823529411764706	0.4444444444444444	0.6666666666666666	1.0	0.8823529411764706	STRONG	0.5239819004524887
S1-872302647	S3-56614947	S3	Lucky Pilates Inc	Lucky Inc Pi1ates	321 21st Street, Unit C, Newark, OH		US	US	lucky pilates inc	lucky inc pi1ates	321 21st street unit c newark oh		True	0.7058823529411764	0.9411764705882354	0.5	0.6666666666666666	0.9411764705882354	0.0	0.0	0.0	0.0	0.0	0.0	STRONG	0.5176470588235295
S1-745450749	S2-51162005	S2	Oki Therapy (India)	OKI (N) THERAPY	12 Thakurdas Banerjee Road, Kolkata, North 24 Parganas, West Bengal		India	India	oki therapy india	oki n therapy	12 thakurdas banerjee road kolkata north 24 parganas west bengal		True	0.7333333333333334	0.9166666666666667	0.5	0.6666666666666666	0.9166666666666667	0.0	0.0	0.0	0.0	0.0	0.0	STRONG	0.5041666666666668
S1-886002896	S3-664777308	S3	Saenz Empire Martin Corp	Saenz Empire Matfni (Corp)	6522 Portlick Drive, Katy, TX		US	US	saenz empire martin corp	saenz empire matfni corp	6522 portlick drive katy tx		True	0.9166666666666665	0.9166666666666667	0.6	0.75	0.9166666666666667	0.0	0.0	0.0	0.0	0.0	0.0	STRONG	0.5041666666666668
S1-340817900	S2-798817879	S2	Smart Hospitality Advisors, LLC	Smart Hoptstalty Hoptstalty Advisors, LLC	127 78th Street, Kansas City, MO		US	US	smart hospitality advisors llc	smart hoptstalty hoptstalty advisors llc	127 78th street kansas city mo		True	0.8	0.9152542372881356	0.6	0.75	0.9152542372881356	0.0	0.0	0.0	0.0	0.0	0.0	STRONG	0.5033898305084746
S1-829420372	S3-601412026	S3	Dental Physicians LLC	Dental Phybcsians LLC	245 Indian Lake Boulevard, Unit E308, Hendersonville, TN		US	US	dental physicians llc	dental phybcsians llc	245 indian lake boulevard unit e308 hendersonville tn		True	0.9047619047619048	0.9047619047619048	0.5	0.6666666666666666	0.9047619047619048	0.0	0.0	0.0	0.0	0.0	0.0	STRONG	0.4976190476190477
S1-403028834	S2-92039499	S2	Piedmont Construction LLC	Viowex	OK, 917 Linn Lane, Yukon	953 LINN LN, YUKON, OK	US	US	piedmont construction llc	viowex	ok 917 linn lane yukon	953 linn ln yukon ok	True	0.12903225806451613	0.19354838709677424	0.0	0.0	0.19354838709677424	0.7142857142857143	0.8571428571428571	0.42857142857142855	0.6	0.0	0.8571428571428571	STRONG	0.49216589861751153
S1-159067707	S3-342293148	S3	Parth Technologies (India) Private Limited	Parth (India) Private Limited Service	C/O Karan Singh Parmar Shop No. 08, Ramayan South Katara Hills, Bhopal, Madhya Pradesh		India	India	parth technologies india private limited	parth india private limited service	c o karan singh parmar shop no 08 ramayan south katara hills bhopal madhya pradesh		True	0.72	0.8709677419354839	0.6666666666666666	0.8	0.8709677419354839	0.0	0.0	0.0	0.0	0.0	0.0	STRONG	0.47903225806451616
S1-829348020	S2-708805610	S2	All Management Limited	ALL MTANIAEGMBNT LIMITED	52-12-1 Rajendra Nagar, Rajahmundry, Guntur, Andhra Pradesh		India	India	all management limited	all mtaniaegmbnt limited	52 12 1 rajendra nagar rajahmundry guntur andhra pradesh		True	0.8695652173913043	0.8695652173913043	0.5	0.6666666666666666	0.8695652173913043	0.0	0.0	0.0	0.0	0.0	0.0	STRONG	0.4782608695652174
S1-603442937	S2-133657619	S2	Skill Agro Private Limited	Skill Agro Limited Partners	3/101 Shree Krishan Avenyu Face, Limbodi, Indore, Madhya Pradesh		India	India	skill agro private limited	skill agro limited partners	3 101 shree krishan avenyu face limbodi indore madhya pradesh		True	0.679245283018868	0.8679245283018868	0.6	0.75	0.8679245283018868	0.0	0.0	0.0	0.0	0.0	0.0	STRONG	0.4773584905660378
S1-226564818	S2-891882828	S2	Literacy Fund LLC	LITERACY FUND Enterprises	414 B White Oak Street, High Point, NC		US	US	literacy fund llc	literacy fund enterprises	414 b white oak street high point nc		True	0.6666666666666667	0.8666666666666667	0.5	0.6666666666666666	0.8666666666666667	0.0	0.0	0.0	0.0	0.0	0.0	STRONG	0.47666666666666674
S1-80960427	S2-114199102	S2	Hari Ram Infrastructure Private Limited	Hari Ram Private Limited Service	No.29 Moore Street, Chennai, Tamil Nadu		India	India	hari ram infrastructure private limited	hari ram private limited service	no 29 moore street chennai tamil nadu		True	0.676056338028169	0.8571428571428571	0.6666666666666666	0.8	0.8571428571428571	0.0	0.0	0.0	0.0	0.0	0.0	STRONG	0.4714285714285714
S1-618570184	S2-136216991	S2	Advanced Barings	Advanced Baaidnsg	107 Margin Street, Orono, ME		US	US	advanced barings	advanced baaidnsg	107 margin street orono me		True	0.8484848484848484	0.8484848484848484	0.3333333333333333	0.5	0.8484848484848484	0.0	0.0	0.0	0.0	0.0	0.0	STRONG	0.4666666666666667
S1-464518977	S2-558613710	S2	Onyx Alpine LLC	Onyx Aflgedine LLC	3212 59th Street, Seattle, WA		US	US	onyx alpine llc	onyx aflgedine llc	3212 59th street seattle wa		True	0.8484848484848484	0.8484848484848484	0.5	0.6666666666666666	0.8484848484848484	0.0	0.0	0.0	0.0	0.0	0.0	STRONG	0.4666666666666667
S1-761585587	S2-586234138	S2	Classic Printing Enterprises Corp	Classic Enterprises Corp Services	22 Hickory Point Road, Constantia, NY		US	US	classic printing enterprises corp	classic enterprises corp services	22 hickory point road constantia ny		True	0.7272727272727273	0.8421052631578948	0.6	0.75	0.8421052631578948	0.0	0.0	0.0	0.0	0.0	0.0	STRONG	0.46315789473684216
S1-435229220	S2-822045027	S2	Munoz Banc Co	Lyragild	10421 Larry Street, TX, Houston	1042 LARRY ST, HOUSTON, TX	US	US	munoz banc co	lyragild	10421 larry street tx houston	1042 larry st houston tx	True	0.09523809523809523	0.09523809523809518	0.0	0.0	0.09523809523809523	0.7924528301886792	0.9056603773584905	0.42857142857142855	0.6	0.0	0.9056603773584905	STRONG	0.4599281221922731
S1-352234501	S2-379384733	S2	Clean Investment Services	CLEAN INVESTMENT-CENTER	34 Abbott Square, Birmingham, AL		US	US	clean investment services	clean investment center	34 abbott square birmingham al		True	0.7916666666666665	0.8205128205128205	0.5	0.6666666666666666	0.8205128205128205	0.0	0.0	0.0	0.0	0.0	0.0	STRONG	0.4512820512820513
S1-330281696	S3-790582857	S3	New International Private Limited	न्यू इंटरनेशनल प्राइवेट लिमिटेड	B-148, Vikas Vihar Vikas Nagar, Uttam Nagar, New Delhi, West Delhi, Delhi	B-148, New Delhi, Uttam Nagar, दिल्ली	India	India	new international private limited		b 148 vikas vihar vikas nagar uttam nagar new delhi west delhi delhi	b 148 new delhi uttam nagar	True	0.0	0.0	0.0	0.0	0.0	0.4421052631578948	1.0	0.6666666666666666	1.0	1.0	1.0	STRONG	0.45
S1-422926253	S3-182229658	S3	Sky Enterprises Pvt Ltd	स्काई एंटरप्राइजेज प्रा. लि.	A- 42, Ground Front Side, Dayal Bagh Faridabad, Faridabad, Haryana	Faridabad, A- 42, हरियाणा	India	India	sky enterprises pvt ltd		a 42 ground front side dayal bagh faridabad faridabad haryana	faridabad a 42	True	0.0	0.0	0.0	0.0	0.0	0.31999999999999995	1.0	0.3333333333333333	1.0	1.0	1.0	STRONG	0.45
S1-96384267	S2-969855661	S2	Bharat Construction Private Limited	ಭಾರತ್ ಕನ್‌ಸ್ಟ್ರಕ್ಷನ್ ಪ್ರೈವೇಟ್ ಲಿಮಿಟೆಡ್	325, Mico Layout, N.S.Palya, Bangalore-34., Bangalore, Karnataka	325, BANGALORE-34., BANGALORE, Karnataka	India	India	bharat construction private limited		325 mico layout n s palya bangalore 34 bangalore karnataka	325 bangalore 34 bangalore karnataka	True	0.0	0.0	0.0	0.0	0.0	0.7659574468085107	1.0	0.4444444444444444	1.0	1.0	1.0	STRONG	0.45
S1-130264484	S2-32411869	S2	Green Foundation Limited	ग्रीन फाउंडेशन लिमिटेड	875/31, Laxman Vihar Phase-I, Gurgaon, Haryana	875/31, GURGAON, Haryana	India	India	green foundation limited		875 31 laxman vihar phase i gurgaon haryana	875 31 gurgaon haryana	True	0.0	0.0	0.0	0.0	0.0	0.676923076923077	1.0	0.5	1.0	1.0	1.0	STRONG	0.45
S1-95503899	S2-816744928	S2	Unique Investment Limited	यूनिक इन्वेस्टमेंट लिमिटेड	H.No. 1152, Kashiprayag Bumglow, Champa Nagari, Jail Road, Dasak Nasik Road, Nashik, Maharashtra	NO 1152, NASHIK, Maharashtra	India	India	unique investment limited		h no 1152 kashiprayag bumglow champa nagari jail road dasak nasik road nashik maharashtra	no 1152 nashik maharashtra	True	0.0	0.0	0.0	0.0	0.0	0.45217391304347826	1.0	0.3076923076923077	1.0	1.0	1.0	STRONG	0.45
S1-463548524	S2-442263631	S2	Swastik Shyam Enterprises Private Limited	स्वस्तिक श्याम एंटरप्राइजेज प्राइवेट लिमिटेड	Flat No-501, B-Wing, Barcelona, Off Madh Road, Bhd Madh Church, Malad (W, Est), Mumbai, Mumbai City, Maharashtra	FLAT NO-501, MUMBAI, MUMBAI CITY, Maharashtra	India	India	swastik shyam enterprises private limited		flat no 501 b wing barcelona off madh road bhd madh church malad w est mumbai mumbai city maharashtra	flat no 501 mumbai mumbai city maharashtra	True	0.0	0.0	0.0	0.0	0.0	0.5874125874125874	1.0	0.35294117647058826	1.0	1.0	1.0	STRONG	0.45
S1-108314429	S2-628035494	S2	Supreme Dream It	सुप्रीम ड्रीम आईटी	Office No F-39, First Floor Eternity Commercial Premises, Lbs Marg, Teen Hath Naka, Thane, Maharashtra	OFFICE NO F-39., THANE, महाराष्ट्र	India	India	supreme dream it		office no f 39 first floor eternity commercial premises lbs marg teen hath naka thane maharashtra	office no f 39 thane	True	0.0	0.0	0.0	0.0	0.0	0.3418803418803419	1.0	0.3125	1.0	1.0	1.0	STRONG	0.45
S1-571777559	S2-105253566	S2	Blue Power Private Limited	ब्लू पावर प्राइवेट लिमिटेड	Plot No 78 Ajmer Road, Sukhadiya Nagar, Bhilwara, Bhilwara, Rajasthan	#78 AJMER ROAD, BHILWARA, Rajasthan	India	India	blue power private limited		plot no 78 ajmer road sukhadiya nagar bhilwara bhilwara rajasthan	78 ajmer road bhilwara rajasthan	True	0.0	0.0	0.0	0.0	0.0	0.6597938144329896	1.0	0.5555555555555556	1.0	1.0	1.0	STRONG	0.45
S1-95503899	S2-950137390	S2	Unique Investment Limited	यूनिक इन्वेस्टमेंट लिमिटेड	H.No. 1152, Kashiprayag Bumglow, Champa Nagari, Jail Road, Dasak Nasik Road, Nashik, Maharashtra	H.NO. 1152, NASHIK, Maharashtra	India	India	unique investment limited		h no 1152 kashiprayag bumglow champa nagari jail road dasak nasik road nashik maharashtra	h no 1152 nashik maharashtra	True	0.0	0.0	0.0	0.0	0.0	0.47863247863247854	1.0	0.38461538461538464	1.0	1.0	1.0	STRONG	0.45
S1-75134768	S2-623236074	S2	Urban Tech	আরবান টেক	Calcutta, 71 B R B Basu Rd, West Bengal, Kolkata	71 B R B BASU RD, CALCUTTA, পশ্চিমবঙ্গ	India	India	urban tech		calcutta 71 b r b basu rd west bengal kolkata	71 b r b basu rd calcutta	True	0.0	0.0	0.0	0.0	0.0	0.6	1.0	0.6666666666666666	1.0	1.0	1.0	STRONG	0.45
S1-422772138	S2-786010216	S2	Real Enterprises Private Limited	रियल एंटरप्राइजेज प्राइवेट लिमिटेड	Shop No G 10, Parksyde Business Avenue, Nashik, Maharashtra	SHOP NO G #10, NASHIK, Maharashtra	India	India	real enterprises private limited		shop no g 10 parksyde business avenue nashik maharashtra	shop no g 10 nashik maharashtra	True	0.0	0.0	0.0	0.0	0.0	0.7126436781609197	1.0	0.6666666666666666	1.0	1.0	1.0	STRONG	0.45
S1-499302167	S2-148775637	S2	Shree Industries Private Limited	શ્રી ઇન્ડસ્ટ્રીઝ પ્રાઇવેટ લિમિટેડ	Plot No. 265, G. I. D. C. Estate Sachin, Surat, Gujarat	PLOT NO. 265, SURAT, ગુજરાત	India	India	shree industries private limited		plot no 265 g i d c estate sachin surat gujarat	plot no 265 surat	True	0.0	0.0	0.0	0.0	0.0	0.53125	1.0	0.36363636363636365	1.0	1.0	1.0	STRONG	0.45
S1-492536604	S2-15424811	S2	Urban Properties Pvt Ltd	अर्बन प्रॉपर्टीज प्रा. लि.	Sno.25/8, Pune, Navecha Road, Nr. Durga, Pimple Gurav, Maharashtra, Pune	SNO.25/8, PUNE, Maharashtra	India	India	urban properties pvt ltd		sno 25 8 pune navecha road nr durga pimple gurav maharashtra pune	sno 25 8 pune maharashtra	True	0.0	0.0	0.0	0.0	0.0	0.5555555555555556	1.0	0.45454545454545453	1.0	1.0	1.0	STRONG	0.45
S1-155027115	S2-780856981	S2	Bharat Jai Tech	भारत जय टेक	157, Udyog Kendra Toy Cit, Greater Noida, Bishrakh, Gautam Buddha Nagar, Uttar Pradesh	157, BISHRAKH, GAUTAM BUDDHA NAGAR, Uttar Pradesh	India	India	bharat jai tech		157 udyog kendra toy cit greater noida bishrakh gautam buddha nagar uttar pradesh	157 bishrakh gautam buddha nagar uttar pradesh	True	0.0	0.0	0.0	0.0	0.0	0.7244094488188977	1.0	0.5384615384615384	1.0	1.0	1.0	STRONG	0.45
S1-898279595	S2-72739055	S2	Star Enterprises Pvt Ltd	स्टार एंटरप्राइजेज प्रा. लि.	North Delhi, Delhi, 26, Prem Niwas Malkaganj Road, Delhi	DELHI, 26, NORTH DELHI	India	India	star enterprises pvt ltd		north delhi delhi 26 prem niwas malkaganj road delhi	delhi 26 north delhi	True	0.0	0.0	0.0	0.0	0.0	0.4722222222222222	1.0	0.42857142857142855	1.0	1.0	1.0	STRONG	0.45
S1-763496609	S2-868047179	S2	Shakti Consulting Limited	शक्ति कंसल्टिंग लिमिटेड	Flat No. 8, C Wing, Sai Tower Chs Ltd, Ambadi Road, Vasai West, Thane, Maharashtra	NO 8, THANE, Maharashtra	India	India	shakti consulting limited		flat no 8 c wing sai tower chs ltd ambadi road vasai west thane maharashtra	no 8 thane maharashtra	True	0.0	0.0	0.0	0.0	0.0	0.4536082474226804	1.0	0.26666666666666666	1.0	1.0	1.0	STRONG	0.45
S1-399029451	S2-109155437	S2	Global Builders Private Limited	ग्लोबल बिल्डर्स प्राइवेट लिमिटेड	4805/24 Fourth Floor Pvt-2, 24.Bharat Ram Road Darya Ganj, Delhi, Central Delhi, Delhi	4805/24. FOURTH FLOOR PVT-2, CENTRAL DELHI, Delhi	India	India	global builders private limited		4805 24 fourth floor pvt 2 24 bharat ram road darya ganj delhi central delhi delhi	4805 24 fourth floor pvt 2 central delhi delhi	True	0.0	0.0	0.0	0.0	0.0	0.71875	1.0	0.6153846153846154	1.0	1.0	1.0	STRONG	0.45
S1-206894799	S2-984757330	S2	Dynamic Exports Pvt Ltd	ಡೈನಾಮಿಕ್ ಎಕ್ಸ್‌ಪೋರ್ಟ್ಸ್ ಪ್ರೈವೇಟ್ ಲಿಮಿಟೆಡ್	#56, Saint Thomos School Road, Industrial Suburb, Vishweshwara Nagar, Mysore, Karnataka	#56, VISHWESHWARA NAGAR, MYSORE, ಕರ್ನಾಟಕ	India	India	dynamic exports pvt ltd		56 saint thomos school road industrial suburb vishweshwara nagar mysore karnataka	56 vishweshwara nagar mysore	True	0.0	0.0	0.0	0.0	0.0	0.5137614678899083	1.0	0.36363636363636365	1.0	1.0	1.0	STRONG	0.45
S1-459696014	S2-724357562	S2	Arihant Builders Private Limited	अरिहंत बिल्डर्स प्राइवेट लिमिटेड	11A, Lic Office Ke Piche Indra Nagar, Dibiyapur, Auraiya, Etawa, Uttar Pradesh	11A, AURAIYA, ETAWA, Uttar Pradesh	India	India	arihant builders private limited		11a lic office ke piche indra nagar dibiyapur auraiya etawa uttar pradesh	11a auraiya etawa uttar pradesh	True	0.0	0.0	0.0	0.0	0.0	0.5961538461538461	1.0	0.4166666666666667	1.0	1.0	1.0	STRONG	0.45
S1-908551239	S3-719062371	S3	Sun Solutions Private Limited	सन सॉल्यूशंस प्राइवेट लिमिटेड	F No. 403, Sudha Nill Aptt, New P P Colony, Patliputra, Patna, Bihar	बिहार, Patna, F No. 403	India	India	sun solutions private limited		f no 403 sudha nill aptt new p p colony patliputra patna bihar	patna f no 403	True	0.0	0.0	0.0	0.0	0.0	0.21052631578947367	1.0	0.3333333333333333	1.0	1.0	1.0	STRONG	0.45
S1-658336143	S2-955208024	S2	Bharat Projects Private Limited	भारत प्रोजेक्ट्स प्राइवेट लिमिटेड	Wz-1390/12B, Near Janakpuri D Block Pankha Road, Nagal Rai, New Delhi, West Delhi, Delhi	WEST DELHI, Delhi, NEW DELHI, WZ-1390/12B	India	India	bharat projects private limited		wz 1390 12b near janakpuri d block pankha road nagal rai new delhi west delhi delhi	west delhi delhi new delhi wz 1390 12b	True	0.0	0.0	0.0	0.0	0.0	0.39669421487603307	1.0	0.42857142857142855	1.0	1.0	1.0	STRONG	0.45
S1-606480359	S2-527210577	S2	Creative Services Private Limited	క్రియేటివ్ సర్వీసెస్ ప్రైవేట్ లిమిటెడ్	H.No.8-3-214/1/A-1, Plot No.B2Madhura Nagar, Hyderabad., Andhra Pradesh, Telangana	H.NO.8-3-214/1/A-1, ANDHRA PRADESH, HYDERABAD., Telangana	India	India	creative services private limited		h no 8 3 214 1 a 1 plot no b2madhura nagar hyderabad andhra pradesh telangana	h no 8 3 214 1 a 1 andhra pradesh hyderabad telangana	True	0.0	0.0	0.0	0.0	0.0	0.7076923076923076	1.0	0.7857142857142857	1.0	0.8	1.0	STRONG	0.45
S1-511355563	S2-413889574	S2	Hotel Technologies Private Limited	होटल टेक्नोलॉजीज प्राइवेट लिमिटेड	Pune, Flat No. A5 506, Genesis, Sr. No. 123/1/2 And 123/1/3, Maharashtra, Pune	SR. NO. 123/1/2 AND 123/1/3, PUNE, Maharashtra, PUNE	India	India	hotel technologies private limited		pune flat no a5 506 genesis sr no 123 1 2 and 123 1 3 maharashtra pune	sr no 123 1 2 and 123 1 3 pune maharashtra pune	True	0.0	0.0	0.0	0.0	0.0	0.717948717948718	1.0	0.6923076923076923	1.0	0.6666666666666666	1.0	STRONG	0.45
S1-128347375	S3-848225821	S3	Anand Green Logistics Private Limited	आनंद ग्रीन लॉजिस्टिक्स प्राइवेट लिमिटेड	107 First Floor Plot No-6T.C, Jaina Tower -2 District Centre Janak New Delhi, Delhi, Jaina Tower -2 District Centre Janak New Delhi, Delhi, New Delhi, West Delhi, Delhi	107 First Floor Plot No-6t.c, New Delhi, दिल्ली	India	India	anand green logistics private limited		107 first floor plot no 6t c jaina tower 2 district centre janak new delhi delhi jaina tower 2 district centre janak new delhi delhi new delhi west delhi delhi	107 first floor plot no 6t c new delhi	True	0.0	0.0	0.0	0.0	0.0	0.3857868020304569	1.0	0.5625	1.0	0.6666666666666666	1.0	STRONG	0.45
S1-564729135	S2-327309238	S2	Dream Construction Limited	డ్రీమ్ కన్‌స్ట్రక్షన్ లిమిటెడ్	H.No.16-11-23/37/A, 2Nd Floor, Flat No.207, Sagar Hotel Building, Opp.Rta Office, Mo, Osarambagh, Hyderabad, Telangana	H.NO 16-11-23/37/A, OSARAMBAGH, HYDERABAD, Telangana	India	India	dream construction limited		h no 16 11 23 37 a 2nd floor flat no 207 sagar hotel building opp rta office mo osarambagh hyderabad telangana	h no 16 11 23 37 a osarambagh hyderabad telangana	True	0.0	0.0	0.0	0.0	0.0	0.6163522012578616	1.0	0.47619047619047616	1.0	0.6666666666666666	1.0	STRONG	0.45
S1-570361411	S2-603890088	S2	Shyam Ventures Private Limited	ਸ਼ਿਆਮ ਵੈਂਚਰਜ਼ ਪ੍ਰਾਈਵੇਟ ਲਿਮਟਿਡ	#771, Sector 91 Sas Nagar, Mohali, Punjab	771, MOHALI, Punjab	India	India	shyam ventures private limited		771 sector 91 sas nagar mohali punjab	771 mohali punjab	True	0.0	0.0	0.0	0.0	0.0	0.6296296296296297	1.0	0.42857142857142855	1.0	0.5	1.0	STRONG	0.45
S1-570361411	S2-592744157	S2	Shyam Ventures Private Limited	ਸ਼ਿਆਮ ਵੈਂਚਰਜ਼ ਪ੍ਰਾਈਵੇਟ ਲਿਮਟਿਡ	#771, Sector 91 Sas Nagar, Mohali, Punjab	#771, MOHALI, ਪੰਜਾਬ	India	India	shyam ventures private limited		771 sector 91 sas nagar mohali punjab	771 mohali	True	0.0	0.0	0.0	0.0	0.0	0.42553191489361697	1.0	0.2857142857142857	1.0	0.5	1.0	STRONG	0.45
S1-126927804	S3-773054197	S3	Future Healthcare Pvt Ltd	फ्यूचर हेल्थकेयर प्रा. लि.	Unit No. 14, Krishna Commercial Centre, 6, Udyog Nagar, Near Kamat Club, Goregaon, (West), Mumbai, Maharashtra	Unit No. 14, (West), Mumbai, महाराष्ट्र	India	India	future healthcare pvt ltd		unit no 14 krishna commercial centre 6 udyog nagar near kamat club goregaon west mumbai maharashtra	unit no 14 west mumbai	True	0.0	0.0	0.0	0.0	0.0	0.36363636363636365	1.0	0.3125	1.0	0.5	1.0	STRONG	0.45
S1-104226194	S3-873691905	S3	Global Lotus Construction Pvt Ltd	ग्लोबल लोटस कंस्ट्रक्शन प्रा. लि.	A-212, Malhotra Complex, Gali No. Â 01, Vikas Marg, Shakarpur, Laxmi Nagar, East Delhi, Delhi	A-212, Laxmi Nagar, East Delhi, दिल्ली	India	India	global lotus construction pvt ltd		a 212 malhotra complex gali no a 01 vikas marg shakarpur laxmi nagar east delhi delhi	a 212 laxmi nagar east delhi	True	0.0	0.0	0.0	0.0	0.0	0.49557522123893805	1.0	0.42857142857142855	1.0	0.5	1.0	STRONG	0.45
S1-184229550	S2-493006432	S2	High Hari Constructions Pvt Ltd	हाई हरि कंस्ट्रक्शंस प्रा. लि.	Office No. 325, Sector 17, Vardhaman Market, Thane, Maharashtra	OFFICE NO. 325, Maharashtra, THANE	India	India	high hari constructions pvt ltd		office no 325 sector 17 vardhaman market thane maharashtra	office no 325 maharashtra thane	True	0.0	0.0	0.0	0.0	0.0	0.5617977528089888	1.0	0.5555555555555556	1.0	0.5	1.0	STRONG	0.45
S1-758075760	S3-957484857	S3	Bharat Investments	भारत इन्वेस्टमेंट्स	No 7, 3Rd Floor, N.W.A Club Road Market Sector Iv Market, West Punjabi Bagh, New Delhi, Delhi	No ##7, New Delhi, दिल्ली, West Punjabi Bagh	India	India	bharat investments		no 7 3rd floor n w a club road market sector iv market west punjabi bagh new delhi delhi	no 7 new delhi west punjabi bagh	True	0.0	0.0	0.0	0.0	0.0	0.4833333333333333	1.0	0.4117647058823529	1.0	0.5	1.0	STRONG	0.45
S1-745839307	S2-148602546	S2	Innovative Agro Private Limited	ಇನೋವೇಟಿವ್ ಅಗ್ರೋ ಪ್ರೈವೇಟ್ ಲಿಮಿಟೆಡ್	No.1, Ground Floor, H I M Towers, 9Th Cross Kempegowd Layout Nageshwara Nagebahalli, Bangalore, Karnataka	Karnataka, BANGALORE, NO.1	India	India	innovative agro private limited		no 1 ground floor h i m towers 9th cross kempegowd layout nageshwara nagebahalli bangalore karnataka	karnataka bangalore no 1	True	0.0	0.0	0.0	0.0	0.0	0.30645161290322576	1.0	0.25	1.0	0.5	1.0	STRONG	0.45
S1-558634684	S2-623955087	S2	Prime Food Private Limited	प्राइम फूड प्राइवेट लिमिटेड	Plot No. 23, Zone-1 M.P. Nagar, Bhopal, Madhya Pradesh	PLOT NO. 23, BHOPAL, मध्य प्रदेश	India	India	prime food private limited		plot no 23 zone 1 m p nagar bhopal madhya pradesh	plot no 23 bhopal	True	0.0	0.0	0.0	0.0	0.0	0.5151515151515151	1.0	0.36363636363636365	1.0	0.5	1.0	STRONG	0.45
S1-134717804	S2-265461500	S2	Guru Hospitality Private Limited	ಗುರು ಹಾಸ್ಪಿಟಾಲಿಟಿ ಪ್ರೈವೇಟ್ ಲಿಮಿಟೆಡ್	Karnataka, 7Th Cross, Msr Homes Naggappareddy Layout, B.Narayanapura, Bangaore, Bangalore, H.No 36	#36, BANGAORE, BANGALORE, Karnataka	India	India	guru hospitality private limited		karnataka 7th cross msr homes naggappareddy layout b narayanapura bangaore bangalore h no 36	36 bangaore bangalore karnataka	True	0.0	0.0	0.0	0.0	0.0	0.3414634146341463	1.0	0.2857142857142857	1.0	0.5	1.0	STRONG	0.45
S1-697294833	S2-991665762	S2	Shiva Media Private Limited	शिवा मीडिया प्राइवेट लिमिटेड	818B, The Camellias, Golf Course Road, Sector 42, Gurgaon, Haryana, Galleria Dlf-Iv	818B, GALLERIA DLF-IV, GURGAON, Haryana	India	India	shiva media private limited		818b the camellias golf course road sector 42 gurgaon haryana galleria dlf iv	818b galleria dlf iv gurgaon haryana	True	0.0	0.0	0.0	0.0	0.0	0.5309734513274336	1.0	0.46153846153846156	1.0	0.5	1.0	STRONG	0.45
S1-823546667	S2-78487028	S2	Sunrise Infrastructure Pvt Ltd	સનરાઇઝ ઇન્ફ્રાસ્ટ્રક્ચર પ્રા. લિ.	P No 42, 1St Floor, Devchand, U M Road, Surat City, Surat, Gujarat	P NO 42, SURAT, SURAT CITY, Gujarat	India	India	sunrise infrastructure pvt ltd		p no 42 1st floor devchand u m road surat city surat gujarat	p no 42 surat surat city gujarat	True	0.0	0.0	0.0	0.0	0.0	0.673913043478261	1.0	0.5	1.0	0.5	1.0	STRONG	0.45
S1-366279397	S2-750964323	S2	Lakshmi Systems Private Limited	லட்சுமி சிஸ்டம்ஸ் பிரைவேட் லிமிடெட்	Old No.4/222, New No.14/118, Gangai Amman Koil Street, Periya Koluthuv, Ancherri, Iyyappanthangal, Chennai, Tamil Nadu	IYYAPPANTHANGAL, CHENNAI, OLD NO.4/222, தமிழ்நாடு	India	India	lakshmi systems private limited		old no 4 222 new no 14 118 gangai amman koil street periya koluthuv ancherri iyyappanthangal chennai tamil nadu	iyyappanthangal chennai old no 4 222	True	0.0	0.0	0.0	0.0	0.0	0.36734693877551017	1.0	0.3333333333333333	1.0	0.5	1.0	STRONG	0.45
S1-804663373	S2-271689113	S2	Universal Management Private Limited	யுனிவர்சல் மேனேஜ்மெண்ட் பிரைவேட் லிமிடெட்	100 Ft Bye Pass Road, Chennai, Chennai City Corporation, 127, Tamil Nadu	127, CHENNAI, CHENNAI CITY CORPORATION, Tamil Nadu	India	India	universal management private limited		100 ft bye pass road chennai chennai city corporation 127 tamil nadu	127 chennai chennai city corporation tamil nadu	True	0.0	0.0	0.0	0.0	0.0	0.782608695652174	1.0	0.5454545454545454	1.0	0.5	1.0	STRONG	0.45
S1-366279397	S2-888421864	S2	Lakshmi Systems Private Limited	லக்ஷ்மி சிஸ்டம்ஸ் பிரைவேட் லிமிடெட்	Old No.4/222, New No.14/118, Gangai Amman Koil Street, Periya Koluthuv, Ancherri, Iyyappanthangal, Chennai, Tamil Nadu	OLD NO.4/222, CHENNAI, IYYAPPANTHANGAL, Tamil Nadu	India	India	lakshmi systems private limited		old no 4 222 new no 14 118 gangai amman koil street periya koluthuv ancherri iyyappanthangal chennai tamil nadu	old no 4 222 chennai iyyappanthangal tamil nadu	True	0.0	0.0	0.0	0.0	0.0	0.5696202531645569	1.0	0.4444444444444444	1.0	0.5	1.0	STRONG	0.45
S1-20679780	S3-354586828	S3	Red Power LLP	ரெட் பவர் எல்எல்பி	No.47, 86Th Street, Kanniappa Nagar Ashok Nagar, Chennai, Tamil Nadu	#47, Chennai, தமிழ்நாடு	India	India	red power llp		no 47 86th street kanniappa nagar ashok nagar chennai tamil nadu	47 chennai	True	0.0	0.0	0.0	0.0	0.0	0.2702702702702703	1.0	0.2	1.0	0.5	1.0	STRONG	0.45
S1-326888389	S2-874419476	S2	Dream Consulting Private Limited	ડ્રીમ કન્સલ્ટિંગ પ્રાઇવેટ લિમિટેડ	Iskon Mall Office No-331, Nr Big Bazar 150 Ringroad, Rajkot, Gujarat	ISKON MALL OFFICE NO-331, RAJKOT, Gujarat	India	India	dream consulting private limited		iskon mall office no 331 nr big bazar 150 ringroad rajkot gujarat	iskon mall office no 331 rajkot gujarat	True	0.0	0.0	0.0	0.0	0.0	0.75	1.0	0.5833333333333334	1.0	0.5	1.0	STRONG	0.45
S1-184229550	S3-309100086	S3	High Hari Constructions Pvt Ltd	हाई हरि कंस्ट्रक्शंस प्रा. लि.	Office No. 325, Sector 17, Vardhaman Market, Thane, Maharashtra	Office No. 325, Thane, महाराष्ट्र	India	India	high hari constructions pvt ltd		office no 325 sector 17 vardhaman market thane maharashtra	office no 325 thane	True	0.0	0.0	0.0	0.0	0.0	0.49350649350649356	1.0	0.4444444444444444	1.0	0.5	1.0	STRONG	0.45
S1-45414958	S3-705745228	S3	Royal Agro Limited	रॉयल एग्रो लिमिटेड	A-2 Devli Road, Khan Pur, South Delhi, Delhi	Block G-904 A-2 Devli Road, South Delhi, Khan Pur, DL	India	India	royal agro limited		a 2 devli road khan pur south delhi delhi	block g 904 a 2 devli road south delhi khan pur dl	True	0.0	0.0	0.0	0.0	0.0	0.6373626373626373	1.0	0.6666666666666666	1.0	0.5	1.0	STRONG	0.45
S1-326888389	S2-884357873	S2	Dream Consulting Private Limited	ડ્રીમ કન્સલ્ટિંગ પ્રાઇવેટ લિમિટેડ	Iskon Mall Office No-331, Nr Big Bazar 150 Ringroad, Rajkot, Gujarat	ISKON MALL OFFICE NO-331, RAJKOT, ગુજરાત	India	India	dream consulting private limited		iskon mall office no 331 nr big bazar 150 ringroad rajkot gujarat	iskon mall office no 331 rajkot	True	0.0	0.0	0.0	0.0	0.0	0.6458333333333333	1.0	0.5	1.0	0.5	1.0	STRONG	0.45
S1-7040061	S2-983983663	S2	South Tech Private Limited	సౌత్ టెక్ ప్రైవేట్ లిమిటెడ్	Sy No. 172, Plot No. 2-56, Anantharam Village, Gummadidala Mandal, Sangareddy, Medak, Telangana	SANGAREDDY, MEDAK, Telangana, SY NO. 172	India	India	south tech private limited		sy no 172 plot no 2 56 anantharam village gummadidala mandal sangareddy medak telangana	sangareddy medak telangana sy no 172	True	0.0	0.0	0.0	0.0	0.0	0.4227642276422764	1.0	0.46153846153846156	1.0	0.3333333333333333	1.0	STRONG	0.45
S1-366329737	S2-23560385	S2	Silver Constructions LLP	सिल्वर कंस्ट्रक्शंस एलएलपी	101 Cts No, 917/18 F P No, Near British Library, Pune City, Pune, Maharashtra	#101 CTS NO, PUNE CITY, PUNE, Maharashtra	India	India	silver constructions llp		101 cts no 917 18 f p no near british library pune city pune maharashtra	101 cts no pune city pune maharashtra	True	0.0	0.0	0.0	0.0	0.0	0.6788990825688073	1.0	0.46153846153846156	1.0	0.3333333333333333	1.0	STRONG	0.45
S1-912508322	S2-276782865	S2	Shiv Technologies LLP	ಶಿವ್ ಟೆಕ್ನಾಲಜೀಸ್ ಎಲ್ಎಲ್‌ಪಿ	42, 16Th Cross, 8Th Main Road, Malleswaram, Bengaluru, Bangalore, Karnataka	Karnataka, BENGALURU, 42, BANGALORE	India	India	shiv technologies llp		42 16th cross 8th main road malleswaram bengaluru bangalore karnataka	karnataka bengaluru 42 bangalore	True	0.0	0.0	0.0	0.0	0.0	0.49504950495049505	1.0	0.4	1.0	0.3333333333333333	1.0	STRONG	0.45
S1-694979060	S3-43468098	S3	Raj One Technology Pvt Ltd	ਰਾਜ ਵਨ ਟੈਕਨਾਲੋਜੀ ਪ੍ਰਾ. ਲਿ.	C/O M/S Jindal Industries, Vill Alamgarh Abohar, Abohar, Firozpur, Punjab	C/o M/s Jindal Industries, Abohar, Firozpur, ਪੰਜਾਬ	India	India	raj one technology pvt ltd		c o m s jindal industries vill alamgarh abohar abohar firozpur punjab	c o m s jindal industries abohar firozpur	True	0.0	0.0	0.0	0.0	0.0	0.7454545454545455	1.0	0.7272727272727273	1.0	0.0	1.0	STRONG	0.45
S1-917085859	S2-869027552	S2	Shivam Systems LLP	शिवम सिस्टम्स एलएलपी	Palwal, 561, Housing Board Colony, Faridabad, Nakul Farm, Haryana, Hathin	हरियाणा, FARIDABAD, NAKUL FARM	India	India	shivam systems llp		palwal 561 housing board colony faridabad nakul farm haryana hathin	faridabad nakul farm	True	0.0	0.0	0.0	0.0	0.0	0.45977011494252873	1.0	0.3	1.0	0.0	1.0	STRONG	0.45
S1-898630961	S3-683805650	S3	Best Infra Limited	बेस्ट इंफ्रा लिमिटेड	Naman Centre, C-31, Bandra Kurla Complex, G-Block, Opp Dena Bank, Mumbai, Maharashtra	Naman Centre, Mumbai, महाराष्ट्र	India	India	best infra limited		naman centre c 31 bandra kurla complex g block opp dena bank mumbai maharashtra	naman centre mumbai	True	0.0	0.0	0.0	0.0	0.0	0.3877551020408163	1.0	0.21428571428571427	1.0	0.0	1.0	STRONG	0.45
S1-898630961	S2-484694083	S2	Best Infra Limited	बेस्ट इंफ्रा लिमिटेड	Naman Centre, C-31, Bandra Kurla Complex, G-Block, Opp Dena Bank, Mumbai, Maharashtra	NAMAN CENTRE, MUMBAI, Maharashtra	India	India	best infra limited		naman centre c 31 bandra kurla complex g block opp dena bank mumbai maharashtra	naman centre mumbai maharashtra	True	0.0	0.0	0.0	0.0	0.0	0.5636363636363637	1.0	0.2857142857142857	1.0	0.0	1.0	STRONG	0.45
S1-856667356	S2-442224793	S2	Laxmi Services Limited	ਲਕਸ਼ਮੀ ਸਰਵਿਸਿਜ਼ ਲਿਮਟਿਡ	W/O Balwinder Ram, Shop No. 5 Railway Road, Garhshankar, Hoshiarpur, Punjab	HOSHIARPUR, W/O BALWINDER RAM, HOSHIARPUR, Punjab	India	India	laxmi services limited		w o balwinder ram shop no 5 railway road garhshankar hoshiarpur punjab	hoshiarpur w o balwinder ram hoshiarpur punjab	True	0.0	0.0	0.0	0.0	0.0	0.603448275862069	1.0	0.5	1.0	0.0	1.0	STRONG	0.45
S1-367793476	S3-770171112	S3	Tech Constructions Private Limited	टेक कंस्ट्रक्शंस प्राइवेट लिमिटेड	The Capital, Executive Centre, 7 Th Floor, Plot C70, G Block, Bkc, Ba, Mumbai, Maharashtra	The Capital, Mumbai, Ba, महाराष्ट्र	India	India	tech constructions private limited		the capital executive centre 7 th floor plot c70 g block bkc ba mumbai maharashtra	the capital mumbai ba	True	0.0	0.0	0.0	0.0	0.0	0.38834951456310685	1.0	0.26666666666666666	1.0	0.0	1.0	STRONG	0.45
S1-285660164	S3-708196799	S3	Sunrise Dynamic Trading Private Limited	সানরাইজ ডায়নামিক ট্রেডিং প্রাইভেট লিমিটেড	38 Baroda Avenue, Garia, Kolkata, Parganas South, West Bengal	Baroda Avenue, Kolkata, পশ্চিমবঙ্গ	India	India	sunrise dynamic trading private limited		38 baroda avenue garia kolkata parganas south west bengal	baroda avenue kolkata	True	0.0	0.0	0.0	0.0	0.0	0.5384615384615384	1.0	0.3333333333333333	1.0	0.0	1.0	STRONG	0.45
S1-367793476	S2-253699557	S2	Tech Constructions Private Limited	टेक कंस्ट्रक्शंस प्राइवेट लिमिटेड	The Capital, Executive Centre, 7 Th Floor, Plot C70, G Block, Bkc, Ba, Mumbai, Maharashtra	THE CAPITAL, BA, MUMBAI, Maharashtra	India	India	tech constructions private limited		the capital executive centre 7 th floor plot c70 g block bkc ba mumbai maharashtra	the capital ba mumbai maharashtra	True	0.0	0.0	0.0	0.0	0.0	0.5739130434782609	1.0	0.3333333333333333	1.0	0.0	1.0	STRONG	0.45
S1-31205819	S2-673077177	S2	Tirupati Media Pvt Ltd	तिरुपति मीडिया प्रा. लि.	Zeelproperties Panchkutir, Pawarwadi A S Marg Powai, Mumbai, Maharashtra	ZEELPROPERTIES PANCHKUTIR, MUMBAI, महाराष्ट्र	India	India	tirupati media pvt ltd		zeelproperties panchkutir pawarwadi a s marg powai mumbai maharashtra	zeelproperties panchkutir mumbai	True	0.0	0.0	0.0	0.0	0.0	0.6336633663366337	1.0	0.3333333333333333	1.0	0.0	1.0	STRONG	0.45
S1-68456921	S2-154545552	S2	Dynamic Hospitality Private Limited	डायनामिक हॉस्पिटैलिटी प्राइवेट लिमिटेड	2Nd Floor, Trivedi Bhawan, Pghpl Group Campus, Opp. Western Gate A.N. College, Boring R, Oad, Patna, Bihar	FLOOR, PATNA, Bihar	India	India	dynamic hospitality private limited		2nd floor trivedi bhawan pghpl group campus opp western gate a n college boring r oad patna bihar	floor patna bihar	True	0.0	0.0	0.0	0.0	0.0	0.29824561403508776	1.0	0.16666666666666666	1.0	0.0	1.0	STRONG	0.45
S1-460136045	S2-983138087	S2	Lakshmi It Private Limited	ଲକ୍ଷ୍ମୀ ଆଇଟି ପ୍ରାଇଭେଟ୍ ଲିମିଟେଡ୍	Puri, Orissa, Puri, Station Road	STATION ROAD, PURI, ଓଡ଼ିଶା	India	India	lakshmi it private limited		puri orissa puri station road	station road puri	True	0.0	0.0	0.0	0.0	0.0	0.5217391304347826	1.0	0.75	1.0	0.0	1.0	STRONG	0.45
S1-34916446	S3-168863451	S3	Anand Hospitality Private Limited	आनंद हॉस्पिटैलिटी प्राइवेट लिमिटेड	Shop No. 8. Dheeraj Heritage Residency - 1, Linking Road Extn., Santacruz (West), Mumbai, Mumbai City, Maharashtra	Shop No. 6-8. Dheeraj Heritage Residency - 1, Mumbai, Mumbai City, महाराष्ट्र	India	India	anand hospitality private limited		shop no 8 dheeraj heritage residency 1 linking road extn santacruz west mumbai mumbai city maharashtra	shop no 6 8 dheeraj heritage residency 1 mumbai mumbai city	True	0.0	0.0	0.0	0.0	0.0	0.7080745341614907	0.9803921568627452	0.5625	0.9	0.6666666666666666	0.9803921568627452	STRONG	0.44117647058823534
S1-51101506	S2-292920646	S2	Krishna Media Pvt Ltd	കൃഷ്ണ മീഡിയ പ്രൈവറ്റ് ലിമിറ്റഡ്	House No. 8.64, Kva House Naduvattom - Karinkallthani Road Ayilakkad Po, Malappuram, Malappuram, Malapuram, Kerala	HOUSE NO. 7.64, MALAPURAM, MALAPPURAM, Kerala	India	India	krishna media pvt ltd		house no 8 64 kva house naduvattom karinkallthani road ayilakkad po malappuram malappuram malapuram kerala	house no 7 64 malapuram malappuram kerala	True	0.0	0.0	0.0	0.0	0.0	0.5442176870748299	0.975	0.42857142857142855	0.8571428571428571	0.3333333333333333	0.975	STRONG	0.43875
S1-535605149	S2-751164711	S2	Supreme Engineering LLP	सुप्रीम इंजीनियरिंग एलएलपी	Shop-04, Gut-41/2, Plot-3/A, 3/B, Pratham Park, Panvel, Raigarh(Mh), Maharashtra	SHOP-1-04, RAIGARH(MH), Maharashtra	India	India	supreme engineering llp		shop 04 gut 41 2 plot 3 a 3 b pratham park panvel raigarh mh maharashtra	shop 1 04 raigarh mh maharashtra	True	0.0	0.0	0.0	0.0	0.0	0.5769230769230769	0.967741935483871	0.3125	0.8333333333333334	0.2	0.967741935483871	STRONG	0.43548387096774194
S1-128347375	S3-507291376	S3	Anand Green Logistics Private Limited	आनंद ग्रीन लॉजिस्टिक्स प्राइवेट लिमिटेड	107 First Floor Plot No-6T.C, Jaina Tower -2 District Centre Janak New Delhi, Delhi, Jaina Tower -2 District Centre Janak New Delhi, Delhi, New Delhi, West Delhi, Delhi	107 First Floor Plot No-6t.c, West Delhi, DL	India	India	anand green logistics private limited		107 first floor plot no 6t c jaina tower 2 district centre janak new delhi delhi jaina tower 2 district centre janak new delhi delhi new delhi west delhi delhi	107 first floor plot no 6t c west delhi dl	True	0.0	0.0	0.0	0.0	0.0	0.417910447761194	0.9629629629629629	0.5294117647058824	0.9	0.6666666666666666	0.9629629629629629	STRONG	0.4333333333333333
S1-386654734	S3-508283569	S3	One Enterprises	వన్ ఎంటర్‌ప్రైజెస్	H.No 6-3-712/90-23, 2Nd Floor, Beside Agarwal Eye Hospital, Panjagutta, Hyderabad, Telangana	H.no 6-3-712/90-2, Hyderabad, తెలంగాణ	India	India	one enterprises		h no 6 3 712 90 23 2nd floor beside agarwal eye hospital panjagutta hyderabad telangana	h no 6 3 712 90 2 hyderabad	True	0.0	0.0	0.0	0.0	0.0	0.4736842105263158	0.9615384615384616	0.4117647058823529	0.875	0.8333333333333334	0.9615384615384616	STRONG	0.4326923076923077
S1-619314161	S3-928459352	S3	Real Investments Private Limited	रियल इन्वेस्टमेंट्स प्राइवेट लिमिटेड	8 Khasra No-914 Manas Nagar, Kanpur Road, Lucknow, Uttar Pradesh	8- Khasra No-914 Manas Nagar, Lucknow, UP	India	India	real investments private limited		8 khasra no 914 manas nagar kanpur road lucknow uttar pradesh	8 khasra no 914 manas nagar lucknow up	True	0.0	0.0	0.0	0.0	0.0	0.7676767676767677	0.9589041095890412	0.5833333333333334	0.875	1.0	0.9589041095890412	STRONG	0.43150684931506855
S1-619314161	S3-60551644	S3	Real Investments Private Limited	रियल इन्वेस्टमेंट्स प्राइवेट लिमिटेड	8 Khasra No-914 Manas Nagar, Kanpur Road, Lucknow, Uttar Pradesh	No 8- Khasra No-914 Manas Nagar, Lucknow, UP	India	India	real investments private limited		8 khasra no 914 manas nagar kanpur road lucknow uttar pradesh	no 8 khasra no 914 manas nagar lucknow up	True	0.0	0.0	0.0	0.0	0.0	0.7450980392156863	0.9589041095890412	0.5833333333333334	0.875	1.0	0.9589041095890412	STRONG	0.43150684931506855
S1-725482440	S2-656918430	S2	Guru International Private Limited	गुरु इंटरनेशनल प्राइवेट लिमिटेड	Plot No - D-13/5, 13/6 13/7 Ttc Indl Area Turbhe, Navi Mumbai, Thane, Maharashtra	THANE, PLOT 277 PLOT NO - D-13/5, Maharashtra, NAVI MUMBAI	India	India	guru international private limited		plot no d 13 5 13 6 13 7 ttc indl area turbhe navi mumbai thane maharashtra	thane plot 277 plot no d 13 5 maharashtra navi mumbai	True	0.0	0.0	0.0	0.0	0.0	0.5	0.9565217391304348	0.5625	0.9	0.4	0.9565217391304348	STRONG	0.43043478260869567
S1-725482440	S2-897894809	S2	Guru International Private Limited	गुरु इंटरनेशनल प्राइवेट लिमिटेड	Plot No - D-13/5, 13/6 13/7 Ttc Indl Area Turbhe, Navi Mumbai, Thane, Maharashtra	PLOT 277 PLOT NO - D-13/5, THANE, NAVI MUMBAI, Maharashtra	India	India	guru international private limited		plot no d 13 5 13 6 13 7 ttc indl area turbhe navi mumbai thane maharashtra	plot 277 plot no d 13 5 thane navi mumbai maharashtra	True	0.0	0.0	0.0	0.0	0.0	0.65625	0.9565217391304348	0.5625	0.9	0.4	0.9565217391304348	STRONG	0.43043478260869567
S1-869118709	S3-73084608	S3	Southern Healthcare Private Limited	सदर्न हेल्थकेयर प्राइवेट लिमिटेड	D-10 Empire Residency Nea, R Agarwal Public School, Indore, Madhya Pradesh	D-10 Empire Residency Nea, Indore, MP	India	India	southern healthcare private limited		d 10 empire residency nea r agarwal public school indore madhya pradesh	d 10 empire residency nea indore mp	True	0.0	0.0	0.0	0.0	0.0	0.6603773584905661	0.955223880597015	0.46153846153846156	0.8571428571428571	1.0	0.955223880597015	STRONG	0.42985074626865677
S1-858511549	S3-923282919	S3	Swastik Logistics Private Limited	స్వస్తిక్ లాజిస్టిక్స్ ప్రైవేట్ లిమిటెడ్	Sy No. 33/1, D No. 2-54/4, Vanasthali Hills, Thattiannaram, Pedamberpet, Hayathnagar, Hyderabad, Telangana	Sy No. 33/1, Hyderabad, Hayathnagar, TG	India	India	swastik logistics private limited		sy no 33 1 d no 2 54 4 vanasthali hills thattiannaram pedamberpet hayathnagar hyderabad telangana	sy no 33 1 hyderabad hayathnagar tg	True	0.0	0.0	0.0	0.0	0.0	0.4545454545454546	0.955223880597015	0.375	0.8571428571428571	0.4	0.955223880597015	STRONG	0.42985074626865677
S1-216511119	S3-47618118	S3	Surya Energy Private Limited	सूर्या एनर्जी प्राइवेट लिमिटेड	Nagar Jaipur, Hans Marg, C-252-A, Malviya Nagar, Rajasthan	C-252-a, Hans Marg, Malviya Nagar, RJ	India	India	surya energy private limited		nagar jaipur hans marg c 252 a malviya nagar rajasthan	c 252 a hans marg malviya nagar rj	True	0.0	0.0	0.0	0.0	0.0	0.6590909090909092	0.9538461538461539	0.7	0.875	1.0	0.9538461538461539	STRONG	0.42923076923076925
S1-795631320	S3-150741082	S3	Smart Trading Private Limited	ಸ್ಮಾರ್ಟ್ ಟ್ರೇಡಿಂಗ್ ಪ್ರೈವೇಟ್ ಲಿಮಿಟೆಡ್	Flat No-1/22, Vijaya Enclave Nb, Bangalore South, Bangalore, Karnataka	KA, Flat No-1/22, Bangalore, Bangalore South	India	India	smart trading private limited		flat no 1 22 vijaya enclave nb bangalore south bangalore karnataka	ka flat no 1 22 bangalore bangalore south	True	0.0	0.0	0.0	0.0	0.0	0.6355140186915889	0.9491525423728814	0.5454545454545454	0.8571428571428571	1.0	0.9491525423728814	STRONG	0.42711864406779665
S1-98579303	S3-690119410	S3	Indian Technologies	ইন্ডিয়ান টেকনোলজিস	Flat 19/1/16, Nabin Chandra Das Road, Kolkata, Kolkata, Howrah, West Bengal	Flat 19/1/16, Howrah, Kolkata, WB	India	India	indian technologies		flat 19 1 16 nabin chandra das road kolkata kolkata howrah west bengal	flat 19 1 16 howrah kolkata wb	True	0.0	0.0	0.0	0.0	0.0	0.54	0.9473684210526315	0.46153846153846156	0.8571428571428571	1.0	0.9473684210526315	STRONG	0.4263157894736842
S1-7040061	S3-514292379	S3	South Tech Private Limited	సౌత్ టెక్ ప్రైవేట్ లిమిటెడ్	Sy No. 172, Plot No. 2-56, Anantharam Village, Gummadidala Mandal, Sangareddy, Medak, Telangana	Medak, TG, Sy No. 172, Sangareddy	India	India	south tech private limited		sy no 172 plot no 2 56 anantharam village gummadidala mandal sangareddy medak telangana	medak tg sy no 172 sangareddy	True	0.0	0.0	0.0	0.0	0.0	0.3448275862068966	0.9454545454545454	0.35714285714285715	0.8333333333333334	0.3333333333333333	0.9454545454545454	STRONG	0.4254545454545455
S1-126927804	S2-434788498	S2	Future Healthcare Pvt Ltd	फ्यूचर हेल्थकेयर प्रा. लि.	Unit No. 14, Krishna Commercial Centre, 6, Udyog Nagar, Near Kamat Club, Goregaon, (West), Mumbai, Maharashtra	UNIT NO. 14, N/A, (WEST), MUMBAI, Maharashtra	India	India	future healthcare pvt ltd		unit no 14 krishna commercial centre 6 udyog nagar near kamat club goregaon west mumbai maharashtra	unit no 14 n a west mumbai maharashtra	True	0.0	0.0	0.0	0.0	0.0	0.5547445255474452	0.9444444444444444	0.3333333333333333	0.75	0.5	0.9444444444444444	STRONG	0.425
S1-91085118	S2-147057908	S2	Eastern Trading Private Limited	ईस्टर्न ट्रेडिंग प्राइवेट लिमिटेड	Flat No. 204, Building 47, Sector 54/56/58 Seawood, Thane, Maharashtra	FLAT NO. 04, THANE, Maharashtra	India	India	eastern trading private limited		flat no 204 building 47 sector 54 56 58 seawood thane maharashtra	flat no 04 thane maharashtra	True	0.0	0.0	0.0	0.0	0.0	0.6021505376344086	0.9433962264150944	0.3076923076923077	0.8	0.0	0.9433962264150944	STRONG	0.42452830188679247
S1-511355563	S3-995810011	S3	Hotel Technologies Private Limited	होटल टेक्नोलॉजीज प्राइवेट लिमिटेड	Pune, Flat No. A5 506, Genesis, Sr. No. 123/1/2 And 123/1/3, Maharashtra, Pune	Sr. No. 123/1/2 And 123/1/3, Pune, MH	India	India	hotel technologies private limited		pune flat no a5 506 genesis sr no 123 1 2 and 123 1 3 maharashtra pune	sr no 123 1 2 and 123 1 3 pune mh	True	0.0	0.0	0.0	0.0	0.0	0.5825242718446602	0.9411764705882354	0.5714285714285714	0.8888888888888888	0.6666666666666666	0.9411764705882354	STRONG	0.42352941176470593
S1-430842276	S2-965662594	S2	North Solutions Private Limited	नॉर्थ सॉल्यूशंस प्राइवेट लिमिटेड	Plot No. 18 Bhaisaura, Gomti Nagar Extension, Lucknow, Uttar Pradesh	DOOR NO 18 BHAISAURA, LUCKNOW, Uttar Pradesh	India	India	north solutions private limited		plot no 18 bhaisaura gomti nagar extension lucknow uttar pradesh	door no 18 bhaisaura lucknow uttar pradesh	True	0.0	0.0	0.0	0.0	0.0	0.7358490566037736	0.9367088607594937	0.5454545454545454	0.8571428571428571	1.0	0.9367088607594937	STRONG	0.4215189873417722
S1-648894561	S3-809239143	S3	Supreme Consultants Private Limited	सुप्रीम कंसल्टेंट्स प्राइवेट लिमिटेड	236 & 237, The Galleria Dlf, Second Floor, Mayur Vihar Ext-1, Noida Link Road, New Delhi, East Delhi, Delhi	236 & 237, New Delhi, East Delhi, DL	India	India	supreme consultants private limited		236 237 the galleria dlf second floor mayur vihar ext 1 noida link road new delhi east delhi delhi	236 237 new delhi east delhi dl	True	0.0	0.0	0.0	0.0	0.0	0.4806201550387597	0.9361702127659575	0.2777777777777778	0.8333333333333334	0.6666666666666666	0.9361702127659575	STRONG	0.42127659574468085
S1-417074218	S3-387274034	S3	One Constructions Private Limited	वन कंस्ट्रक्शंस प्राइवेट लिमिटेड	130, Zahoor Garden, Khaggu Sarai, Sambhal, Moradabad, Uttar Pradesh	130, Moradabad, Sambhal, UP	India	India	one constructions private limited		130 zahoor garden khaggu sarai sambhal moradabad uttar pradesh	130 moradabad sambhal up	True	0.0	0.0	0.0	0.0	0.0	0.48837209302325574	0.9333333333333332	0.3	0.75	1.0	0.9333333333333332	STRONG	0.42
S1-909955989	S2-685701568	S2	New Consultancy LLP	न्यू कंसल्टेंसी एलएलपी	Shop No. 17, Gopal Arcade Poll No. Z-27Ext, Jabalpur, Madhya Pradesh	H.NO 17, JABALPUR, मध्य प्रदेश	India	India	new consultancy llp		shop no 17 gopal arcade poll no z 27ext jabalpur madhya pradesh	h no 17 jabalpur	True	0.0	0.0	0.0	0.0	0.0	0.40506329113924056	0.9333333333333332	0.25	0.75	0.5	0.9333333333333332	STRONG	0.42
S1-476024246	S3-309211196	S3	Big Ventures Private Limited	બિગ વેન્ચર્સ પ્રાઇવેટ લિમિટેડ	Sir Mount, Near Vasupujya Bunglows, S.G. Road, Satelite, Ahmedabad, 5Th Fl. 501, Ahmedabad, Gujarat	5Th Fl. 501, Ahmedabad, GJ	India	India	big ventures private limited		sir mount near vasupujya bunglows s g road satelite ahmedabad 5th fl 501 ahmedabad gujarat	5th fl 501 ahmedabad gj	True	0.0	0.0	0.0	0.0	0.0	0.4070796460176991	0.9302325581395349	0.26666666666666666	0.8	1.0	0.9302325581395349	STRONG	0.4186046511627907
S1-271585788	S3-219339349	S3	Tirupati Power	तिरुपति पावर	West Delhi, Wz-2D, New Delhi, Nangli Zalib B-1 Janak Puri, Delhi	Wz-2d, West Delhi, DL, New Delhi	India	India	tirupati power		west delhi wz 2d new delhi nangli zalib b 1 janak puri delhi	wz 2d west delhi dl new delhi	True	0.0	0.0	0.0	0.0	0.0	0.5168539325842696	0.9302325581395349	0.4166666666666667	0.8333333333333334	0.5	0.9302325581395349	STRONG	0.4186046511627907
S1-91085118	S2-581064933	S2	Eastern Trading Private Limited	ईस्टर्न ट्रेडिंग प्राइवेट लिमिटेड	Flat No. 204, Building 47, Sector 54/56/58 Seawood, Thane, Maharashtra	THANE, Maharashtra, NO 04, THANE	India	India	eastern trading private limited		flat no 204 building 47 sector 54 56 58 seawood thane maharashtra	thane maharashtra no 04 thane	True	0.0	0.0	0.0	0.0	0.0	0.36170212765957444	0.9302325581395349	0.23076923076923078	0.75	0.0	0.9302325581395349	STRONG	0.4186046511627907
S1-927838010	S3-565425985	S3	City Global Private Limited	సిటీ గ్లోబల్ ప్రైవేట్ లిమిటెడ్	6-6-427/3/4 Gandhi Nagar, Secunderabad, Hyderabad, Telangana	Hyderabad, Secunderabad, 6-427/3/4 Gandhi Nagra, తెలంగాణ	India	India	city global private limited		6 6 427 3 4 gandhi nagar secunderabad hyderabad telangana	hyderabad secunderabad 6 427 3 4 gandhi nagra	True	0.0	0.0	0.0	0.0	0.0	0.4509803921568627	0.9285714285714286	0.7	0.875	1.0	0.9285714285714286	STRONG	0.41785714285714287
S1-891130183	S3-582732774	S3	Bright Media Pvt Ltd	ब्राइट मीडिया प्रा. लि.	House-045, Baraipatti Baban Rai'S, Gopalganj, Bihar	House-045, Gopalganj, BR	India	India	bright media pvt ltd		house 045 baraipatti baban rai s gopalganj bihar	house 045 gopalganj br	True	0.0	0.0	0.0	0.0	0.0	0.6285714285714286	0.926829268292683	0.3333333333333333	0.75	1.0	0.926829268292683	STRONG	0.41707317073170735
S1-97581850	S3-60652506	S3	Green Exports Private Limited	ग्रीन एक्सपोर्ट्स प्राइवेट लिमिटेड	B-3, B-71C, Janakpuri, New Delhi, West Delhi, Delhi	B-##3, New Delhi, West Delhi, DL	India	India	green exports private limited		b 3 b 71c janakpuri new delhi west delhi delhi	b 3 new delhi west delhi dl	True	0.0	0.0	0.0	0.0	0.0	0.7397260273972602	0.923076923076923	0.625	0.8333333333333334	0.5	0.923076923076923	STRONG	0.41538461538461535
S1-460136045	S3-24612219	S3	Lakshmi It Private Limited	ଲକ୍ଷ୍ମୀ ଆଇଟି ପ୍ରାଇଭେଟ୍ ଲିମିଟେଡ୍	Puri, Orissa, Puri, Station Road	Station Road, Puri, OD	India	India	lakshmi it private limited		puri orissa puri station road	station road puri od	True	0.0	0.0	0.0	0.0	0.0	0.4897959183673469	0.9189189189189189	0.6	0.75	0.0	0.9189189189189189	STRONG	0.4135135135135135
S1-216181354	S3-685337179	S3	United Consultants Private Limited	यूनाइटेड कंसल्टेंट्स प्राइवेट लिमिटेड	1/522A, Survey No 52, Rajput Associates, Kolkhe, Panvel, Raigarh(Mh), Maharashtra	001/522A, Panvel, Raigarh(mh), MH	India	India	united consultants private limited		1 522a survey no 52 rajput associates kolkhe panvel raigarh mh maharashtra	001 522a panvel raigarh mh mh	True	0.0	0.0	0.0	0.0	0.0	0.5242718446601942	0.9166666666666667	0.3076923076923077	0.8	0.25	0.9166666666666667	STRONG	0.41250000000000003
S1-376656562	S3-92189114	S3	Vijay Care Private Limited	വിജയ് കെയർ പ്രൈവറ്റ് ലിമിറ്റഡ്	1497/16, Eacharath H Mannuthy P.O., Thrissur, Kerala	1497/16, Thrissur, KL	India	India	vijay care private limited		1497 16 eacharath h mannuthy p o thrissur kerala	1497 16 thrissur kl	True	0.0	0.0	0.0	0.0	0.0	0.5671641791044777	0.9142857142857143	0.3	0.75	1.0	0.9142857142857143	STRONG	0.4114285714285714
S1-908551239	S2-788299668	S2	Sun Solutions Private Limited	सन सॉल्यूशंस प्राइवेट लिमिटेड	F No. 403, Sudha Nill Aptt, New P P Colony, Patliputra, Patna, Bihar	PATNA, F NO. 40, PATNA, Bihar	India	India	sun solutions private limited		f no 403 sudha nill aptt new p p colony patliputra patna bihar	patna f no 40 patna bihar	True	0.0	0.0	0.0	0.0	0.0	0.4367816091954023	0.9142857142857143	0.3076923076923077	0.8	0.0	0.9142857142857143	STRONG	0.4114285714285714
S1-908551239	S2-225415982	S2	Sun Solutions Private Limited	सन सॉल्यूशंस प्राइवेट लिमिटेड	F No. 403, Sudha Nill Aptt, New P P Colony, Patliputra, Patna, Bihar	F NO. 40, PATNA, Bihar	India	India	sun solutions private limited		f no 403 sudha nill aptt new p p colony patliputra patna bihar	f no 40 patna bihar	True	0.0	0.0	0.0	0.0	0.0	0.4691358024691358	0.9142857142857143	0.3076923076923077	0.8	0.0	0.9142857142857143	STRONG	0.4114285714285714
S1-169108778	S2-650989582	S2	Smart Industries Private Limited	स्मार्ट इंडस्ट्रीज प्राइवेट लिमिटेड	Delhi, South Delhi, New Delhi, Omaxe, Square, Plot No.14, Jasola District Center, Unit No. Ff-48A	UNIT NO. FF-048A, SOUTH DELHI, NEW DELHI, Delhi	India	India	smart industries private limited		delhi south delhi new delhi omaxe square plot no 14 jasola district center unit no ff 48a	unit no ff 048a south delhi new delhi delhi	True	0.0	0.0	0.0	0.0	0.0	0.40909090909090906	0.912280701754386	0.4	0.8571428571428571	0.0	0.912280701754386	STRONG	0.41052631578947374
S1-84172548	S3-632715238	S3	Prime Food Private Limited	ಪ್ರೈಮ್ ಫುಡ್ ಪ್ರೈವೇಟ್ ಲಿಮಿಟೆಡ್	No. 14, 13Th Cross, Gante S Gopal Building Opposite To Kandhya Bhavan, Cubbonpet, Bangalore, Karnataka	No. ##14, Bangalore, KA	India	India	prime food private limited		no 14 13th cross gante s gopal building opposite to kandhya bhavan cubbonpet bangalore karnataka	no 14 bangalore ka	True	0.0	0.0	0.0	0.0	0.0	0.3157894736842105	0.9090909090909091	0.1875	0.75	0.5	0.9090909090909091	STRONG	0.40909090909090906
S1-399029451	S3-900851502	S3	Global Builders Private Limited	ग्लोबल बिल्डर्स प्राइवेट लिमिटेड	4805/24 Fourth Floor Pvt-2, 24.Bharat Ram Road Darya Ganj, Delhi, Central Delhi, Delhi	805/24 Fourth Floor Pvt-2, Central Delhi, Delhi, DL	India	India	global builders private limited		4805 24 fourth floor pvt 2 24 bharat ram road darya ganj delhi central delhi delhi	805 24 fourth floor pvt 2 central delhi delhi dl	True	0.0	0.0	0.0	0.0	0.0	0.6923076923076923	0.9090909090909091	0.4666666666666667	0.7777777777777778	0.5	0.9090909090909091	STRONG	0.40909090909090906
S1-898630961	S2-503875679	S2	Best Infra Limited	बेस्ट इंफ्रा लिमिटेड	Naman Centre, C-31, Bandra Kurla Complex, G-Block, Opp Dena Bank, Mumbai, Maharashtra	NAAN CENTRE, MUMBAI, Maharashtra	India	India	best infra limited		naman centre c 31 bandra kurla complex g block opp dena bank mumbai maharashtra	naan centre mumbai maharashtra	True	0.0	0.0	0.0	0.0	0.0	0.5504587155963303	0.9090909090909091	0.2	0.75	0.0	0.9090909090909091	STRONG	0.40909090909090906
S1-898279595	S3-9435354	S3	Star Enterprises Pvt Ltd	स्टार एंटरप्राइजेज प्रा. लि.	North Delhi, Delhi, 26, Prem Niwas Malkaganj Road, Delhi	26, Delhi, North Delhi, DL	India	India	star enterprises pvt ltd		north delhi delhi 26 prem niwas malkaganj road delhi	26 delhi north delhi dl	True	0.0	0.0	0.0	0.0	0.0	0.4	0.903225806451613	0.375	0.75	1.0	0.903225806451613	STRONG	0.40645161290322585
S1-795631320	S2-526762534	S2	Smart Trading Private Limited	ಸ್ಮಾರ್ಟ್ ಟ್ರೇಡಿಂಗ್ ಪ್ರೈವೇಟ್ ಲಿಮಿಟೆಡ್	Flat No-1/22, Vijaya Enclave Nb, Bangalore South, Bangalore, Karnataka	FDAT NO-1/22, BANGALORE SOUTH, BANGALORE, ಕರ್ನಾಟಕ	India	India	smart trading private limited		flat no 1 22 vijaya enclave nb bangalore south bangalore karnataka	fdat no 1 22 bangalore south bangalore	True	0.0	0.0	0.0	0.0	0.0	0.7115384615384616	0.9019607843137254	0.45454545454545453	0.8333333333333334	1.0	0.9019607843137254	STRONG	0.4058823529411764
S1-666876590	S2-975207252	S2	Ss Systems Limited	एसएस सिस्टम्स लिमिटेड	A-1, Malad (West), Mumbai, Maharashtra, 401, Rahul Apartment, Marve Road	A-3, 401, RAHUL APARTMENT, MARVE ROAD, MUMBAI SUBURBAN, MALAD (WEST), महाराष्ट्र	India	India	ss systems limited		a 1 malad west mumbai maharashtra 401 rahul apartment marve road	a 3 401 rahul apartment marve road mumbai suburban malad west	True	0.0	0.0	0.0	0.0	0.0	0.528	0.9009009009009009	0.6923076923076923	0.8181818181818182	0.3333333333333333	0.9009009009009009	STRONG	0.40540540540540543
S1-549086594	S2-808013831	S2	Sun Marketing Private Limited	सन मार्केटिंग प्राइवेट लिमिटेड	D- 8, Gf, Pandav Nagar, East Delhi, Delhi	Delhi, NEW DELHI, D- 08, GF, PANDAV NAGAR	India	India	sun marketing private limited		d 8 gf pandav nagar east delhi delhi	delhi new delhi d 08 gf pandav nagar	True	0.0	0.0	0.0	0.0	0.0	0.5277777777777778	0.9	0.5555555555555556	0.7142857142857143	0.0	0.9	STRONG	0.405
S1-126920508	S3-812655890	S3	Hotel Shiva Tech Private Limited	होटल शिवा टेक प्राइवेट लिमिटेड	Bihar, Patna, 212, Ashiana Tower, Exhibition Road, Phulwari	2-12, Patna, BR, Ashiana Tower, Exhibition Road	India	India	hotel shiva tech private limited		bihar patna 212 ashiana tower exhibition road phulwari	2 12 patna br ashiana tower exhibition road	True	0.0	0.0	0.0	0.0	0.0	0.7628865979381443	0.8974358974358974	0.45454545454545453	0.625	0.0	0.8974358974358974	STRONG	0.4038461538461538
S1-621761582	S3-770029994	S3	Dynamic Properties Pvt Ltd	డైనమిక్ ప్రాపర్టీస్ ప్రైవేట్ లిమిటెడ్	39-17-48/1, Main Road, Near 48 Busstop, Visakhapatnam (Urban), Visakhapatnam, Vishakhapatnam, Andhra Pradesh	39-17-48/1, Vizag, Vishakhapatnam, ఆంధ్రప్రదేశ్	India	India	dynamic properties pvt ltd		39 17 48 1 main road near 48 busstop visakhapatnam urban visakhapatnam vishakhapatnam andhra pradesh	39 17 48 1 vizag vishakhapatnam	True	0.0	0.0	0.0	0.0	0.0	0.4427480916030534	0.8928571428571429	0.35714285714285715	0.8333333333333334	1.0	0.8928571428571429	STRONG	0.4017857142857143
S1-622515318	S2-594570108	S2	City Food Private Limited	సిటీ ఫుడ్ ప్రైవేట్ లిమిటెడ్	Telangana, K.V.Rangareddy, Serilingampally, Fno B 305 3Rd Floor, Ramky One Kosmos	FNO B 3-05 3RD FLOOR, SERILINGAMPALLY, null, Telangana	India	India	city food private limited		telangana k v rangareddy serilingampally fno b 305 3rd floor ramky one kosmos	fno b 3 05 3rd floor serilingampally null telangana	True	0.0	0.0	0.0	0.0	0.0	0.4375	0.8913043478260869	0.375	0.6666666666666666	0.3333333333333333	0.8913043478260869	STRONG	0.40108695652173915
S1-238331147	S2-667940175	S2	Sree It Limited	श्री आईटी लिमिटेड	Plot No 21, Office No.101-106, First Floor, Block-G, Vardhman Chamber-Ii, Community Centre, Vikaspuri, New Delhi, West Delhi, Delhi	DOOR NO 21, NEW DELHI, WEST DELHI, Delhi	India	India	sree it limited		plot no 21 office no 101 106 first floor block g vardhman chamber ii community centre vikaspuri new delhi west delhi delhi	door no 21 new delhi west delhi delhi	True	0.0	0.0	0.0	0.0	0.0	0.4276729559748428	0.8888888888888888	0.25	0.8333333333333334	0.3333333333333333	0.8888888888888888	STRONG	0.39999999999999997
S1-974370004	S2-967465960	S2	Smart Builders Private Limited	स्मार्ट बिल्डर्स प्राइवेट लिमिटेड	Faridabad, 122, Haryana, Navloo Colony, Gali No. 1, Near Ballabgarh Metro Station, Faridabad	H.NO 141 122, FARIDABAD, Haryana	India	India	smart builders private limited		faridabad 122 haryana navloo colony gali no 1 near ballabgarh metro station faridabad	h no 141 122 faridabad haryana	True	0.0	0.0	0.0	0.0	0.0	0.31304347826086953	0.8888888888888888	0.2857142857142857	0.6666666666666666	0.3333333333333333	0.8888888888888888	STRONG	0.39999999999999997
S1-277014552	S3-448296506	S3	Tech Consulting Private Limited	टेक कंसल्टिंग प्राइवेट लिमिटेड	Pl No. 1, Fl No. 2, Priyanka Kunj Co-Op Hsg. Soc., Kothrud, Pune, Sr. No. 5, Pune, Maharashtra	Sr. No. 5, Pune, MH	India	India	tech consulting private limited		pl no 1 fl no 2 priyanka kunj co op hsg soc kothrud pune sr no 5 pune maharashtra	sr no 5 pune mh	True	0.0	0.0	0.0	0.0	0.0	0.3125	0.8888888888888888	0.23529411764705882	0.8	0.3333333333333333	0.8888888888888888	STRONG	0.39999999999999997
S1-824076722	S2-80041004	S2	Al Enterprises Pvt Ltd	अल एंटरप्राइजेज प्रा. लि.	Office No-201, 2Nd Floor, Global Square, Cts No-1505, S.No-247, Yerwada, Pune City, Pune, Maharashtra	OFFIFE NO-201, PUNE CITY, PUNE, Maharashtra	India	India	al enterprises pvt ltd		office no 201 2nd floor global square cts no 1505 s no 247 yerwada pune city pune maharashtra	offife no 201 pune city pune maharashtra	True	0.0	0.0	0.0	0.0	0.0	0.5864661654135339	0.8888888888888888	0.3125	0.8333333333333334	0.25	0.8888888888888888	STRONG	0.39999999999999997
S1-189831319	S2-833352658	S2	Jai Foods Private Limited	जय फूड्स प्राइवेट लिमिटेड	Netawar, Post - Belaon, Siwan, Siwan, Bihar	NETAWAR, SIWAN, NULL, Bihar	India	India	jai foods private limited		netawar post belaon siwan siwan bihar	netawar siwan null bihar	True	0.0	0.0	0.0	0.0	0.0	0.6885245901639344	0.8837209302325582	0.5	0.75	0.0	0.8837209302325582	STRONG	0.3976744186046512
S1-580992307	S3-938870340	S3	Creative Baba It Private Limited	क्रिएटिव बाबा आईटी प्राइवेट लिमिटेड	D220, S/Floor Defence Colony, New Delhi, South Delhi, Delhi	D20, S/floor Defence Colony, Dadri, Distt G. B. Nagar, South Delhi, दिल्ली	India	India	creative baba it private limited		d220 s floor defence colony new delhi south delhi delhi	d20 s floor defence colony dadri distt g b nagar south delhi	True	0.0	0.0	0.0	0.0	0.0	0.7304347826086957	0.8831168831168832	0.42857142857142855	0.75	0.0	0.8831168831168832	STRONG	0.3974025974025974
S1-387694500	S3-9126403	S3	Bombay Power Private Limited	ಬಾಂಬೆ ಪವರ್ ಪ್ರೈವೇಟ್ ಲಿಮಿಟೆಡ್	No: 32/2, 2Nd Floor, Mcc Towers, Opp To Sigma Soft Tech Park, Whitefield Main Road, Ramagon, Danahalli, Bangalore, Karnataka	No: 6-32/2, Bangalore, KA	India	India	bombay power private limited		no 32 2 2nd floor mcc towers opp to sigma soft tech park whitefield main road ramagon danahalli bangalore karnataka	no 6 32 2 bangalore ka	True	0.0	0.0	0.0	0.0	0.0	0.291970802919708	0.8717948717948718	0.18181818181818182	0.6666666666666666	0.6666666666666666	0.8717948717948718	STRONG	0.3923076923076923
S1-609062608	S2-832976130	S2	Surya Investment	ಸೂರ್ಯ ಇನ್ವೆಸ್ಟ್‌ಮೆಂಟ್	No. B-1803, 18Th Floor Ebony Block, Salarpuria Sattva Greenage, Bengaluru, Bangalore, Karnataka	PLOT 906 NO. B-1803, BANGALORE, Karnataka	India	India	surya investment		no b 1803 18th floor ebony block salarpuria sattva greenage bengaluru bangalore karnataka	plot 906 no b 1803 bangalore karnataka	True	0.0	0.0	0.0	0.0	0.0	0.45669291338582674	0.8656716417910448	0.3333333333333333	0.7142857142857143	0.3333333333333333	0.8656716417910448	STRONG	0.3895522388059702
S1-292649689	S2-581839464	S2	Global Services Private Limited	গ্লোবাল সার্ভিসেস প্রাইভেট লিমিটেড	2-Floor, 2/D Panditya Road, Kolkata, Kolkata, Howrah, West Bengal	H.NO 411 2-FLOOR, 2/D PANDITYA ROAD, KOLKATA, CALCUTTA, HOWRAH, পশ্চিমবঙ্গ	India	India	global services private limited		2 floor 2 d panditya road kolkata kolkata howrah west bengal	h no 411 2 floor 2 d panditya road kolkata calcutta howrah	True	0.0	0.0	0.0	0.0	0.0	0.7457627118644068	0.8636363636363636	0.5384615384615384	0.7777777777777778	0.5	0.8636363636363636	STRONG	0.38863636363636367
S1-292649689	S3-110738950	S3	Global Services Private Limited	গ্লোবাল সার্ভিসেস প্রাইভেট লিমিটেড	2-Floor, 2/D Panditya Road, Kolkata, Kolkata, Howrah, West Bengal	2-Floor., Howrah, N/A, WB, Kolkata	India	India	global services private limited		2 floor 2 d panditya road kolkata kolkata howrah west bengal	2 floor howrah n a wb kolkata	True	0.0	0.0	0.0	0.0	0.0	0.4719101123595506	0.8627450980392157	0.3333333333333333	0.5714285714285714	1.0	0.8627450980392157	STRONG	0.38823529411764707
S1-292649689	S3-182160243	S3	Global Services Private Limited	গ্লোবাল সার্ভিসেস প্রাইভেট লিমিটেড	2-Floor, 2/D Panditya Road, Kolkata, Kolkata, Howrah, West Bengal	2-Floor., N/A, Howrah, Kolkata, WB	India	India	global services private limited		2 floor 2 d panditya road kolkata kolkata howrah west bengal	2 floor n a howrah kolkata wb	True	0.0	0.0	0.0	0.0	0.0	0.5617977528089888	0.8627450980392157	0.3333333333333333	0.5714285714285714	1.0	0.8627450980392157	STRONG	0.38823529411764707
S1-96384915	S3-62224210	S3	Urban Agro LLP	अर्बन एग्रो एलएलपी	C/O Shree Chand, Vill Maithna Inder Singh, Meerut, Uttar Pradesh	C/o Shree Chand, Meerut, UP, Meerut, N/A	India	India	urban agro llp		c o shree chand vill maithna inder singh meerut uttar pradesh	c o shree chand meerut up meerut n a	True	0.0	0.0	0.0	0.0	0.0	0.6185567010309279	0.8627450980392157	0.35714285714285715	0.625	0.0	0.8627450980392157	STRONG	0.38823529411764707
S1-359497386	S3-828181965	S3	Shakti Global	శక్తి గ్లోబల్	2-40-314/C Ambedkar Nagar, Balamrai, Gymkhana, Hyderabad, Telangana	TG, Hyderabad, Ambedkar Nagar, NULL	India	India	shakti global		2 40 314 c ambedkar nagar balamrai gymkhana hyderabad telangana	tg hyderabad ambedkar nagar null	True	0.0	0.0	0.0	0.0	0.0	0.4	0.8571428571428571	0.25	0.6	0.0	0.8571428571428571	STRONG	0.3857142857142857
S1-359497386	S3-347606257	S3	Shakti Global	శక్తి గ్లోబల్	2-40-314/C Ambedkar Nagar, Balamrai, Gymkhana, Hyderabad, Telangana	Ambedkar Nagar, NULL, Hyderabad, TG	India	India	shakti global		2 40 314 c ambedkar nagar balamrai gymkhana hyderabad telangana	ambedkar nagar null hyderabad tg	True	0.0	0.0	0.0	0.0	0.0	0.6105263157894737	0.8571428571428571	0.25	0.6	0.0	0.8571428571428571	STRONG	0.3857142857142857
S1-580992307	S2-609372791	S2	Creative Baba It Private Limited	क्रिएटिव बाबा आईटी प्राइवेट लिमिटेड	D220, S/Floor Defence Colony, New Delhi, South Delhi, Delhi	HN 638 D220, NEW DELHI, SOUTH DELHI, दिल्ली	India	India	creative baba it private limited		d220 s floor defence colony new delhi south delhi delhi	hn 638 d220 new delhi south delhi	True	0.0	0.0	0.0	0.0	0.0	0.5909090909090908	0.851063829787234	0.4	0.6666666666666666	0.5	0.851063829787234	STRONG	0.3829787234042553
S1-305403960	S2-771841018	S2	Urban Food Private Limited	अर्बन फूड प्राइवेट लिमिटेड	5 East Avas Vikas Colony, Betiahata, Gorakhpur, Uttar Pradesh	5 EAST AVAS VIKAS COLONY, BETIAHATA, CIVIL LINES, उत्तर प्रदेश	India	India	urban food private limited		5 east avas vikas colony betiahata gorakhpur uttar pradesh	5 east avas vikas colony betiahata civil lines	True	0.0	0.0	0.0	0.0	0.0	0.7307692307692308	0.85	0.5454545454545454	0.75	1.0	0.85	STRONG	0.3825
S1-90406410	S2-679115769	S2	White Care LLP	വൈറ്റ് കെയർ എൽഎൽപി	Ka14/391-393 Kannothumchal, P.O.Chovva, Kannur, Kerala	BLOCK E-290 KA14/391-393 KANNOTHUMCHAL, KANNUR, കേരളം	India	India	white care llp		ka14 391 393 kannothumchal p o chovva kannur kerala	block e 290 ka14 391 393 kannothumchal kannur	True	0.0	0.0	0.0	0.0	0.0	0.6875	0.8461538461538461	0.4166666666666667	0.625	0.75	0.8461538461538461	STRONG	0.38076923076923075
S1-648894561	S3-792976560	S3	Supreme Consultants Private Limited	सुप्रीम कंसल्टेंट्स प्राइवेट लिमिटेड	236 & 237, The Galleria Dlf, Second Floor, Mayur Vihar Ext-1, Noida Link Road, New Delhi, East Delhi, Delhi	East Delhi, Door No 236 & 237, New Delhi, दिल्ली	India	India	supreme consultants private limited		236 237 the galleria dlf second floor mayur vihar ext 1 noida link road new delhi east delhi delhi	east delhi door no 236 237 new delhi	True	0.0	0.0	0.0	0.0	0.0	0.3731343283582089	0.8461538461538461	0.2631578947368421	0.7142857142857143	0.6666666666666666	0.8461538461538461	STRONG	0.38076923076923075
S1-216181354	S3-317748253	S3	United Consultants Private Limited	यूनाइटेड कंसल्टेंट्स प्राइवेट लिमिटेड	1/522A, Survey No 52, Rajput Associates, Kolkhe, Panvel, Raigarh(Mh), Maharashtra	001/522A, Panvel, महाराष्ट्र	India	India	united consultants private limited		1 522a survey no 52 rajput associates kolkhe panvel raigarh mh maharashtra	001 522a panvel	True	0.0	0.0	0.0	0.0	0.0	0.2921348314606742	0.8461538461538461	0.15384615384615385	0.6666666666666666	0.25	0.8461538461538461	STRONG	0.38076923076923075
S1-330281696	S2-448188089	S2	New International Private Limited	न्यू इंटरनेशनल प्राइवेट लिमिटेड	B-148, Vikas Vihar Vikas Nagar, Uttam Nagar, New Delhi, West Delhi, Delhi	Delhi, SOUTH WEST DELHI, WEST DELHI, B-148	India	India	new international private limited		b 148 vikas vihar vikas nagar uttam nagar new delhi west delhi delhi	delhi south west delhi west delhi b 148	True	0.0	0.0	0.0	0.0	0.0	0.4672897196261683	0.8421052631578948	0.4	0.8	1.0	0.8421052631578948	STRONG	0.37894736842105264
S1-641579109	S2-196228165	S2	Unique Developers Private Limited	ইউনিক ডেভেলপারস প্রাইভেট লিমিটেড	104/A, Block F, 32 Jnan Goswami Sarani, Kolkata, Kolkata, Howrah, West Bengal	104/A, CALCUTTA, HOWRAH, West Bengal	India	India	unique developers private limited		104 a block f 32 jnan goswami sarani kolkata kolkata howrah west bengal	104 a calcutta howrah west bengal	True	0.0	0.0	0.0	0.0	0.0	0.5961538461538461	0.8421052631578948	0.38461538461538464	0.8333333333333334	0.5	0.8421052631578948	STRONG	0.37894736842105264
S1-499302167	S3-469734598	S3	Shree Industries Private Limited	શ્રી ઇન્ડસ્ટ્રીઝ પ્રાઇવેટ લિમિટેડ	Plot No. 265, G. I. D. C. Estate Sachin, Surat, Gujarat	Surat, Vadodara Region, No 265, GJ, G. I. D. C. Estate Sachin	India	India	shree industries private limited		plot no 265 g i d c estate sachin surat gujarat	surat vadodara region no 265 gj g i d c estate sachin	True	0.0	0.0	0.0	0.0	0.0	0.6	0.8395061728395062	0.6428571428571429	0.8181818181818182	1.0	0.8395061728395062	STRONG	0.3777777777777778
S1-189831319	S2-585273067	S2	Jai Foods Private Limited	जय फूड्स प्राइवेट लिमिटेड	Netawar, Post - Belaon, Siwan, Siwan, Bihar	NETAWAR, SIWAN, NULL, बिहार	India	India	jai foods private limited		netawar post belaon siwan siwan bihar	netawar siwan null	True	0.0	0.0	0.0	0.0	0.0	0.5454545454545454	0.8387096774193549	0.3333333333333333	0.6666666666666666	0.0	0.8387096774193549	STRONG	0.3774193548387097
S1-555090350	S2-956444376	S2	Star Consultancy LLP	स्टार कंसल्टेंसी एलएलपी	103 Raja Gardenring Road, New Delhi, North Delhi, Delhi	DOOR NO 103 RAJA GAROENRING ROAD, NEW DELHI, LONI, Delhi	India	India	star consultancy llp		103 raja gardenring road new delhi north delhi delhi	door no 103 raja garoenring road new delhi loni delhi	True	0.0	0.0	0.0	0.0	0.0	0.8	0.8275862068965517	0.45454545454545453	0.7142857142857143	1.0	0.8275862068965517	STRONG	0.3724137931034483
S1-171653159	S2-531915848	S2	First Hospitality LLP	फर्स्ट हॉस्पिटैलिटी एलएलपी	Wz-351, Delhi, Shakurpur Village, Delhi	WZ-351, WEST DELHI, DELHI, दिल्ली	India	India	first hospitality llp		wz 351 delhi shakurpur village delhi	wz 351 west delhi delhi	True	0.0	0.0	0.0	0.0	0.0	0.6101694915254237	0.8275862068965517	0.5	0.75	1.0	0.8275862068965517	STRONG	0.3724137931034483
S1-777555607	S3-632142415	S3	Digital Ventures Limited	डिजिटल वेंचर्स लिमिटेड	New Delhi, Hari Nagar Extention Baderpur, South Delhi, 12-C, Delhi	12-C, N/A, South Delhi, DL	India	India	digital ventures limited		new delhi hari nagar extention baderpur south delhi 12 c delhi	12 c n a south delhi dl	True	0.0	0.0	0.0	0.0	0.0	0.4705882352941176	0.8205128205128205	0.3333333333333333	0.5714285714285714	1.0	0.8205128205128205	STRONG	0.36923076923076925
S1-966027321	S3-472664232	S3	Probst & Duran Newhold LLC	dprobst.com	Boston, 31 Floyd Street, MA	31 Floyd St, Dorchester Center, Massachusetts	US	US	probst duran newhold llc	dprobst com	boston 31 floyd street ma	31 floyd st dorchester center massachusetts	True	0.45714285714285713	0.5142857142857143	0.0	0.0	0.5142857142857143	0.5294117647058824	0.5294117647058824	0.2222222222222222	0.4	1.0	0.5294117647058824	WEAK	0.52109243697479
S1-609062608	S3-420083497	S3	Surya Investment	Mr Surya Surya Service	No. B-1803, 18Th Floor Ebony Block, Salarpuria Sattva Greenage, Bengaluru, Bangalore, Karnataka		India	India	surya investment	mr surya surya service	no b 1803 18th floor ebony block salarpuria sattva greenage bengaluru bangalore karnataka		True	0.42105263157894735	0.5	0.25	0.5	0.5	0.0	0.0	0.0	0.0	0.0	0.0	WEAK	0.275
S1-308240187	S3-377116427	S3	LB Xrp	LB Partners	3118 Soaring Pines Trail, Conroe, TX		US	US	lb xrp	lb partners	3118 soaring pines trail conroe tx		True	0.4705882352941176	0.5	0.3333333333333333	0.5	0.5	0.0	0.0	0.0	0.0	0.0	0.0	WEAK	0.275
S1-218948566	S3-666592235	S3	Vision Global Solutions Private Limited	विजन ग्लोबल सॉल्यूशंस प्राइवेट लिमिटेड	Pune, Midc, Industrial Estate Bhosari, W51, Pune, Maharashtra	Greater Bombay, MH, W51, Pune	India	India	vision global solutions private limited		pune midc industrial estate bhosari w51 pune maharashtra	greater bombay mh w51 pune	True	0.0	0.0	0.0	0.0	0.0	0.4390243902439024	0.5454545454545454	0.2	0.4	1.0	0.5454545454545454	WEAK	0.24545454545454545
